source,title,client_name,order_number,pacing_type,start_date,end_date,strategy,monthly,total,rate
mcp-Google_Drive-read_file_content-1790029635167.txt,Buyer Training Practice - Taylor,Buyer Training Practice,,impression,2026-10-01,2026-12-31,D-Behavioral,50000.0,150000.0,2.5
mcp-Google_Drive-read_file_content-1790029635167.txt,Buyer Training Practice - Taylor,Buyer Training Practice,,impression,2026-10-01,2026-12-31,D-Geo-Fencing,10000.0,30000.0,2.5
mcp-Google_Drive-read_file_content-1790029635167.txt,Buyer Training Practice - Taylor,Buyer Training Practice,,impression,2026-10-01,2026-12-31,D-Geo-Retargeting,10000.0,30000.0,2.5
mcp-Google_Drive-read_file_content-1790029635167.txt,Buyer Training Practice - Taylor,Buyer Training Practice,,impression,2026-10-01,2026-12-31,D-Keyword Targeting,50000.0,150000.0,2.5
mcp-Google_Drive-read_file_content-1790029635167.txt,Buyer Training Practice - Taylor,Buyer Training Practice,,impression,2026-10-01,2026-12-31,D-AI Targeting,50000.0,150000.0,2.5
mcp-Google_Drive-read_file_content-1790029635167.txt,Buyer Training Practice - Taylor,Buyer Training Practice,,impression,2026-10-01,2026-12-31,D-Website Retargeting,10000.0,30000.0,2.5
mcp-Google_Drive-read_file_content-1790029635167.txt,"Artman Equipment, Inc.","Artman Equipment, Inc.",,impression,2026-01-05,2026-12-31,SM CTV - Retargeting,5000.0,60000.0,12.5
mcp-Google_Drive-read_file_content-1790029635167.txt,Bud's Auto,Bud's Auto,,impression,2026-02-01,2027-01-31,FB - Retargeting,10000.0,120000.0,4.56
mcp-Google_Drive-read_file_content-1790029635167.txt,Bud's Auto #49440,Bud's Auto #49440,49440,click,2026-08-04,2027-01-31,PPC - Keywords,3969.0,23814.0,0.78
mcp-Google_Drive-read_file_content-1790029635167.txt,Comfort Inn - Somerset,Comfort Inn,,impression,2026-07-01,2026-09-30,FB - Category,40000.0,120000.0,5.0
mcp-Google_Drive-read_file_content-1790029635167.txt,Conzatti's Italian Market,Conzatti's Italian Market,,impression,2026-10-01,2026-12-31,FB - Category,20000.0,60000.0,3.5
mcp-Google_Drive-read_file_content-1790029635167.txt,Conzatti's Italian Market,Conzatti's Italian Market,,impression,2026-10-01,2026-12-31,FB - Retargeting,10000.0,30000.0,3.5
mcp-Google_Drive-read_file_content-1790029635167.txt,Conzatti's Italian Market,Conzatti's Italian Market,,impression,2026-10-01,2026-12-31,FB - Custom Audience Matching,10000.0,30000.0,3.5
mcp-Google_Drive-read_file_content-1790029635167.txt,Spory's Locksmith,Spory's Locksmith,,impression,2026-06-23,2026-09-23,V - AI,33333.0,100000.0,5.0
mcp-Google_Drive-read_file_content-1790029635167.txt,Spory's Locksmith,Spory's Locksmith,,impression,2026-06-23,2026-09-23,CTV - AI,8333.0,25000.0,10.0
mcp-Google_Drive-read_file_content-1790029635167.txt,Spory's Locksmith,Spory's Locksmith,,impression,2026-06-23,2026-09-23,CTV - Behavioral,8333.0,25000.0,10.0
mcp-Google_Drive-read_file_content-1790029635167.txt,"Midwest Technical Institute - Springfield, IL #31078",Midwest Technical Institute,31078,impression,2023-06-06,2023-09-30,SM OTT - Retargeting,10000.0,40000.0,25.0
mcp-Google_Drive-read_file_content-1790029635167.txt,"Midwest Technical Institute - Springfield, IL #31078",Midwest Technical Institute,31078,impression,2023-06-06,2023-09-30,SM OTT - AI,12500.0,50000.0,25.0
mcp-Google_Drive-read_file_content-1790029635167.txt,"Midwest Technical Institute - Springfield, IL #31078",Midwest Technical Institute,31078,impression,2023-06-06,2023-09-30,SM OTT - Behavioral,12500.0,50000.0,25.0
mcp-Google_Drive-read_file_content-1790029635167.txt,Midwest Technical Institute - Moline #31079,Midwest Technical Institute,31079,impression,2023-06-06,2023-12-15,SM OTT - Retargeting,10000.0,40000.0,25.0
mcp-Google_Drive-read_file_content-1790029635167.txt,Midwest Technical Institute - Moline #31079,Midwest Technical Institute,31079,impression,2023-06-06,2023-12-15,SM OTT - AI,12500.0,50000.0,25.0
mcp-Google_Drive-read_file_content-1790029635167.txt,Midwest Technical Institute - Moline #31079,Midwest Technical Institute,31079,impression,2023-06-06,2023-12-15,SM OTT - Behavioral,12500.0,50000.0,25.0
mcp-Google_Drive-read_file_content-1790029635167.txt,Midwest Technical Institute - Moline #31079,Midwest Technical Institute,31079,impression,2025-01-23,2025-02-28,SM OTT - Retargeting,10000.0,20000.0,8.0
mcp-Google_Drive-read_file_content-1790029635167.txt,Midwest Technical Institute - Moline #31079,Midwest Technical Institute,31079,impression,2025-01-23,2025-02-28,SM OTT - AI,21667.0,43333.0,8.0
mcp-Google_Drive-read_file_content-1790029635167.txt,Midwest Technical Institute - Moline #31079,Midwest Technical Institute,31079,impression,2025-01-23,2025-02-28,SM OTT - Behavioral,15000.0,30000.0,8.0
mcp-Google_Drive-read_file_content-1790029635167.txt,Midwest Technical Institute - East Peoria #31080,Midwest Technical Institute,31080,impression,2025-01-23,2025-02-28,SM OTT - Retargeting,10000.0,20000.0,8.0
mcp-Google_Drive-read_file_content-1790029635167.txt,Midwest Technical Institute - East Peoria #31080,Midwest Technical Institute,31080,impression,2025-01-23,2025-02-28,SM OTT - AI,21667.0,43333.0,8.0
mcp-Google_Drive-read_file_content-1790029635167.txt,Midwest Technical Institute - East Peoria #31080,Midwest Technical Institute,31080,impression,2025-01-23,2025-02-28,SM OTT - Behavioral,15000.0,30000.0,8.0
mcp-Google_Drive-read_file_content-1790029635167.txt,Midwest Technical Institute - East Peoria #31080,Midwest Technical Institute,31080,impression,2026-03-01,2026-12-15,SM OTT - Retargeting,10000.0,100000.0,14.0
mcp-Google_Drive-read_file_content-1790029635167.txt,Midwest Technical Institute - East Peoria #31080,Midwest Technical Institute,31080,impression,2026-03-01,2026-12-15,SM OTT - AI,25667.0,256667.0,14.0
mcp-Google_Drive-read_file_content-1790029635167.txt,Midwest Technical Institute - East Peoria #31080,Midwest Technical Institute,31080,impression,2026-03-01,2026-12-15,SM OTT - Behavioral,15000.0,150000.0,14.0
mcp-Google_Drive-read_file_content-1790029635167.txt,Midwest Technical Institute - SP IL,Midwest Technical Institute,,impression,2025-01-23,2025-02-28,SM OTT - Retargeting,10000.0,20000.0,8.0
mcp-Google_Drive-read_file_content-1790029635167.txt,Midwest Technical Institute - SP IL,Midwest Technical Institute,,impression,2025-01-23,2025-02-28,SM OTT - AI,21667.0,43333.0,8.0
mcp-Google_Drive-read_file_content-1790029635167.txt,Midwest Technical Institute - SP IL,Midwest Technical Institute,,impression,2025-01-23,2025-02-28,SM OTT - Behavioral,15000.0,30000.0,8.0
mcp-Google_Drive-read_file_content-1790029635167.txt,Midwest Technical Institute - SP MO,Midwest Technical Institute,,impression,2025-01-23,2025-02-28,SM OTT - Retargeting,10000.0,20000.0,8.0
mcp-Google_Drive-read_file_content-1790029635167.txt,Midwest Technical Institute - SP MO,Midwest Technical Institute,,impression,2025-01-23,2025-02-28,SM OTT - AI,21667.0,43333.0,8.0
mcp-Google_Drive-read_file_content-1790029635167.txt,Midwest Technical Institute - SP MO,Midwest Technical Institute,,impression,2025-01-23,2025-02-28,SM OTT - Behavioral,15000.0,30000.0,8.0
mcp-Google_Drive-read_file_content-1790029635167.txt,"Midwest Technical Institute - Springfield, MO #30012",Midwest Technical Institute,30012,impression,2023-06-06,2023-09-30,SM OTT - Retargeting,10000.0,40000.0,25.0
mcp-Google_Drive-read_file_content-1790029635167.txt,"Midwest Technical Institute - Springfield, MO #30012",Midwest Technical Institute,30012,impression,2023-06-06,2023-09-30,SM OTT - AI,12500.0,50000.0,25.0
mcp-Google_Drive-read_file_content-1790029635167.txt,"Midwest Technical Institute - Springfield, MO #30012",Midwest Technical Institute,30012,impression,2023-06-06,2023-09-30,SM OTT - Behavioral,12500.0,50000.0,25.0
mcp-Google_Drive-read_file_content-1790029635167.txt,Midwest Technical Institute - East Peoria #31080,Midwest Technical Institute,31080,impression,2024-01-17,2024-12-15,SM OTT - Retargeting,10000.0,120000.0,25.0
mcp-Google_Drive-read_file_content-1790029635167.txt,Midwest Technical Institute - East Peoria #31080,Midwest Technical Institute,31080,impression,2024-01-17,2024-12-15,SM OTT - AI,13900.0,166800.0,25.0
mcp-Google_Drive-read_file_content-1790029635167.txt,Midwest Technical Institute - East Peoria 36525,Midwest Technical Institute,,impression,2024-01-17,2024-12-15,MC - Retargeting,6666.0,79992.0,3.5
mcp-Google_Drive-read_file_content-1790029635167.txt,Midwest Technical Institute - East Peoria 36525,Midwest Technical Institute,,impression,2024-01-17,2024-12-15,MC - Geo-Fencing,33333.0,400000.0,3.5
mcp-Google_Drive-read_file_content-1790029635167.txt,Midwest Technical Institute - Moline,Midwest Technical Institute,,impression,2024-01-17,2024-12-15,MC - Retargeting,6666.0,79992.0,3.5
mcp-Google_Drive-read_file_content-1790029635167.txt,Midwest Technical Institute - Moline,Midwest Technical Institute,,impression,2024-01-17,2024-12-15,MC - Geo-Fencing,33333.0,400000.0,3.5
mcp-Google_Drive-read_file_content-1790029635167.txt,Midwest Technical Institute - SP IL,Midwest Technical Institute,,impression,2024-01-17,2024-12-15,MC - Retargeting,6666.0,79992.0,3.5
mcp-Google_Drive-read_file_content-1790029635167.txt,Midwest Technical Institute - SP IL,Midwest Technical Institute,,impression,2024-01-17,2024-12-15,MC - Geo-Fencing,33333.0,400000.0,3.5
mcp-Google_Drive-read_file_content-1790029635167.txt,Midwest Technical Institute - SP MO,Midwest Technical Institute,,impression,2024-01-17,2024-12-15,MC - Retargeting,6666.0,79992.0,3.5
mcp-Google_Drive-read_file_content-1790029635167.txt,Midwest Technical Institute - SP MO,Midwest Technical Institute,,impression,2024-01-17,2024-12-15,MC - Geo-Fencing,33333.0,400000.0,3.5
mcp-Google_Drive-read_file_content-1790029635167.txt,Redding Rancheria #30225,Redding Rancheria #30225,30225,impression,2023-10-04,2023-12-31,SM - B2B B,88235.0,264705.0,3.0
mcp-Google_Drive-read_file_content-1790029635167.txt,Redding Rancheria #36571,Redding Rancheria #36571,36571,impression,2024-01-17,2024-12-31,SM - B2B B,117647.0,352941.0,3.0
mcp-Google_Drive-read_file_content-1790029635167.txt,Redding Rancheria #36571,Redding Rancheria #36571,36571,impression,2024-01-17,2024-12-31,OTT - B2B B,47619.0,142857.0,13.0
mcp-Google_Drive-read_file_content-1790029635167.txt,Redding Rancheria Tribal Health System - Healthcare,Redding Rancheria Tribal Health System,,impression,2023-10-18,2023-10-31,SM - B,80000.0,80000.0,2.0
mcp-Google_Drive-read_file_content-1790029635167.txt,Redding Rancheria Tribal Health System - Healthcare,Redding Rancheria Tribal Health System,,impression,2023-10-18,2023-10-31,SM - AI,117058.0,117058.0,2.0
mcp-Google_Drive-read_file_content-1790029635167.txt,Redding Rancheria Tribal Health System - Healthcare,Redding Rancheria Tribal Health System,,impression,2023-10-18,2023-10-31,SM - KW,30000.0,30000.0,2.0
mcp-Google_Drive-read_file_content-1790029635167.txt,Redding Rancheria Tribal Health System - Healthcare,Redding Rancheria Tribal Health System,,impression,2023-10-18,2023-10-31,SM - R,10000.0,10000.0,2.0
mcp-Google_Drive-read_file_content-1790029635167.txt,Redding Rancheria Tribal Health System - Healthcare,Redding Rancheria Tribal Health System,,impression,2023-10-18,2023-10-31,SM - GF,5000.0,5000.0,2.0
mcp-Google_Drive-read_file_content-1790029635167.txt,Redding Rancheria Tribal Health System - Healthcare,Redding Rancheria Tribal Health System,,impression,2023-10-18,2023-10-31,SM - GR,5000.0,5000.0,2.0
mcp-Google_Drive-read_file_content-1790029635167.txt,Redding Rancheria Tribal Health System - Healthcare,Redding Rancheria Tribal Health System,,impression,2023-11-08,2023-12-31,SM - B,40000.0,80000.0,2.0
mcp-Google_Drive-read_file_content-1790029635167.txt,Redding Rancheria Tribal Health System - Healthcare,Redding Rancheria Tribal Health System,,impression,2023-11-08,2023-12-31,SM - AI,82000.0,164000.0,2.0
mcp-Google_Drive-read_file_content-1790029635167.txt,Redding Rancheria Tribal Health System - Healthcare,Redding Rancheria Tribal Health System,,impression,2023-11-08,2023-12-31,SM - KW,22706.0,45411.0,2.0
mcp-Google_Drive-read_file_content-1790029635167.txt,Shasta County HHSA,Shasta County HHSA,,impression,2023-10-18,2023-11-30,D AI,90000.0,90000.0,2.0
mcp-Google_Drive-read_file_content-1790029635167.txt,Shasta County HHSA,Shasta County HHSA,,impression,2023-10-18,2023-11-30,D B,60000.0,60000.0,2.0
mcp-Google_Drive-read_file_content-1790029635167.txt,Shasta County HHSA,Shasta County HHSA,,impression,2023-10-18,2023-11-30,D KW,30000.0,30000.0,2.0
mcp-Google_Drive-read_file_content-1790029635167.txt,Redding Home Expo #30549,Redding Home Expo #30549,30549,impression,2023-03-14,2023-03-25,SM - B,30000.0,30000.0,2.0
mcp-Google_Drive-read_file_content-1790029635167.txt,Redding Home Expo #30549,Redding Home Expo #30549,30549,impression,2023-03-14,2023-03-25,SM - KW,20000.0,20000.0,2.0
mcp-Google_Drive-read_file_content-1790029635167.txt,Redding Home Expo #30549,Redding Home Expo #30549,30549,impression,2023-03-14,2023-03-25,SM - AI,50000.0,50000.0,2.0
mcp-Google_Drive-read_file_content-1790029635167.txt,Redding Rancheria,Redding Rancheria,,impression,2025-01-15,2025-01-31,OTT - B,35714.0,35714.0,13.0
mcp-Google_Drive-read_file_content-1790029635167.txt,Redding Sunrise Rotary #33508,Redding Sunrise Rotary #33508,33508,impression,2023-08-16,2023-09-15,SM - AI,62000.0,62000.0,2.0
mcp-Google_Drive-read_file_content-1790029635167.txt,Redding Sunrise Rotary #33508,Redding Sunrise Rotary #33508,33508,impression,2023-08-16,2023-09-15,SM - B,30000.0,30000.0,2.0
mcp-Google_Drive-read_file_content-1790029635167.txt,Redding Sunrise Rotary #33508,Redding Sunrise Rotary #33508,33508,impression,2023-08-16,2023-09-15,SM - KW,20000.0,20000.0,2.0
mcp-Google_Drive-read_file_content-1790029635167.txt,Shasta County Sheriff's Office,Shasta County Sheriff's Office,,impression,2022-11-22,2022-12-31,SM - AI,140000.0,140000.0,2.0
mcp-Google_Drive-read_file_content-1790029635167.txt,Shasta County Sheriff's Office,Shasta County Sheriff's Office,,impression,2022-11-22,2022-12-31,SM - Behavioral,100000.0,100000.0,2.0
mcp-Google_Drive-read_file_content-1790029635167.txt,Shasta County Sheriff's Office,Shasta County Sheriff's Office,,impression,2022-11-22,2022-12-31,SM - Keyword,40000.0,40000.0,2.0
mcp-Google_Drive-read_file_content-1790029635167.txt,Shasta District Fair & Event Center #31931,Shasta District Fair & Event Center #31931,31931,impression,2023-05-23,2023-06-19,SM - Behavioral,33333.0,33333.0,2.0
mcp-Google_Drive-read_file_content-1790029635167.txt,Shasta District Fair & Event Center #31931,Shasta District Fair & Event Center #31931,31931,impression,2023-05-23,2023-06-19,SM - AI,33333.0,33333.0,2.0
mcp-Google_Drive-read_file_content-1790029635167.txt,Shasta District Fair & Event Center #31931,Shasta District Fair & Event Center #31931,31931,impression,2023-05-23,2023-06-19,SM - Keyword,33333.0,33333.0,2.0
mcp-Google_Drive-read_file_content-1790029635167.txt,WaterWorks Park,WaterWorks Park,,impression,2023-04-14,2023-04-30,SM - AI,60000.0,60000.0,2.0
mcp-Google_Drive-read_file_content-1790029635167.txt,WaterWorks Park,WaterWorks Park,,impression,2023-04-14,2023-04-30,SM - Behavioral,40000.0,40000.0,2.0
mcp-Google_Drive-read_file_content-1790029635167.txt,WaterWorks Park,WaterWorks Park,,impression,2023-04-14,2023-04-30,SM - Keyword,30000.0,30000.0,2.0
mcp-Google_Drive-read_file_content-1790029635167.txt,WaterWorks Park,WaterWorks Park,,impression,2023-04-14,2023-04-30,SM - Retargeting,10000.0,10000.0,2.0
mcp-Google_Drive-read_file_content-1790029635167.txt,WaterWorks Park Local,WaterWorks Park Local,,impression,2023-05-30,2023-06-30,SM - AI,95294.0,95294.0,2.0
mcp-Google_Drive-read_file_content-1790029635167.txt,WaterWorks Park Local,WaterWorks Park Local,,impression,2023-05-30,2023-06-30,SM - Behavioral,50000.0,50000.0,2.0
mcp-Google_Drive-read_file_content-1790029635167.txt,WaterWorks Park Local,WaterWorks Park Local,,impression,2023-05-30,2023-06-30,SM - Keyword,20000.0,20000.0,2.0
mcp-Google_Drive-read_file_content-1790029635167.txt,WaterWorks Park Local,WaterWorks Park Local,,impression,2023-05-30,2023-06-30,SM - Retargeting,10000.0,10000.0,2.0
mcp-Google_Drive-read_file_content-1790029635167.txt,WaterWorks Park Local,WaterWorks Park Local,,impression,2023-05-30,2023-06-30,SM - Custom Audience,5000.0,5000.0,2.0
mcp-Google_Drive-read_file_content-1790029635167.txt,WaterWorks Park Local,WaterWorks Park Local,,impression,2023-05-30,2023-06-30,SM - Lookalike,5000.0,5000.0,2.0
mcp-Google_Drive-read_file_content-1790029635167.txt,WaterWorks Park OOM,WaterWorks Park OOM,,impression,2023-06-05,2023-06-30,SM - AI,120000.0,120000.0,2.0
mcp-Google_Drive-read_file_content-1790029635167.txt,WaterWorks Park OOM,WaterWorks Park OOM,,impression,2023-06-05,2023-06-30,SM - Behavioral,90000.0,90000.0,2.0
mcp-Google_Drive-read_file_content-1790029635167.txt,WaterWorks Park OOM,WaterWorks Park OOM,,impression,2023-06-05,2023-06-30,SM - Keyword,37647.0,37647.0,2.0
mcp-Google_Drive-read_file_content-1790029635167.txt,WaterWorks Park OOM,WaterWorks Park OOM,,impression,2023-06-05,2023-06-30,SM - Retargeting,10000.0,10000.0,2.0
mcp-Google_Drive-read_file_content-1790029635167.txt,WaterWorks Park OOM,WaterWorks Park OOM,,impression,2023-06-05,2023-06-30,SM - Custom Audience,5000.0,5000.0,2.0
mcp-Google_Drive-read_file_content-1790029635167.txt,WaterWorks Park OOM,WaterWorks Park OOM,,impression,2023-06-05,2023-06-30,SM - Lookalike,5000.0,5000.0,2.0
mcp-Google_Drive-read_file_content-1790029635167.txt,Win-River Resort & Casino #22778,Win-River Resort & Casino #22778,22778,impression,2022-01-10,2022-12-31,OTT with Visit Tracking Categories,80000.0,560000.0,20.0
mcp-Google_Drive-read_file_content-1790029635167.txt,Win-River Resort & Casino #22778,Win-River Resort & Casino #22778,22778,impression,2022-01-10,2022-12-31,OTT with Visit Tracking Geo-Targeting,60000.0,420000.0,20.0
mcp-Google_Drive-read_file_content-1790029635167.txt,Tribal Community Coordinating Center,Tribal Community Coordinating Center,,impression,2024-02-09,2023-06-30,OTT - Native/Tobacco/Wellness Categories,250000.0,1250000.0,20.0
mcp-Google_Drive-read_file_content-1790029635167.txt,Dunham - Albany NY 11.4.26 #55269,Dunham,55269,impression,2026-07-21,2026-08-19,FB/IG - Cross Platform,,,
mcp-Google_Drive-read_file_content-1790029635167.txt,Dunham - Albany NY 11.4.26 #55269,Dunham,55269,impression,2026-07-21,2026-08-19,FB/IG - Retargeting,60000.0,60000.0,3.5
mcp-Google_Drive-read_file_content-1790029635167.txt,Dunham - Albany NY 11.4.26 #55269,Dunham,55269,impression,2026-07-21,2026-08-19,FB/IG - Categories,60000.0,60000.0,3.5
mcp-Google_Drive-read_file_content-1790029635167.txt,Dunham - Albany NY 11.4.26 #55269,Dunham,55269,impression,2026-09-14,2026-09-28,FB/IG - Cross Platform,,,
mcp-Google_Drive-read_file_content-1790029635167.txt,Dunham - Albany NY 11.4.26 #55269,Dunham,55269,impression,2026-09-14,2026-09-28,FB/IG - Retargeting,10000.0,10000.0,3.5
mcp-Google_Drive-read_file_content-1790029635167.txt,Dunham - Albany NY 11.4.26 #55269,Dunham,55269,impression,2026-09-14,2026-09-28,FB/IG - Categories,16666.0,16666.0,3.5
mcp-Google_Drive-read_file_content-1790029635167.txt,Dunham - Cleveland 11.7.26 #54997,Dunham,54997,impression,2026-07-21,2026-08-19,FB/IG - Cross Platform,,,
mcp-Google_Drive-read_file_content-1790029635167.txt,Dunham - Cleveland 11.7.26 #54997,Dunham,54997,impression,2026-07-21,2026-08-19,FB/IG - Retargeting,60000.0,60000.0,3.5
mcp-Google_Drive-read_file_content-1790029635167.txt,Dunham - Cleveland 11.7.26 #54997,Dunham,54997,impression,2026-07-21,2026-08-19,FB/IG - Categories,60000.0,60000.0,3.5
mcp-Google_Drive-read_file_content-1790029635167.txt,Dunham - Cleveland 11.7.26 #54997,Dunham,54997,impression,2026-09-14,2026-09-28,FB/IG - Cross Platform,,,
mcp-Google_Drive-read_file_content-1790029635167.txt,Dunham - Cleveland 11.7.26 #54997,Dunham,54997,impression,2026-09-14,2026-09-28,FB/IG - Retargeting,10000.0,10000.0,3.5
mcp-Google_Drive-read_file_content-1790029635167.txt,Dunham - Cleveland 11.7.26 #54997,Dunham,54997,impression,2026-09-14,2026-09-28,FB/IG - Categories,16666.0,16666.0,3.5
mcp-Google_Drive-read_file_content-1790029635167.txt,Dunham - Estero FL 12.12.26 #55275,Dunham,55275,impression,2026-07-21,2026-08-19,FB/IG - Cross Platform,,,
mcp-Google_Drive-read_file_content-1790029635167.txt,Dunham - Estero FL 12.12.26 #55275,Dunham,55275,impression,2026-07-21,2026-08-19,FB/IG - Retargeting,60000.0,60000.0,3.5
mcp-Google_Drive-read_file_content-1790029635167.txt,Dunham - Estero FL 12.12.26 #55275,Dunham,55275,impression,2026-07-21,2026-08-19,FB/IG - Categories,60000.0,60000.0,3.5
mcp-Google_Drive-read_file_content-1790029635167.txt,Dunham - Estero FL 12.12.26 #55275,Dunham,55275,impression,2026-09-14,2026-10-05,FB/IG - Cross Platform,,,
mcp-Google_Drive-read_file_content-1790029635167.txt,Dunham - Estero FL 12.12.26 #55275,Dunham,55275,impression,2026-09-14,2026-10-05,FB/IG - Retargeting,20000.0,20000.0,3.5
mcp-Google_Drive-read_file_content-1790029635167.txt,Dunham - Estero FL 12.12.26 #55275,Dunham,55275,impression,2026-09-14,2026-10-05,FB/IG - Categories,20000.0,20000.0,3.5
mcp-Google_Drive-read_file_content-1790029635167.txt,Dunham - Pensacola FL 12.11.26 #55272,Dunham,55272,impression,2026-07-21,2026-08-19,FB/IG - Cross Platform,,,
mcp-Google_Drive-read_file_content-1790029635167.txt,Dunham - Pensacola FL 12.11.26 #55272,Dunham,55272,impression,2026-07-21,2026-08-19,FB/IG - Retargeting,60000.0,60000.0,3.5
mcp-Google_Drive-read_file_content-1790029635167.txt,Dunham - Pensacola FL 12.11.26 #55272,Dunham,55272,impression,2026-07-21,2026-08-19,FB/IG - Categories,60000.0,60000.0,3.5
mcp-Google_Drive-read_file_content-1790029635167.txt,Dunham - Pensacola FL 12.11.26 #55272,Dunham,55272,impression,2026-09-14,2026-10-05,FB/IG - Cross Platform,,,
mcp-Google_Drive-read_file_content-1790029635167.txt,Dunham - Pensacola FL 12.11.26 #55272,Dunham,55272,impression,2026-09-14,2026-10-05,FB/IG - Retargeting,20000.0,20000.0,3.5
mcp-Google_Drive-read_file_content-1790029635167.txt,Dunham - Pensacola FL 12.11.26 #55272,Dunham,55272,impression,2026-09-14,2026-10-05,FB/IG - Categories,20000.0,20000.0,3.5
mcp-Google_Drive-read_file_content-1790029635167.txt,Dunham - Poughkeepsie NY 11.21.26 #55279,Dunham,55279,impression,2026-08-17,2026-09-16,FB/IG - Cross Platform,,,
mcp-Google_Drive-read_file_content-1790029635167.txt,Dunham - Poughkeepsie NY 11.21.26 #55279,Dunham,55279,impression,2026-08-17,2026-09-16,FB/IG - Retargeting,50000.0,50000.0,3.5
mcp-Google_Drive-read_file_content-1790029635167.txt,Dunham - Poughkeepsie NY 11.21.26 #55279,Dunham,55279,impression,2026-08-17,2026-09-16,FB/IG - Categories,50000.0,50000.0,3.5
mcp-Google_Drive-read_file_content-1790029635167.txt,Dunham - Poughkeepsie NY 11.21.26 #55279,Dunham,55279,impression,2026-09-17,2026-09-28,FB/IG - Cross Platform,,,
mcp-Google_Drive-read_file_content-1790029635167.txt,Dunham - Poughkeepsie NY 11.21.26 #55279,Dunham,55279,impression,2026-09-17,2026-09-28,FB/IG - Retargeting,10000.0,10000.0,3.5
mcp-Google_Drive-read_file_content-1790029635167.txt,Dunham - Poughkeepsie NY 11.21.26 #55279,Dunham,55279,impression,2026-09-17,2026-09-28,FB/IG - Categories,16666.0,16666.0,3.5
mcp-Google_Drive-read_file_content-1790029635167.txt,Dunham - Shreveport LA 12.13.26 #55273,Dunham,55273,impression,2026-07-21,2026-08-19,FB/IG - Cross Platform,,,
mcp-Google_Drive-read_file_content-1790029635167.txt,Dunham - Shreveport LA 12.13.26 #55273,Dunham,55273,impression,2026-07-21,2026-08-19,FB/IG - Retargeting,60000.0,60000.0,3.5
mcp-Google_Drive-read_file_content-1790029635167.txt,Dunham - Shreveport LA 12.13.26 #55273,Dunham,55273,impression,2026-07-21,2026-08-19,FB/IG - Categories,60000.0,60000.0,3.5
mcp-Google_Drive-read_file_content-1790029635167.txt,Dunham - Shreveport LA 12.13.26 #55273,Dunham,55273,impression,2026-09-14,2026-09-28,FB/IG - Cross Platform,,,
mcp-Google_Drive-read_file_content-1790029635167.txt,Dunham - Shreveport LA 12.13.26 #55273,Dunham,55273,impression,2026-09-14,2026-09-28,FB/IG - Retargeting,10000.0,10000.0,3.5
mcp-Google_Drive-read_file_content-1790029635167.txt,Dunham - Shreveport LA 12.13.26 #55273,Dunham,55273,impression,2026-09-14,2026-09-28,FB/IG - Categories,16666.0,16666.0,3.5
mcp-Google_Drive-read_file_content-1790029635167.txt,Dunham - Utica NY 11.21.26 #55274,Dunham,55274,impression,2026-07-21,2026-08-19,FB/IG - Cross Platform,,,
mcp-Google_Drive-read_file_content-1790029635167.txt,Dunham - Utica NY 11.21.26 #55274,Dunham,55274,impression,2026-07-21,2026-08-19,FB/IG - Retargeting,60000.0,60000.0,3.5
mcp-Google_Drive-read_file_content-1790029635167.txt,Dunham - Utica NY 11.21.26 #55274,Dunham,55274,impression,2026-07-21,2026-08-19,FB/IG - Categories,60000.0,60000.0,3.5
mcp-Google_Drive-read_file_content-1790029635167.txt,Dunham - Utica NY 11.21.26 #55274,Dunham,55274,impression,2026-09-14,2026-09-28,FB/IG - Cross Platform,,,
mcp-Google_Drive-read_file_content-1790029635167.txt,Dunham - Utica NY 11.21.26 #55274,Dunham,55274,impression,2026-09-14,2026-09-28,FB/IG - Retargeting,10000.0,10000.0,3.5
mcp-Google_Drive-read_file_content-1790029635167.txt,Dunham - Utica NY 11.21.26 #55274,Dunham,55274,impression,2026-09-14,2026-09-28,FB/IG - Categories,16666.0,16666.0,3.5
mcp-Google_Drive-read_file_content-1790029635167.txt,Dunham - Waukegan IL 10.22.26 #55280,Dunham,55280,impression,2026-07-21,2026-08-19,FB/IG - Cross Platform,,,
mcp-Google_Drive-read_file_content-1790029635167.txt,Dunham - Waukegan IL 10.22.26 #55280,Dunham,55280,impression,2026-07-21,2026-08-19,FB/IG - Retargeting,50000.0,50000.0,3.5
mcp-Google_Drive-read_file_content-1790029635167.txt,Dunham - Waukegan IL 10.22.26 #55280,Dunham,55280,impression,2026-07-21,2026-08-19,FB/IG - Categories,50000.0,50000.0,3.5
mcp-Google_Drive-read_file_content-1790029635167.txt,Dunham - Waukegan IL 10.22.26 #55280,Dunham,55280,impression,2026-09-14,2026-09-21,FB/IG - Cross Platform,,,
mcp-Google_Drive-read_file_content-1790029635167.txt,Dunham - Waukegan IL 10.22.26 #55280,Dunham,55280,impression,2026-09-14,2026-09-21,FB/IG - Retargeting,10000.0,10000.0,3.5
mcp-Google_Drive-read_file_content-1790029635167.txt,Dunham - Waukegan IL 10.22.26 #55280,Dunham,55280,impression,2026-09-14,2026-09-21,FB/IG - Categories,10000.0,10000.0,3.5
mcp-Google_Drive-read_file_content-1790029635167.txt,Dunham - Wilkes-Barre PA 11.19.26 #55276,Dunham,55276,impression,2026-07-21,2026-08-19,FB/IG - Cross Platform,,,
mcp-Google_Drive-read_file_content-1790029635167.txt,Dunham - Wilkes-Barre PA 11.19.26 #55276,Dunham,55276,impression,2026-07-21,2026-08-19,FB/IG - Retargeting,40000.0,40000.0,3.5
mcp-Google_Drive-read_file_content-1790029635167.txt,Dunham - Wilkes-Barre PA 11.19.26 #55276,Dunham,55276,impression,2026-07-21,2026-08-19,FB/IG - Categories,40000.0,40000.0,3.5
mcp-Google_Drive-read_file_content-1790029635167.txt,Dunham - Wilkes-Barre PA 11.19.26 #55276,Dunham,55276,impression,2026-09-14,2026-09-28,FB/IG - Cross Platform,,,
mcp-Google_Drive-read_file_content-1790029635167.txt,Dunham - Wilkes-Barre PA 11.19.26 #55276,Dunham,55276,impression,2026-09-14,2026-09-28,FB/IG - Retargeting,10000.0,10000.0,3.5
mcp-Google_Drive-read_file_content-1790029635167.txt,Dunham - Wilkes-Barre PA 11.19.26 #55276,Dunham,55276,impression,2026-09-14,2026-09-28,FB/IG - Categories,16666.0,16666.0,3.5
mcp-Google_Drive-read_file_content-1790029635167.txt,The Well Comedy Club - Brand Awareness #54230,The Well Comedy Club,54230,impression,2026-08-27,2026-10-26,MC - Categories,16111.0,32222.0,3.5
mcp-Google_Drive-read_file_content-1790029635167.txt,The Well Comedy Club - Brand Awareness #54230,The Well Comedy Club,54230,impression,2026-08-27,2026-10-26,MC - Geo-Fencing,10000.0,20000.0,3.5
mcp-Google_Drive-read_file_content-1790029635167.txt,The Well Comedy Club - Brand Awareness #54230,The Well Comedy Club,54230,impression,2026-08-27,2026-10-26,MC - Geo-Retargeting,5000.0,10000.0,3.5
mcp-Google_Drive-read_file_content-1790029635167.txt,The Well Comedy Club - Brand Awareness #54230,The Well Comedy Club,54230,impression,2026-08-27,2026-10-26,MC - Site Retargeting,5000.0,10000.0,3.5
mcp-Google_Drive-read_file_content-1790029635167.txt,The Well Comedy Club - TJ Miller #55986,The Well Comedy Club,55986,impression,2026-09-03,2026-10-15,FB/IG - Cross Platform,10000.0,10000.0,3.5
mcp-Google_Drive-read_file_content-1790029635167.txt,The Well Comedy Club - TJ Miller #55986,The Well Comedy Club,55986,impression,2026-09-03,2026-10-15,FB/IG - Retargeting,10000.0,10000.0,3.5
mcp-Google_Drive-read_file_content-1790029635167.txt,The Well Comedy Club - TJ Miller #55986,The Well Comedy Club,55986,impression,2026-09-03,2026-10-15,FB/IG - Categories,24444.0,24444.0,3.5
mcp-Google_Drive-read_file_content-1790029635167.txt,The Well Comedy Club - TJ Miller #55986,The Well Comedy Club,55986,impression,2026-09-16,2026-10-15,MC - Categories,20000.0,20000.0,3.5
mcp-Google_Drive-read_file_content-1790029635167.txt,The Well Comedy Club - TJ Miller #55986,The Well Comedy Club,55986,impression,2026-09-16,2026-10-15,MC - Geo-Fencing,20000.0,20000.0,3.5
mcp-Google_Drive-read_file_content-1790029635167.txt,The Well Comedy Club - TJ Miller #55986,The Well Comedy Club,55986,impression,2026-09-16,2026-10-15,MC - Site Retargeting,7000.0,7000.0,3.5
mcp-Google_Drive-read_file_content-1790029635167.txt,The Well Comedy Club - TJ Miller #55986,The Well Comedy Club,55986,impression,2026-09-16,2026-10-15,MC - Geo-Retargeting,3000.0,3000.0,3.5
mcp-Google_Drive-read_file_content-1790029635167.txt,Tommy Davidson #56219,Tommy Davidson #56219,56219,impression,2026-09-14,2026-10-13,FB/IG - Categories,57600.0,57600.0,3.5
mcp-Google_Drive-read_file_content-1790029635167.txt,AMAZ - RFTW - Atlanta #55872,AMAZ,55872,impression,2026-08-31,2026-09-30,FB/IG - Categories,60000.0,60000.0,3.5
mcp-Google_Drive-read_file_content-1790029635167.txt,Troutman - Zapp Palm Springs #56042,Troutman,56042,impression,2026-09-07,2026-10-23,FB/IG - Cross Platform,10000.0,20000.0,3.5
mcp-Google_Drive-read_file_content-1790029635167.txt,Troutman - Zapp Palm Springs #56042,Troutman,56042,impression,2026-09-07,2026-10-23,FB/IG - Retargeting,10000.0,20000.0,3.5
mcp-Google_Drive-read_file_content-1790029635167.txt,Troutman - Zapp Palm Springs #56042,Troutman,56042,impression,2026-09-07,2026-10-23,FB/IG - Categories,52000.0,104000.0,3.5
mcp-Google_Drive-read_file_content-1790029635167.txt,Troutman - Zapp Palm Springs #56042,Troutman,56042,impression,2026-09-04,2026-10-23,MC - Categories,34000.0,68000.0,3.5
mcp-Google_Drive-read_file_content-1790029635167.txt,Troutman - Zapp Palm Springs #56042,Troutman,56042,impression,2026-09-04,2026-10-23,MC - Geo-Fencing,33000.0,66000.0,3.5
mcp-Google_Drive-read_file_content-1790029635167.txt,Troutman - Zapp Palm Springs #56042,Troutman,56042,impression,2026-09-04,2026-10-23,MC - Geo-Retargeting,33000.0,66000.0,3.5
mcp-Google_Drive-read_file_content-1790029635167.txt,Armada Advisors #53174,Armada Advisors #53174,53174,impression,2026-05-01,2026-10-31,CTV - Retargeting,8333.0,50000.0,12.0
mcp-Google_Drive-read_file_content-1790029635167.txt,Armada Advisors #53174,Armada Advisors #53174,53174,impression,2026-05-01,2026-10-31,CTV - Behavioral,8333.0,50000.0,12.0
mcp-Google_Drive-read_file_content-1790029635167.txt,Armada Advisors #53174,Armada Advisors #53174,53174,impression,2026-05-01,2026-10-31,CTV - AI,8333.0,50000.0,12.0
mcp-Google_Drive-read_file_content-1790029635167.txt,Burns Estate Planning and Wealth Advisors #44028,Burns Estate Planning and Wealth Advisors #44028,44028,impression,2026-08-13,2026-10-09,135260,,,
mcp-Google_Drive-read_file_content-1790029635167.txt,Burns Estate Planning and Wealth Advisors #44028,Burns Estate Planning and Wealth Advisors #44028,44028,impression,2026-08-13,2026-10-09,Retargeting Display,1000.0,2000.0,2.5
mcp-Google_Drive-read_file_content-1790029635167.txt,Burns Estate Planning and Wealth Advisors #44028,Burns Estate Planning and Wealth Advisors #44028,44028,impression,2026-08-13,2026-10-09,Behavioral Display,54000.0,108000.0,2.5
mcp-Google_Drive-read_file_content-1790029635167.txt,Burns Estate Planning and Wealth Advisors #44028,Burns Estate Planning and Wealth Advisors #44028,44028,impression,2026-08-13,2026-10-09,AI Display,45000.0,90000.0,2.5
mcp-Google_Drive-read_file_content-1790029635167.txt,Burns Estate Planning and Wealth Advisors #44028,Burns Estate Planning and Wealth Advisors #44028,44028,impression,2026-08-13,2026-10-09,132436,,,
mcp-Google_Drive-read_file_content-1790029635167.txt,Burns Estate Planning and Wealth Advisors #44028,Burns Estate Planning and Wealth Advisors #44028,44028,impression,2026-08-13,2026-10-09,Retargeting Native,1000.0,2000.0,2.5
mcp-Google_Drive-read_file_content-1790029635167.txt,Burns Estate Planning and Wealth Advisors #44028,Burns Estate Planning and Wealth Advisors #44028,44028,impression,2026-08-13,2026-10-09,Behavioral Native,54000.0,108000.0,2.5
mcp-Google_Drive-read_file_content-1790029635167.txt,Burns Estate Planning and Wealth Advisors #44028,Burns Estate Planning and Wealth Advisors #44028,44028,impression,2026-08-13,2026-10-09,AI Native,45000.0,90000.0,2.5
mcp-Google_Drive-read_file_content-1790029635167.txt,Cantonment Fencing #55770,Cantonment Fencing #55770,55770,impression,2026-08-18,2026-11-15,SM - Keyword,40000.0,120000.0,3.0
mcp-Google_Drive-read_file_content-1790029635167.txt,Cantonment Fencing #55770,Cantonment Fencing #55770,55770,impression,2026-08-18,2026-11-15,SM - Behavioral,50000.0,150000.0,3.0
mcp-Google_Drive-read_file_content-1790029635167.txt,Cantonment Fencing #55770,Cantonment Fencing #55770,55770,impression,2026-08-18,2026-11-15,SM - Retargeting,5000.0,15000.0,3.0
mcp-Google_Drive-read_file_content-1790029635167.txt,Cantonment Fencing #55770,Cantonment Fencing #55770,55770,impression,2026-08-18,2026-11-15,SM - Retargeting Lookalike,5000.0,15000.0,3.0
mcp-Google_Drive-read_file_content-1790029635167.txt,City of Pensacola Parks & Recreation #53619,City of Pensacola Parks & Recreation #53619,53619,impression,2026-06-06,2026-10-06,SM - Retargeting,34000.0,136000.0,3.0
mcp-Google_Drive-read_file_content-1790029635167.txt,City of Pensacola Parks & Recreation #53619,City of Pensacola Parks & Recreation #53619,53619,impression,2026-06-06,2026-10-06,SM - Keyword,33000.0,132000.0,3.0
mcp-Google_Drive-read_file_content-1790029635167.txt,City of Pensacola Parks & Recreation #53619,City of Pensacola Parks & Recreation #53619,53619,impression,2026-06-06,2026-10-06,SM - Behavioral,33000.0,132000.0,3.0
mcp-Google_Drive-read_file_content-1790029635167.txt,Eglin Federal Credit Union #51610,Eglin Federal Credit Union #51610,51610,impression,2026-06-09,2026-08-31,132232,,,
mcp-Google_Drive-read_file_content-1790029635167.txt,Eglin Federal Credit Union #51610,Eglin Federal Credit Union #51610,51610,impression,2026-06-09,2026-08-31,Audio - Behavioral,11250.0,33750.0,13.0
mcp-Google_Drive-read_file_content-1790029635167.txt,Eglin Federal Credit Union #51610,Eglin Federal Credit Union #51610,51610,impression,2026-06-09,2026-08-31,Audio - AI,11250.0,33750.0,13.0
mcp-Google_Drive-read_file_content-1790029635167.txt,Express Employment Pensacola #54551,Express Employment Pensacola #54551,54551,impression,2026-07-08,2026-12-31,131893,,,
mcp-Google_Drive-read_file_content-1790029635167.txt,Express Employment Pensacola #54551,Express Employment Pensacola #54551,54551,impression,2026-07-08,2026-12-31,Display - Behavioral,12500.0,75000.0,2.5
mcp-Google_Drive-read_file_content-1790029635167.txt,Express Employment Pensacola #54551,Express Employment Pensacola #54551,54551,impression,2026-07-08,2026-12-31,Display - Keyword,12500.0,75000.0,2.5
mcp-Google_Drive-read_file_content-1790029635167.txt,Express Employment Pensacola #54551,Express Employment Pensacola #54551,54551,impression,2026-07-08,2026-12-31,Display - Geo-Fencing,12500.0,75000.0,2.5
mcp-Google_Drive-read_file_content-1790029635167.txt,Express Employment Pensacola #54551,Express Employment Pensacola #54551,54551,impression,2026-07-08,2026-12-31,Display - Geo-Retargeting,12500.0,75000.0,2.5
mcp-Google_Drive-read_file_content-1790029635167.txt,George Stone Technical College #54895,George Stone Technical College #54895,54895,impression,2026-09-09,2026-06-30,FB/IG Premium - Retargeting,30000.0,300000.0,2.5
mcp-Google_Drive-read_file_content-1790029635167.txt,George Stone Technical College #54895,George Stone Technical College #54895,54895,impression,2026-09-09,2026-06-30,FB/IG Premium - Categories,30000.0,300000.0,2.5
mcp-Google_Drive-read_file_content-1790029635167.txt,Members First Credit Union #53887,Members First Credit Union #53887,53887,impression,2026-05-18,2026-11-18,SM - Retargeting,25000.0,150000.0,3.0
mcp-Google_Drive-read_file_content-1790029635167.txt,Members First Credit Union #53887,Members First Credit Union #53887,53887,impression,2026-05-18,2026-11-18,SM - Keyword,25000.0,150000.0,3.0
mcp-Google_Drive-read_file_content-1790029635167.txt,Members First Credit Union #53887,Members First Credit Union #53887,53887,impression,2026-05-18,2026-11-18,SM - Behavioral,25000.0,150000.0,3.0
mcp-Google_Drive-read_file_content-1790029635167.txt,Members First Credit Union #53887,Members First Credit Union #53887,53887,impression,2026-05-18,2026-11-18,SM - AI,25000.0,150000.0,3.0
mcp-Google_Drive-read_file_content-1790029635167.txt,Marine Max Pensacola #52593,Marine Max Pensacola #52593,52593,impression,2026-07-01,2026-09-30,MC - Categories,66667.0,200000.0,3.5
mcp-Google_Drive-read_file_content-1790029635167.txt,Marine Max Pensacola #52593,Marine Max Pensacola #52593,52593,impression,2026-07-01,2026-09-30,MC - Geo-Fencing,66667.0,200000.0,3.5
mcp-Google_Drive-read_file_content-1790029635167.txt,Marine Max Pensacola #52593,Marine Max Pensacola #52593,52593,impression,2026-07-01,2026-09-30,MC - Geo-Retargeting,66667.0,200000.0,3.5
mcp-Google_Drive-read_file_content-1790029635167.txt,Pensacola Children's Chorus,Pensacola Children's Chorus,,impression,2026-11-01,2026-12-01,Behavorial Targeting - SM,40000.0,40000.0,3.0
mcp-Google_Drive-read_file_content-1790029635167.txt,Pensacola Children's Chorus,Pensacola Children's Chorus,,impression,2026-11-01,2026-12-01,Keyword Targeting - SM,40000.0,40000.0,3.0
mcp-Google_Drive-read_file_content-1790029635167.txt,Pensacola Children's Chorus,Pensacola Children's Chorus,,impression,2026-11-01,2026-12-01,Website Retargeting - SM,8000.0,8000.0,3.0
mcp-Google_Drive-read_file_content-1790029635167.txt,PSC YT+ #55690,PSC YT+ #55690,55690,impression,2026-08-14,2026-10-31,Category Targeting - YT Video,120000.0,360000.0,5.0
mcp-Google_Drive-read_file_content-1790029635167.txt,PSC YT+ #55690,PSC YT+ #55690,55690,impression,2026-08-14,2026-10-31,Website Retargeting - YT Video,5000.0,15000.0,5.0
mcp-Google_Drive-read_file_content-1790029635167.txt,Pensacola State College,Pensacola State College,,impression,2026-08-13,2026-10-31,135046,,,
mcp-Google_Drive-read_file_content-1790029635167.txt,Pensacola State College,Pensacola State College,,impression,2026-08-13,2026-10-31,Behavioral Targeting - Display,50000.0,150000.0,2.5
mcp-Google_Drive-read_file_content-1790029635167.txt,Pensacola State College,Pensacola State College,,impression,2026-08-13,2026-10-31,Keyword Targeting - Display,45000.0,135000.0,2.5
mcp-Google_Drive-read_file_content-1790029635167.txt,Pensacola State College,Pensacola State College,,impression,2026-08-13,2026-10-31,Website Retargeting - Display,5000.0,15000.0,2.5
mcp-Google_Drive-read_file_content-1790029635167.txt,AMP - Central Kansas Podiatry Associates #55436,AMP,55436,impression,2026-08-01,2026-12-31,Native - Retargeting,33333.0,166667.0,2.5
mcp-Google_Drive-read_file_content-1790029635167.txt,AMP - Central Kansas Podiatry Associates #55436,AMP,55436,impression,2026-08-01,2026-12-31,Native - Keyword,33333.0,166667.0,2.5
mcp-Google_Drive-read_file_content-1790029635167.txt,AMP - Central Kansas Podiatry Associates #55436,AMP,55436,impression,2026-08-01,2026-12-31,Native - Behavioral,33333.0,166667.0,2.5
mcp-Google_Drive-read_file_content-1790029635167.txt,Parc at 21st and Rock #56260,Parc at 21st and Rock #56260,56260,impression,2026-09-15,2026-12-15,FB/IG - Premium,30000.0,90000.0,5.0
mcp-Google_Drive-read_file_content-1790029635167.txt,Parc at 21st and Rock #56260,Parc at 21st and Rock #56260,56260,impression,2026-09-15,2026-12-15,FB/IG - Retargeting,10000.0,30000.0,5.0
mcp-Google_Drive-read_file_content-1790029635167.txt,Powell Jewelry #53879,Powell Jewelry #53879,53879,impression,2026-05-01,2026-12-31,FB/IG - Premium,30000.0,240000.0,5.0
mcp-Google_Drive-read_file_content-1790029635167.txt,Powell Jewelry #53879,Powell Jewelry #53879,53879,impression,2026-05-01,2026-12-31,FB/IG - Retargeting,10000.0,80000.0,5.0
mcp-Google_Drive-read_file_content-1790029635167.txt,AHIP Albemarle Housing Imprv Program #52210,AHIP Albemarle Housing Imprv Program #52210,52210,impression,2026-02-04,2026-09-30,SM - Retargeting,1000.0,7000.0,3.0
mcp-Google_Drive-read_file_content-1790029635167.txt,AHIP Albemarle Housing Imprv Program #52210,AHIP Albemarle Housing Imprv Program #52210,52210,impression,2026-02-04,2026-09-30,SM - Geo-Fencing,,,3.0
mcp-Google_Drive-read_file_content-1790029635167.txt,AHIP Albemarle Housing Imprv Program #52210,AHIP Albemarle Housing Imprv Program #52210,52210,impression,2026-02-04,2026-09-30,SM - Geo-Retargting,,,3.0
mcp-Google_Drive-read_file_content-1790029635167.txt,AHIP Albemarle Housing Imprv Program #52210,AHIP Albemarle Housing Imprv Program #52210,52210,impression,2026-02-04,2026-09-30,SM - Behavioral,49000.0,343000.0,3.0
mcp-Google_Drive-read_file_content-1790029635167.txt,Bella Terra Landscaping #52850,Bella Terra Landscaping #52850,52850,impression,2026-03-03,2026-12-31,FB/IG Premium - Retargeting,30000.0,300000.0,8.2
mcp-Google_Drive-read_file_content-1790029635167.txt,Bella Terra Landscaping #52850,Bella Terra Landscaping #52850,52850,impression,2026-03-03,2026-12-31,FB/IG Premium - Categories,30000.0,300000.0,8.2
mcp-Google_Drive-read_file_content-1790029635167.txt,Blue Ridge Home Builders Association #55862,Blue Ridge Home Builders Association #55862,55862,impression,2026-09-07,2026-10-11,FB/IG Premium - Real Estate/HomeRenovations,85000.0,85000.0,7.38
mcp-Google_Drive-read_file_content-1790029635167.txt,Blue Ridge Home Builders Association #55862,Blue Ridge Home Builders Association #55862,55862,impression,2026-09-07,2026-10-11,Fb - EVENT,15000.0,15000.0,7.38
mcp-Google_Drive-read_file_content-1790029635167.txt,Blue Ridge Home Builders Association #55862,Blue Ridge Home Builders Association #55862,55862,impression,2026-09-27,2026-10-11,FB/IG Premium - Real Estate/HomeRenovations,35000.0,35000.0,3.5
mcp-Google_Drive-read_file_content-1790029635167.txt,Blue Ridge Home Builders Association #55862,Blue Ridge Home Builders Association #55862,55862,impression,2026-09-27,2026-10-11,FB/IG Premium - Retargeting,35000.0,35000.0,3.5
mcp-Google_Drive-read_file_content-1790029635167.txt,Blue Ridge Home Builders Association #55862,Blue Ridge Home Builders Association #55862,55862,impression,2026-09-27,2026-10-11,FB?IG Premium - Categopry w/event response,10000.0,10000.0,3.5
mcp-Google_Drive-read_file_content-1790029635167.txt,Bramante Homes #42210,Bramante Homes #42210,42210,impression,2026-04-02,2027-03-31,SM - Retargeting,20000.0,240000.0,3.0
mcp-Google_Drive-read_file_content-1790029635167.txt,Dominion Virginia Custom Homes #52224,Dominion Virginia Custom Homes #52224,52224,impression,2026-05-07,2026-01-31,FB/IG - Retargeting,30000.0,270000.0,6.41
mcp-Google_Drive-read_file_content-1790029635167.txt,Dominion Virginia Custom Homes #52224,Dominion Virginia Custom Homes #52224,52224,impression,2026-05-07,2026-01-31,FB/IG - Categories,30000.0,270000.0,6.41
mcp-Google_Drive-read_file_content-1790029635167.txt,Kinloch Farms #56214,Kinloch Farms #56214,56214,event,2026-09-15,2026-12-20,Search Theme Targeting,1500.0,4500.0,1125.0
mcp-Google_Drive-read_file_content-1790029635167.txt,Nelson rte 151 #55201,Nelson rte 151 #55201,55201,impression,2026-09-01,2026-11-30,SM - Retargeting,11235.0,33705.0,3.0
mcp-Google_Drive-read_file_content-1790029635167.txt,Nelson rte 151 #55201,Nelson rte 151 #55201,55201,impression,2026-09-01,2026-11-30,SM - Behavioral,33000.0,99000.0,3.0
mcp-Google_Drive-read_file_content-1790029635167.txt,Nelson rte 151 #55201,Nelson rte 151 #55201,55201,impression,2026-09-01,2026-11-30,SM - AI,44000.0,132000.0,3.0
mcp-Google_Drive-read_file_content-1790029635167.txt,Roof Top Services,Roof Top Services,,impression,2026-02-01,2026-05-31,CTV - Behavioral,13992.0,13992.0,14.0
mcp-Google_Drive-read_file_content-1790029635167.txt,Mack Morris Heating and Air Conditioning #51378,Mack Morris Heating and Air Conditioning #51378,51378,impression,2026-03-03,2026-12-31,MC - Categories,25000.0,250000.0,3.5
mcp-Google_Drive-read_file_content-1790029635167.txt,Mack Morris Heating and Air Conditioning #51378,Mack Morris Heating and Air Conditioning #51378,51378,impression,2026-03-03,2026-12-31,MC - Geo-Fencing,25000.0,250000.0,3.5
mcp-Google_Drive-read_file_content-1790029635167.txt,Mack Morris Heating  and Air Conditioning,Mack Morris Heating  and Air Conditioning,,event,2026-09-01,2027-03-31,Performance Max - Search Themes,2000.0,14000.0,3500.0
mcp-Google_Drive-read_file_content-1790029635167.txt,Reico Kitchen and Bath #54267,Reico Kitchen and Bath #54267,54267,impression,2026-06-15,2027-05-31,SM - Retargeting,11111.0,133333.0,3.0
mcp-Google_Drive-read_file_content-1790029635167.txt,Roof Top Services,Roof Top Services,,impression,2025-09-18,2026-08-30,FB/IG Premium - Retargeting,30000.0,360000.0,3.5
mcp-Google_Drive-read_file_content-1790029635167.txt,Valley Road Vineyards #54636,Valley Road Vineyards #54636,54636,impression,2026-06-05,2026-07-31,MC - Categories,25000.0,50000.0,3.5
mcp-Google_Drive-read_file_content-1790029635167.txt,Valley Road Vineyards #54636,Valley Road Vineyards #54636,54636,impression,2026-06-05,2026-07-31,MC - Geo-Fencing,25000.0,50000.0,3.5
mcp-Google_Drive-read_file_content-1790029635167.txt,Valley Road Vineyards #54636,Valley Road Vineyards #54636,54636,impression,2026-06-05,2026-07-31,MC - Geo-Retargeting,25000.0,50000.0,3.5
mcp-Google_Drive-read_file_content-1790029635167.txt,Valley Road Vineyards #54636,Valley Road Vineyards #54636,54636,impression,2026-06-05,2026-07-31,MC - Site Retargeting,25000.0,50000.0,3.5
mcp-Google_Drive-read_file_content-1790029635167.txt,AIDEA,AIDEA,,impression,2026-03-06,2026-05-31,JUNEAU,,,
mcp-Google_Drive-read_file_content-1790029635167.txt,AIDEA,AIDEA,,impression,2026-03-06,2026-05-31,AI Video,50000.0,150000.0,6.0
mcp-Google_Drive-read_file_content-1790029635167.txt,AIDEA,AIDEA,,impression,2026-03-06,2026-05-31,Behavioral Video,20000.0,60000.0,6.0
mcp-Google_Drive-read_file_content-1790029635167.txt,AIDEA,AIDEA,,impression,2026-03-06,2026-05-31,CTV AI,40000.0,120000.0,14.0
mcp-Google_Drive-read_file_content-1790029635167.txt,AIDEA,AIDEA,,impression,2026-03-06,2026-05-31,CTV Behavioral,6667.0,20000.0,14.0
mcp-Google_Drive-read_file_content-1790029635167.txt,CGCN - Hilcorp,CGCN,,impression,2026-04-23,,Amazon Prime OTT Genre Targeting,100000.0,100000.0,20.0
mcp-Google_Drive-read_file_content-1790029635167.txt,CGCN - Hilcorp,CGCN,,impression,2026-04-23,,Amazon OTT Behavioral,274788.0,274788.0,15.0
mcp-Google_Drive-read_file_content-1790029635167.txt,CGCN - Hilcorp,CGCN,,impression,2026-04-23,,Video,120000.0,120000.0,6.0
mcp-Google_Drive-read_file_content-1790029635167.txt,CGCN - Hilcorp,CGCN,,impression,2026-05-22,2026-06-20,Amazon Prime OTT Genre Targeting,100000.0,100000.0,20.0
mcp-Google_Drive-read_file_content-1790029635167.txt,CGCN - Hilcorp,CGCN,,impression,2026-05-22,2026-06-20,Amazon OTT Behavioral,233333.0,233333.0,15.0
mcp-Google_Drive-read_file_content-1790029635167.txt,CGCN - Hilcorp,CGCN,,impression,2026-05-22,2026-06-20,Video,120000.0,120000.0,5.0
mcp-Google_Drive-read_file_content-1790029635167.txt,CGCN - Hilcorp,CGCN,,impression,2026-06-26,2026-07-13,Amazon Prime OTT Genre Targeting,70000.0,70000.0,20.0
mcp-Google_Drive-read_file_content-1790029635167.txt,CGCN - Hilcorp,CGCN,,impression,2026-06-26,2026-07-13,Amazon OTT Behavioral,200800.0,200800.0,15.0
mcp-Google_Drive-read_file_content-1790029635167.txt,CGCN - Hilcorp,CGCN,,impression,2026-06-26,2026-07-13,Video,199920.0,199920.0,6.0
mcp-Google_Drive-read_file_content-1790029635167.txt,MHTA - 98,MHTA,,impression,2026-06-02,2026-06-30,FB IG premium,300000.0,300000.0,8.04
mcp-Google_Drive-read_file_content-1790029635167.txt,MHTA - 98,MHTA,,impression,2026-06-02,2026-06-30,FB IG Premium Cross platform,50000.0,50000.0,8.04
mcp-Google_Drive-read_file_content-1790029635167.txt,MHTA - Alaska Mental Health Trust Authority,MHTA,,impression,2025-12-15,2026-05-31,Amazon Video Behvaioral,70000.0,420000.0,6.0
mcp-Google_Drive-read_file_content-1790029635167.txt,MHTA - Alaska Mental Health Trust Authority,MHTA,,impression,2025-12-15,2026-05-31,CTV Behavioral Amazon,38333.0,229998.0,15.0
mcp-Google_Drive-read_file_content-1790029635167.txt,UAA - Student Recruitment Marketing,UAA,,impression,2025-10-01,2025-06-30,MILITARY & VETS,,,
mcp-Google_Drive-read_file_content-1790029635167.txt,UAA - Student Recruitment Marketing,UAA,,impression,2025-10-01,2025-06-30,Behavioral Display,100000.0,900000.0,2.5
mcp-Google_Drive-read_file_content-1790029635167.txt,UAA - Student Recruitment Marketing,UAA,,impression,2025-10-01,2025-06-30,GeoFencing Display,10000.0,90000.0,2.5
mcp-Google_Drive-read_file_content-1790029635167.txt,Homes for Wounded Warriors #52956,Homes for Wounded Warriors #52956,52956,impression,2026-06-17,2026-09-16,Meta - Categories,40000.0,120000.0,8.75
mcp-Google_Drive-read_file_content-1790029635167.txt,Homes for Wounded Warriors #52956,Homes for Wounded Warriors #52956,52956,impression,2026-06-17,2026-09-16,Meta - Retargeting,10000.0,30000.0,15.66
mcp-Google_Drive-read_file_content-1790029635167.txt,ArcticFX Graphics,ArcticFX Graphics,,click,2026-09-02,2026-09-30,KEYWORD PPC,,,
mcp-Google_Drive-read_file_content-1790029635167.txt,ArcticFX Graphics,ArcticFX Graphics,,click,2026-09-02,2026-09-30,USA PPC,5000.0,5000.0,0.33
mcp-Google_Drive-read_file_content-1790029635167.txt,ArcticFX Graphics,ArcticFX Graphics,,click,2026-09-02,2026-09-30,Canada PPC,1250.0,1250.0,0.33
mcp-Google_Drive-read_file_content-1790029635167.txt,ArcticFX Graphics,ArcticFX Graphics,,click,2026-09-02,2026-09-30,UTVFX,,,
mcp-Google_Drive-read_file_content-1790029635167.txt,ArcticFX Graphics,ArcticFX Graphics,,click,2026-09-02,2026-09-30,USA PPC,1700.0,1700.0,0.33
mcp-Google_Drive-read_file_content-1790029635167.txt,ArcticFX Graphics,ArcticFX Graphics,,click,2026-09-02,2026-09-30,Canada PPC,300.0,300.0,0.33
mcp-Google_Drive-read_file_content-1790029635167.txt,CAP - Core Wealth Management #47887,CAP,47887,click,2026-04-19,2026-07-18,CFP PPC,1000.0,4000.0,2.47
mcp-Google_Drive-read_file_content-1790029635167.txt,CAP - Core Wealth Management #47887,CAP,47887,click,2026-04-19,2026-07-18,Fee-Only PPC,1000.0,4000.0,
mcp-Google_Drive-read_file_content-1790029635167.txt,CAP - Core Wealth Management #47887,CAP,47887,click,2026-04-19,2026-07-18,Financial Planning PPC,1000.0,4000.0,
mcp-Google_Drive-read_file_content-1790029635167.txt,CAP - Core Wealth Management #47887,CAP,47887,click,2026-04-19,2026-07-18,Retirement Planning PPC,1000.0,4000.0,
mcp-Google_Drive-read_file_content-1790029635167.txt,CAP - Core Wealth Management #47887,CAP,47887,click,2026-04-19,2026-07-18,NAFPA,,0.0,
mcp-Google_Drive-read_file_content-1790029635167.txt,Ikona #55835,Ikona #55835,55835,click,2026-09-01,2026-10-31,LinkedIn - Retargeting,450.0,900.0,
mcp-Google_Drive-read_file_content-1790029635167.txt,Ikona #55835,Ikona #55835,55835,click,2026-09-01,2026-10-31,LinkedIn - Categories,2000.0,4000.0,
mcp-Google_Drive-read_file_content-1790029635167.txt,Fire Equipment Manufacturers Association #44887,Fire Equipment Manufacturers Association #44887,44887,impression,2025-03-04,2024-06-30,SM - Retargeting,50000.0,200000.0,3.0
mcp-Google_Drive-read_file_content-1790029635167.txt,Fire Equipment Manufacturers Association #44887,Fire Equipment Manufacturers Association #44887,44887,impression,2025-03-04,2024-06-30,SM - Keyword,50000.0,200000.0,3.0
mcp-Google_Drive-read_file_content-1790029635167.txt,Fire Equipment Manufacturers Association #44887,Fire Equipment Manufacturers Association #44887,44887,impression,2025-03-04,2024-06-30,SM - Beh,17647.0,70588.0,3.0
mcp-Google_Drive-read_file_content-1790029635167.txt,Homeowners Hub #53586,Homeowners Hub #53586,53586,impression,2026-06-15,2026-12-14,FB/IG Premium,40000.0,240000.0,3.5
mcp-Google_Drive-read_file_content-1790029635167.txt,Homeowners Hub #53586,Homeowners Hub #53586,53586,impression,2026-06-15,2026-12-14,FB/IG Premium Retargeting,5000.0,30000.0,3.5
mcp-Google_Drive-read_file_content-1790029635167.txt,Homeowners Hub #53586,Homeowners Hub #53586,53586,impression,2026-06-15,2026-12-14,WVID Feed FB/IG,5000.0,30000.0,3.5
mcp-Google_Drive-read_file_content-1790029635167.txt,SBBL Law #55594,SBBL Law #55594,55594,impression,2026-08-05,2026-10-31,Behavioral SM,40000.0,120000.0,3.0
mcp-Google_Drive-read_file_content-1790029635167.txt,SBBL Law #55594,SBBL Law #55594,55594,impression,2026-08-05,2026-10-31,Keyword SM,40000.0,120000.0,3.0
mcp-Google_Drive-read_file_content-1790029635167.txt,SBBL Law #55594,SBBL Law #55594,55594,impression,2026-08-05,2026-10-31,Retargeting SM,20000.0,60000.0,3.0
mcp-Google_Drive-read_file_content-1790029635167.txt,Hansen's Self-Storage,Hansen's Self-Storage,,impression,2026-07-14,2026-10-09,YT+ - Categories,30000.0,90000.0,5.0
mcp-Google_Drive-read_file_content-1790029635167.txt,Hansen's Self-Storage,Hansen's Self-Storage,,impression,2026-07-14,2026-10-09,YT+ - Retargeting,7500.0,22500.0,5.0
mcp-Google_Drive-read_file_content-1790029635167.txt,"MMI Services, Inc.","MMI Services, Inc.",,impression,2026-07-30,2026-10-30,MC - Category,50000.0,150000.0,3.5
mcp-Google_Drive-read_file_content-1790029635167.txt,"MMI Services, Inc.","MMI Services, Inc.",,impression,2026-07-30,2026-10-30,MC - Geo-Fencing,20000.0,60000.0,3.5
mcp-Google_Drive-read_file_content-1790029635167.txt,"MMI Services, Inc.","MMI Services, Inc.",,impression,2026-07-30,2026-10-30,MC - Geo-Retargeting,25000.0,75000.0,3.5
mcp-Google_Drive-read_file_content-1790029635167.txt,"MMI Services, Inc.","MMI Services, Inc.",,impression,2026-07-30,2026-10-30,MC - Retargeting,5000.0,15000.0,3.5
mcp-Google_Drive-read_file_content-1790029635167.txt,Buffalo Wings & Rings #50236,Buffalo Wings & Rings #50236,50236,impression,2025-11-05,2026-07-31,Cats MC - O St,40000.0,360000.0,3.5
mcp-Google_Drive-read_file_content-1790029635167.txt,Buffalo Wings & Rings #50236,Buffalo Wings & Rings #50236,50236,impression,2025-11-05,2026-07-31,Cats MC - Village Ln,40000.0,360000.0,3.5
mcp-Google_Drive-read_file_content-1790029635167.txt,Buffalo Wings & Rings #50236,Buffalo Wings & Rings #50236,50236,impression,2025-11-05,2026-07-31,Site Retargeting MC - O St,10000.0,90000.0,3.5
mcp-Google_Drive-read_file_content-1790029635167.txt,Cadence Homes,Cadence Homes,,impression,2026-08-01,2026-10-31,AI Targeting - Audio,17500.0,52500.0,13.0
mcp-Google_Drive-read_file_content-1790029635167.txt,Cadence Homes,Cadence Homes,,impression,2026-08-01,2026-10-31,Behavioral Targeting - Audio,17500.0,52500.0,13.0
mcp-Google_Drive-read_file_content-1790029635167.txt,Cadence Homes,Cadence Homes,,impression,2026-08-01,2026-10-31,Website Retargeting - Audio,5000.0,15000.0,13.0
mcp-Google_Drive-read_file_content-1790029635167.txt,Complete Weddings + Events #54416,Complete Weddings + Events #54416,54416,event,2026-09-08,2026-12-31,Pmax,1583.0,6332.0,1583.0
mcp-Google_Drive-read_file_content-1790029635167.txt,Complete Weddings + Events TX #54419,Complete Weddings + Events TX #54419,54419,event,2026-06-10,2026-10-31,Pmax,1583.0,7915.0,1978.75
mcp-Google_Drive-read_file_content-1790029635167.txt,IBEW 22 #51511,IBEW 22 #51511,51511,impression,2026-02-09,2026-12-31,B2B Behavioral SM,66000.0,726000.0,3.5
mcp-Google_Drive-read_file_content-1790029635167.txt,Muehling Financial #55353,Muehling Financial #55353,55353,impression,2026-10-01,2027-03-31,MC- Category Targeting,45000.0,270000.0,3.5
mcp-Google_Drive-read_file_content-1790029635167.txt,Muehling Financial #55353,Muehling Financial #55353,55353,impression,2026-10-01,2027-03-31,MC- Cross Platform Targeting,45000.0,270000.0,3.5
mcp-Google_Drive-read_file_content-1790029635167.txt,Muehling Financial #55353,Muehling Financial #55353,55353,impression,2026-10-01,2027-03-31,MC- Site Retargeting,10000.0,60000.0,3.5
mcp-Google_Drive-read_file_content-1790029635167.txt,Patera Landscaping #56005,Patera Landscaping #56005,56005,impression,2026-09-15,2027-08-31,SM - Behavioral,50000.0,600000.0,3.0
mcp-Google_Drive-read_file_content-1790029635167.txt,Pearson's Pumpkin Place #51834,Pearson's Pumpkin Place #51834,51834,impression,2026-08-03,2026-10-31,MC - Categories,30000.0,90000.0,3.5
mcp-Google_Drive-read_file_content-1790029635167.txt,Pearson's Pumpkin Place #51834,Pearson's Pumpkin Place #51834,51834,impression,2026-08-03,2026-10-31,MC - GF,30000.0,90000.0,3.5
mcp-Google_Drive-read_file_content-1790029635167.txt,Pearson's Pumpkin Place #51834,Pearson's Pumpkin Place #51834,51834,impression,2026-08-03,2026-10-31,MC - Georetargeting,30000.0,90000.0,3.5
mcp-Google_Drive-read_file_content-1790029635167.txt,Pearson's Pumpkin Place #51834,Pearson's Pumpkin Place #51834,51834,impression,2026-08-03,2026-10-31,MC - Site Retargeting,10000.0,30000.0,3.5
mcp-Google_Drive-read_file_content-1790029635167.txt,Pro Gutter Solutions #52097,Pro Gutter Solutions #52097,52097,impression,2026-03-01,2026-04-30,Behavioral SM,48000.0,96000.0,3.0
mcp-Google_Drive-read_file_content-1790029635167.txt,Pro Gutter Solutions #52097,Pro Gutter Solutions #52097,52097,impression,2026-03-01,2026-04-30,Keyword SM,48000.0,96000.0,3.0
mcp-Google_Drive-read_file_content-1790029635167.txt,The Night Before Lounge #52096,The Night Before Lounge #52096,52096,impression,2026-06-08,2026-12-31,AI Social Mirror,30000.0,210000.0,4.5
mcp-Google_Drive-read_file_content-1790029635167.txt,The Night Before Lounge #52096,The Night Before Lounge #52096,52096,impression,2026-06-08,2026-12-31,Behavioral Social Mirror,25000.0,175000.0,4.5
mcp-Google_Drive-read_file_content-1790029635167.txt,The Night Before Lounge #52096,The Night Before Lounge #52096,52096,impression,2026-06-08,2026-12-31,Geo-Fencing Social Mirror,5000.0,35000.0,4.5
mcp-Google_Drive-read_file_content-1790029635167.txt,Taco Inn #43191,Taco Inn #43191,43191,impression,2025-01-06,2025-09-30,AI SM,17647.0,158823.0,2.0
mcp-Google_Drive-read_file_content-1790029635167.txt,Taco Inn #43191,Taco Inn #43191,43191,impression,2025-01-06,2025-09-30,Behavioral SM,17647.0,158823.0,2.0
mcp-Google_Drive-read_file_content-1790029635167.txt,Taco Inn #43191,Taco Inn #43191,43191,impression,2025-01-06,2025-09-30,Geo-Fencing SM,17647.0,158823.0,2.0
mcp-Google_Drive-read_file_content-1790029635167.txt,Taco Inn #43191,Taco Inn #43191,43191,impression,2025-01-06,2025-09-30,Geo-Retargeting SM,17647.0,158823.0,2.0
mcp-Google_Drive-read_file_content-1790029635167.txt,Taco Inn #43191,Taco Inn #43191,43191,impression,2025-01-06,2025-09-30,Retargeting SM,17647.0,158823.0,2.0
mcp-Google_Drive-read_file_content-1790029635167.txt,Taco Inn #43191,Taco Inn #43191,43191,impression,2025-01-06,2025-09-30,AI SM,17647.0,158823.0,2.0
mcp-Google_Drive-read_file_content-1790029635167.txt,Taco Inn #43191,Taco Inn #43191,43191,impression,2025-01-06,2025-09-30,Behavioral SM,17647.0,158823.0,2.0
mcp-Google_Drive-read_file_content-1790029635167.txt,Taco Inn #43191,Taco Inn #43191,43191,impression,2025-01-06,2025-09-30,Geo-Fencing SM,17647.0,158823.0,2.0
mcp-Google_Drive-read_file_content-1790029635167.txt,Taco Inn #43191,Taco Inn #43191,43191,impression,2025-01-06,2025-09-30,Geo-Retargeting SM,17647.0,158823.0,2.0
mcp-Google_Drive-read_file_content-1790029635167.txt,Taco Inn #43191,Taco Inn #43191,43191,impression,2025-01-06,2025-09-30,Retargeting SM,17647.0,158823.0,2.0
mcp-Google_Drive-read_file_content-1790029635167.txt,Taco Inn #43191,Taco Inn #43191,43191,impression,2025-01-06,2025-09-30,AI SM,17647.0,158823.0,2.0
mcp-Google_Drive-read_file_content-1790029635167.txt,Taco Inn #43191,Taco Inn #43191,43191,impression,2025-01-06,2025-09-30,Behavioral SM,17647.0,158823.0,2.0
mcp-Google_Drive-read_file_content-1790029635167.txt,Taco Inn #43191,Taco Inn #43191,43191,impression,2025-01-06,2025-09-30,Geo-Fencing SM,17647.0,158823.0,2.0
mcp-Google_Drive-read_file_content-1790029635167.txt,Taco Inn #43191,Taco Inn #43191,43191,impression,2025-01-06,2025-09-30,Geo-Retargeting SM,17647.0,158823.0,2.0
mcp-Google_Drive-read_file_content-1790029635167.txt,Taco Inn #43191,Taco Inn #43191,43191,impression,2025-01-06,2025-09-30,Retargeting SM,17647.0,158823.0,2.0
mcp-Google_Drive-read_file_content-1790029635167.txt,Augusta Mobility #51309,Augusta Mobility #51309,51309,impression,2026-01-01,2026-04-30,CTV - Retargeting,500.0,2000.0,14.0
mcp-Google_Drive-read_file_content-1790029635167.txt,Babb and Masters #54806,Babb and Masters #54806,54806,impression,2026-07-01,2026-09-30,CTV - Retargeting,5000.0,15000.0,12.0
mcp-Google_Drive-read_file_content-1790029635167.txt,Babb and Masters #54806,Babb and Masters #54806,54806,impression,2026-07-01,2026-09-30,CTV - Behavioral,20000.0,60000.0,12.0
mcp-Google_Drive-read_file_content-1790029635167.txt,Claridge Law Firm #56152,Claridge Law Firm #56152,56152,impression,2026-09-16,2026-12-13,CTV - Behavioral,25000.0,75000.0,12.0
mcp-Google_Drive-read_file_content-1790029635167.txt,Gracefully Assisted #54923,Gracefully Assisted #54923,54923,impression,2026-09-14,2026-12-13,CTV - Behavioral,25000.0,75000.0,12.0
mcp-Google_Drive-read_file_content-1790029635167.txt,Humility Music #56276,Humility Music #56276,56276,impression,2026-09-16,2026-10-16,SM - GF,10000.0,10000.0,3.0
mcp-Google_Drive-read_file_content-1790029635167.txt,Humility Music #56276,Humility Music #56276,56276,impression,2026-09-16,2026-10-16,SM - GR,10000.0,10000.0,3.0
mcp-Google_Drive-read_file_content-1790029635167.txt,Humility Music #56276,Humility Music #56276,56276,impression,2026-09-16,2026-10-16,SM - Behavioral,80000.0,80000.0,3.0
mcp-Google_Drive-read_file_content-1790029635167.txt,Lexington Metals Recycling #55729,Lexington Metals Recycling #55729,55729,impression,2026-08-20,2026-10-31,FB/Insta Retargeting,10000.0,30000.0,
mcp-Google_Drive-read_file_content-1790029635167.txt,Lexington Metals Recycling #55729,Lexington Metals Recycling #55729,55729,impression,2026-08-20,2026-10-31,FB/Insta Premium,70000.0,210000.0,15.32
mcp-Google_Drive-read_file_content-1790029635167.txt,Lucky Pecan #55556,Lucky Pecan #55556,55556,impression,2026-08-07,2026-11-30,CTV - Retargeting,5000.0,20000.0,12.0
mcp-Google_Drive-read_file_content-1790029635167.txt,Lucky Pecan #55556,Lucky Pecan #55556,55556,impression,2026-08-07,2026-11-30,CTV - Behavioral,10000.0,40000.0,12.0
mcp-Google_Drive-read_file_content-1790029635167.txt,Lucky Pecan #55556,Lucky Pecan #55556,55556,impression,2026-08-07,2026-11-30,CTV - AI,10000.0,40000.0,12.0
mcp-Google_Drive-read_file_content-1790029635167.txt,Medforce Insurance #52510,Medforce Insurance #52510,52510,impression,2026-09-03,2027-01-31,SM - Retargeting,6666.0,33330.0,3.0
mcp-Google_Drive-read_file_content-1790029635167.txt,Medforce Insurance #52510,Medforce Insurance #52510,52510,impression,2026-09-03,2027-01-31,SM - KW,30000.0,150000.0,3.0
mcp-Google_Drive-read_file_content-1790029635167.txt,Medforce Insurance #52510,Medforce Insurance #52510,52510,impression,2026-09-03,2027-01-31,SM - Behavioral,30000.0,150000.0,3.0
mcp-Google_Drive-read_file_content-1790029635167.txt,Temega Industrial Recycling #53233,Temega Industrial Recycling #53233,53233,impression,2026-04-15,2026-08-31,FB Premium Categories,40000.0,200000.0,4.22
mcp-Google_Drive-read_file_content-1790029635167.txt,Veterans Towing and Recovery #52215,Veterans Towing and Recovery #52215,52215,impression,2026-02-05,2026-12-31,SM - Retargeting,500.0,5500.0,3.0
mcp-Google_Drive-read_file_content-1790029635167.txt,Veterans Towing and Recovery #52215,Veterans Towing and Recovery #52215,52215,impression,2026-02-05,2026-12-31,SM - KW,35500.0,390500.0,3.0
mcp-Google_Drive-read_file_content-1790029635167.txt,LOCK PC - Brandi’s Bridal #55457,LOCK PC,55457,impression,2026-08-06,2026-12-31,FB/IG - Category,40000.0,200000.0,5.0
mcp-Google_Drive-read_file_content-1790029635167.txt,LOCK PC - Brandi’s Bridal #55457,LOCK PC,55457,impression,2026-08-06,2026-12-31,FB/IG - Retargeting,,,
mcp-Google_Drive-read_file_content-1790029635167.txt,Cahall's Deli #54282,Cahall's Deli #54282,54282,impression,2026-09-01,2026-12-31,CTV - Retargeting,11905.0,47618.0,12.0
mcp-Google_Drive-read_file_content-1790029635167.txt,Cahall's Deli #54282,Cahall's Deli #54282,54282,impression,2026-09-01,2026-12-31,CTV - Behavioral,11905.0,47618.0,12.0
mcp-Google_Drive-read_file_content-1790029635167.txt,glam and glow medical aesthetics #55204,glam and glow medical aesthetics #55204,55204,impression,2026-07-22,2026-12-22,CTV - Behavioral,23809.0,119045.0,12.0
mcp-Google_Drive-read_file_content-1790029635167.txt,glam and glow medical aesthetics #55204,glam and glow medical aesthetics #55204,55204,impression,2026-07-22,2026-12-22,CTV - Retargeting,,,12.0
mcp-Google_Drive-read_file_content-1790029635167.txt,Lucy Lane Boutique,Lucy Lane Boutique,,impression,2026-06-18,2026-12-18,FB/IG - Category,40000.0,240000.0,3.5
mcp-Google_Drive-read_file_content-1790029635167.txt,Mediacom Communications Corporation #55936,Mediacom Communications Corporation #55936,55936,impression,2026-09-07,2027-01-31,CTV - Behavioral,25000.0,125000.0,12.0
mcp-Google_Drive-read_file_content-1790029635167.txt,Prestige Home Centers - Panama City #52670,Prestige Home Centers,52670,impression,2026-04-02,2027-04-02,CTV - Behavioral,25000.0,300000.0,12.0
mcp-Google_Drive-read_file_content-1790029635167.txt,"Ridge Heating, Cooling, Plumbing & Electrical #55056","Ridge Heating, Cooling, Plumbing & Electrical #55056",55056,impression,2026-07-07,2026-12-31,CTV - Behavioral,25000.0,150000.0,12.0
mcp-Google_Drive-read_file_content-1790029635167.txt,Total Laundry Services #53325,Total Laundry Services #53325,53325,impression,2026-04-01,2026-09-30,MARIANNA,,,
mcp-Google_Drive-read_file_content-1790029635167.txt,Total Laundry Services #53325,Total Laundry Services #53325,53325,impression,2026-04-01,2026-09-30,CTV - Behavioral,10425.0,52125.0,12.0
mcp-Google_Drive-read_file_content-1790029635167.txt,The Deckhand Social 56347,The Deckhand Social 56347,,impression,2026-09-18,2027-03-18,SM - Retargeting,5000.0,30000.0,3.0
mcp-Google_Drive-read_file_content-1790029635167.txt,The Deckhand Social 56347,The Deckhand Social 56347,,impression,2026-09-18,2027-03-18,SM - Behavioral,95000.0,570000.0,3.0
mcp-Google_Drive-read_file_content-1790029635167.txt,AFC Urgent Care Wichita #56036,AFC Urgent Care Wichita #56036,56036,impression,2026-09-18,2026-12-20,FB/IG - Retargeting,5000.0,15000.0,5.0
mcp-Google_Drive-read_file_content-1790029635167.txt,AFC Urgent Care Wichita #56036,AFC Urgent Care Wichita #56036,56036,impression,2026-09-18,2026-12-20,FB/IG - Premium,55000.0,165000.0,5.0
mcp-Google_Drive-read_file_content-1790029635167.txt,ICTBooks #53662,ICTBooks #53662,53662,impression,2026-06-01,2026-11-30,SM - Behavioral,26316.0,157893.0,3.5
mcp-Google_Drive-read_file_content-1790029635167.txt,ICTBooks #53662,ICTBooks #53662,53662,impression,2026-06-01,2026-11-30,SM - Keyword,26316.0,157893.0,3.0
mcp-Google_Drive-read_file_content-1790029635167.txt,ICTBooks #53662,ICTBooks #53662,53662,impression,2026-06-01,2026-11-30,SM - Retargeting,,,
mcp-Google_Drive-read_file_content-1790029635167.txt,Phil's Coins #44999,Phil's Coins #44999,44999,impression,2025-03-01,2025-04-30,FB Retargeting,5000.0,10000.0,
mcp-Google_Drive-read_file_content-1790029635167.txt,Phil's Coins #44999,Phil's Coins #44999,44999,impression,2025-03-01,2025-04-30,FB Premium,15000.0,30000.0,4.4
mcp-Google_Drive-read_file_content-1790029635167.txt,Stay Your Way Greater Wichita,Stay Your Way Greater Wichita,,impression,2026-05-01,2027-01-31,CTV - Retargeting,11905.0,107142.0,12.0
mcp-Google_Drive-read_file_content-1790029635167.txt,Stay Your Way Greater Wichita,Stay Your Way Greater Wichita,,impression,2026-05-01,2027-01-31,CTV - Behavioral,11905.0,107142.0,12.5
mcp-Google_Drive-read_file_content-1790029635167.txt,Stay Your Way Greater Wichita,Stay Your Way Greater Wichita,,impression,2026-05-01,2027-01-31,CTV - AI,11905.0,107142.0,12.0
mcp-Google_Drive-read_file_content-1790029635167.txt,Stay Your Way McPherson KS #53466,Stay Your Way McPherson KS #53466,53466,impression,2026-04-01,2027-01-31,CTV - Retargeting,1000.0,10000.0,12.0
mcp-Google_Drive-read_file_content-1790029635167.txt,Stay Your Way McPherson KS #53466,Stay Your Way McPherson KS #53466,53466,impression,2026-04-01,2027-01-31,CTV - Behavioral,11405.0,114045.0,12.5
mcp-Google_Drive-read_file_content-1790029635167.txt,URemodelIt Wichita #55647,URemodelIt Wichita #55647,55647,impression,2026-08-31,2026-11-15,CTV - Behavioral,12500.0,37500.0,12.0
mcp-Google_Drive-read_file_content-1790029635167.txt,URemodelIt Wichita #55647,URemodelIt Wichita #55647,55647,impression,2026-08-31,2026-11-15,CTV - Retargeting,12500.0,37500.0,12.0
mcp-Google_Drive-read_file_content-1790029635167.txt,URemodelIt Wichita #55647,URemodelIt Wichita #55647,55647,impression,2026-08-31,2026-11-15,CTV - Content,12500.0,37500.0,12.0
mcp-Google_Drive-read_file_content-1790029635167.txt,Wichita Home Works #54420,Wichita Home Works #54420,54420,impression,2026-07-08,2026-07-31,CTV - Behavioral,15873.0,15873.0,12.5
mcp-Google_Drive-read_file_content-1790029635167.txt,Wichita Home Works #54420,Wichita Home Works #54420,54420,impression,2026-07-08,2026-07-31,CTV - Retargeting,15873.0,15873.0,12.0
mcp-Google_Drive-read_file_content-1790029635167.txt,Wichita Home Works #54420,Wichita Home Works #54420,54420,impression,2026-07-08,2026-07-31,CTV - AI,15873.0,15873.0,12.0
mcp-Google_Drive-read_file_content-1790029635167.txt,Audi Boise,Audi Boise,,click,2024-11-18,2024-11-30,FB - Retargetong,400.0,400.0,0.16
mcp-Google_Drive-read_file_content-1790029635167.txt,Audi Boise,Audi Boise,,click,2024-11-18,2024-11-30,FB - Beh,1000.0,1000.0,0.0
mcp-Google_Drive-read_file_content-1790029635167.txt,Boise Volkswagen Local,Boise Volkswagen Local,,click,2024-11-18,2024-11-30,FB - Retargetong,100.0,100.0,0.04
mcp-Google_Drive-read_file_content-1790029635167.txt,Boise Volkswagen Local,Boise Volkswagen Local,,click,2024-11-18,2024-11-30,FB - Beh,2000.0,2000.0,0.0
mcp-Google_Drive-read_file_content-1790029635167.txt,Forrest Design Group,Forrest Design Group,,impression,2025-09-01,2025-12-31,SM - Ret,286.0,1144.0,2.0
mcp-Google_Drive-read_file_content-1790029635167.txt,Forrest Design Group,Forrest Design Group,,impression,2025-09-01,2025-12-31,SM - Beh,109000.0,436000.0,2.0
mcp-Google_Drive-read_file_content-1790029635167.txt,GuyRome Agency,GuyRome Agency,,impression,2026-07-15,2026-08-31,SM - Retargeting,5000.0,10000.0,3.0
mcp-Google_Drive-read_file_content-1790029635167.txt,GuyRome Agency,GuyRome Agency,,impression,2026-07-15,2026-08-31,SM - GF,5000.0,10000.0,3.0
mcp-Google_Drive-read_file_content-1790029635167.txt,GuyRome Agency,GuyRome Agency,,impression,2026-07-15,2026-08-31,SM - Parents/18-25,90000.0,180000.0,3.0
mcp-Google_Drive-read_file_content-1790029635167.txt,High Desert Harley Davidson,High Desert Harley Davidson,,impression,2026-01-05,2026-03-02,FB - Retargeting,17000.0,34000.0,2.16
mcp-Google_Drive-read_file_content-1790029635167.txt,Offer Now Idaho,Offer Now Idaho,,impression,2026-08-05,2026-12-31,YT+,37500.0,187500.0,5.32
mcp-Google_Drive-read_file_content-1790029635167.txt,Peak Chiropractic,Peak Chiropractic,,impression,2026-05-01,2027-04-30,SM - Ret,1000.0,12000.0,3.0
mcp-Google_Drive-read_file_content-1790029635167.txt,Treasure Valley Plastic Surgery & Medical Spa,Treasure Valley Plastic Surgery & Medical Spa,,impression,2026-02-02,2027-02-02,MC - Cat,80000.0,960000.0,3.5
mcp-Google_Drive-read_file_content-1790029635167.txt,Treasure Valley Plastic Surgery & Medical Spa,Treasure Valley Plastic Surgery & Medical Spa,,click,2026-02-15,2027-02-02,PPC,1750.0,21000.0,0.95
mcp-Google_Drive-read_file_content-1790029635167.txt,DonorConnect- Envision Sight,DonorConnect- Envision Sight,,impression,2026-07-06,2026-12-14,SM - Ret,2000.0,12000.0,3.0
mcp-Google_Drive-read_file_content-1790029635167.txt,DonorConnect- Envision Sight,DonorConnect- Envision Sight,,impression,2026-07-06,2026-12-14,SM - KW,28000.0,168000.0,3.0
mcp-Google_Drive-read_file_content-1790029635167.txt,DonorConnect- Envision Sight,DonorConnect- Envision Sight,,impression,2026-07-06,2026-12-14,SM - Beh,70000.0,420000.0,3.0
mcp-Google_Drive-read_file_content-1790029635167.txt,Valero Law Group,Valero Law Group,,impression,2025-11-05,2025-09-30,Bakersfield,,,
mcp-Google_Drive-read_file_content-1790029635167.txt,Valero Law Group,Valero Law Group,,impression,2025-11-05,2025-09-30,YT TV - Spanish,544.0,5988.0,55.0
mcp-Google_Drive-read_file_content-1790029635167.txt,Valero Law Group,Valero Law Group,,impression,2025-11-05,2025-09-30,YT TV - Low Income,20721.0,227936.0,60.0
mcp-Google_Drive-read_file_content-1790029635167.txt,Desert Wind Homes- Mesa View,Desert Wind Homes- Mesa View,,impression,2026-04-06,2026-12-31,SM - Beh,99000.0,891000.0,3.0
mcp-Google_Drive-read_file_content-1790029635167.txt,Desert Wind Homes- Mesa View,Desert Wind Homes- Mesa View,,impression,2026-04-06,2026-12-31,SM - GF,1000.0,9000.0,3.0
mcp-Google_Drive-read_file_content-1790080892008.txt,Franklin Land Trust,Franklin Land Trust,,impression,2018-06-20,2018-07-03,Geo-Framing,60000.0,60000.0,5.0
mcp-Google_Drive-read_file_content-1790080892008.txt,Powerful Media Group  O'Neil For Sheriff #55555,Powerful Media Group  O'Neil For Sheriff #55555,55555,impression,2026-08-14,2026-11-03,SM - Content,32159.0,96476.0,4.5
mcp-Google_Drive-read_file_content-1790080892008.txt,Powerful Media Group  O'Neil For Sheriff #55555,Powerful Media Group  O'Neil For Sheriff #55555,55555,impression,2026-08-14,2026-11-03,SM - Behavioral,32159.0,96476.0,4.5
mcp-Google_Drive-read_file_content-1790080892008.txt,Powerful Media Group  O'Neil For Sheriff #55555,Powerful Media Group  O'Neil For Sheriff #55555,55555,impression,2026-08-14,2026-11-03,SM - AI,32159.0,96476.0,4.5
mcp-Google_Drive-read_file_content-1790080892008.txt,Byrne Dairy Inc.,Byrne Dairy Inc.,,impression,2026-07-09,2026-12-31,FB/IG - Category,55000.0,330000.0,5.0
mcp-Google_Drive-read_file_content-1790080892008.txt,Byrne Dairy Inc.,Byrne Dairy Inc.,,impression,2026-07-09,2026-12-31,FB/IG - Retargeting,5000.0,30000.0,5.0
mcp-Google_Drive-read_file_content-1790080892008.txt,Sure Temp #43785,Sure Temp #43785,43785,impression,2025-01-07,2025-03-31,Video - Retargeting,20000.0,60000.0,5.0
mcp-Google_Drive-read_file_content-1790080892008.txt,Sure Temp #43785,Sure Temp #43785,43785,impression,2025-01-07,2025-03-31,Video - Behavioral,20000.0,60000.0,5.0
mcp-Google_Drive-read_file_content-1790080892008.txt,Sure Temp #43785,Sure Temp #43785,43785,impression,2025-01-07,2025-03-31,Video - AI,20000.0,60000.0,5.0
mcp-Google_Drive-read_file_content-1790080892008.txt,Hong Kong Harry's Fireworks 130161,Hong Kong Harry's Fireworks 130161,,impression,2026-06-24,2026-07-05,DIS - Behavioral,25000.0,25000.0,2.5
mcp-Google_Drive-read_file_content-1790080892008.txt,Hong Kong Harry's Fireworks 130161,Hong Kong Harry's Fireworks 130161,,impression,2026-06-24,2026-07-05,DIS - Keywords,25000.0,25000.0,2.5
mcp-Google_Drive-read_file_content-1790080892008.txt,Hong Kong Harry's Fireworks 130161,Hong Kong Harry's Fireworks 130161,,impression,2026-06-24,2026-07-05,DIS - Ai Targeting,25000.0,25000.0,2.5
mcp-Google_Drive-read_file_content-1790080892008.txt,Hong Kong Harry's Fireworks 130161,Hong Kong Harry's Fireworks 130161,,impression,2026-06-24,2026-07-05,DIS - Geofencing,25000.0,25000.0,2.5
mcp-Google_Drive-read_file_content-1790080892008.txt,Hong Kong Harry's Fireworks 130161,Hong Kong Harry's Fireworks 130161,,impression,2026-06-24,2026-07-05,DIS - Geo-Retargeting,16666.0,16666.0,2.5
mcp-Google_Drive-read_file_content-1790080892008.txt,Hong Kong Harry's Fireworks 130161,Hong Kong Harry's Fireworks 130161,,impression,2026-06-24,2026-07-05,DIS - Behavioral,25000.0,25000.0,2.5
mcp-Google_Drive-read_file_content-1790080892008.txt,Hong Kong Harry's Fireworks 130161,Hong Kong Harry's Fireworks 130161,,impression,2026-06-24,2026-07-05,DIS - Keywords,25000.0,25000.0,2.5
mcp-Google_Drive-read_file_content-1790080892008.txt,Hong Kong Harry's Fireworks 130161,Hong Kong Harry's Fireworks 130161,,impression,2026-06-24,2026-07-05,DIS - Ai Targeting,25000.0,25000.0,2.5
mcp-Google_Drive-read_file_content-1790080892008.txt,Hong Kong Harry's Fireworks 130161,Hong Kong Harry's Fireworks 130161,,impression,2026-06-24,2026-07-05,DIS - Geofencing,25000.0,25000.0,2.5
mcp-Google_Drive-read_file_content-1790080892008.txt,Hong Kong Harry's Fireworks 130161,Hong Kong Harry's Fireworks 130161,,impression,2026-06-24,2026-07-05,DIS - Geo-Retargeting,16666.0,16666.0,2.5
mcp-Google_Drive-read_file_content-1790080892008.txt,PILR Digital #54303,PILR Digital #54303,54303,impression,2026-06-01,2026-08-31,FB/IG Premium,400000.0,1200000.0,3.5
mcp-Google_Drive-read_file_content-1790080892008.txt,PILR Digital #54303,PILR Digital #54303,54303,impression,2026-06-01,2026-08-31,FB/IG Premium Retargeting,100000.0,300000.0,3.5
mcp-Google_Drive-read_file_content-1790080892008.txt,PILR Digital #54303,PILR Digital #54303,54303,click,2026-06-01,2026-08-31,PPC,4250.0,12750.0,7.69
mcp-Google_Drive-read_file_content-1790080892008.txt,PR by the Book,PR by the Book,,click,2026-05-01,2026-12-31,PPC - Keywords,2125.0,17000.0,0.23
mcp-Google_Drive-read_file_content-1790080892008.txt,"RUSH Personnel Services, Inc. #36694","RUSH Personnel Services, Inc. #36694",36694,impression,2024-05-03,2024-12-31,Display - B2B Behavioral,125000.0,1000000.0,2.0
mcp-Google_Drive-read_file_content-1790080892008.txt,"RUSH Personnel Services, Inc. #42956","RUSH Personnel Services, Inc. #42956",42956,impression,2026-09-15,2027-08-31,CTV - Retargetig,10000.0,120000.0,12.0
mcp-Google_Drive-read_file_content-1790080892008.txt,M Den #17871,M Den #17871,17871,impression,2021-02-12,2021-03-12,FB/IG premium Email matching,40000.0,40000.0,4.9
mcp-Google_Drive-read_file_content-1790080892008.txt,ROI - Mainstreet Credit Union #33858,ROI,33858,impression,2026-07-20,2026-09-30,Amazon Prime CTV - Checking - 133387,5555.0,16666.0,20.0
mcp-Google_Drive-read_file_content-1790080892008.txt,ROI - Mainstreet Credit Union #33858,ROI,33858,impression,2026-07-20,2026-09-30,Amazon Behavioral Video - Checking - 133387,5555.0,16666.0,6.0
mcp-Google_Drive-read_file_content-1790080892008.txt,ROI - Mainstreet Credit Union #33858,ROI,33858,impression,2026-07-20,2026-09-30,Amazon Retargeting Video - Checking - 133387,5555.0,16666.0,6.0
mcp-Google_Drive-read_file_content-1790080892008.txt,Resource One Credit Union #42373,Resource One Credit Union #42373,42373,impression,2026-07-07,2026-09-30,FB Retargeting - Branding ENG,12500.0,37500.0,3.5
mcp-Google_Drive-read_file_content-1790080892008.txt,Resource One Credit Union #42373,Resource One Credit Union #42373,42373,impression,2026-07-07,2026-09-30,FB Categories - Branding ENG,12500.0,37500.0,3.5
mcp-Google_Drive-read_file_content-1790080892008.txt,Resource One Credit Union -PPC #42174,Resource One Credit Union -PPC #42174,42174,click,2024-10-03,2025-12-31,Auto Dynamic PPC,320.83,4812.45,7.34
mcp-Google_Drive-read_file_content-1790080892008.txt,ROI - Trius Federal Credit Union #48255,ROI,48255,impression,2026-07-28,2026-10-15,FB Premium - Retargeting - Auto,22500.0,67500.0,3.5
mcp-Google_Drive-read_file_content-1790080892008.txt,ROI - Trius Federal Credit Union #48255,ROI,48255,impression,2026-07-28,2026-10-15,FB Premium - Categories - Auto,22500.0,67500.0,3.5
mcp-Google_Drive-read_file_content-1790080892008.txt,ROI - WestStar Credit Union-Las Vegas #51676,ROI,51676,impression,2026-01-05,2026-03-31,SM Retargeting - Branding,5000.0,15000.0,3.0
mcp-Google_Drive-read_file_content-1790080892008.txt,ROI - WestStar Credit Union-Las Vegas #51676,ROI,51676,impression,2026-01-05,2026-03-31,SM Behavioral - Branding,20000.0,60000.0,3.0
mcp-Google_Drive-read_file_content-1790080892008.txt,ROI - WestStar Credit Union-Las Vegas-PPC #51678,ROI,51678,click,2026-01-05,2026-06-30,Dynamic PPC - Branding,280.0,1680.0,
mcp-Google_Drive-read_file_content-1790080892008.txt,ROI - WestStar Credit Union-Las Vegas-PPC #51678,ROI,51678,click,2026-01-05,2026-06-30,Dynamic PPC - Checking,420.0,2520.0,
mcp-Google_Drive-read_file_content-1790080892008.txt,Bone & Joint,Bone & Joint,,impression,2026-05-18,2026-12-31,D - B,40000.0,320000.0,2.0
mcp-Google_Drive-read_file_content-1790080892008.txt,Bone & Joint,Bone & Joint,,impression,2026-05-18,2026-12-31,D - AI,35000.0,280000.0,2.0
mcp-Google_Drive-read_file_content-1790080892008.txt,Bone & Joint,Bone & Joint,,impression,2026-05-18,2026-12-31,D - GF,5000.0,40000.0,2.0
mcp-Google_Drive-read_file_content-1790080892008.txt,Bone & Joint,Bone & Joint,,impression,2026-05-18,2026-12-31,D - GR,5000.0,40000.0,2.0
mcp-Google_Drive-read_file_content-1790080892008.txt,Bone & Joint,Bone & Joint,,impression,2026-05-18,2026-12-31,FB - R,6000.0,48000.0,3.5
mcp-Google_Drive-read_file_content-1790080892008.txt,Bone & Joint,Bone & Joint,,click,2026-05-18,2026-12-31,PPC - Responsive,980.0,7840.0,2.8
mcp-Google_Drive-read_file_content-1790080892008.txt,Bone & Joint,Bone & Joint,,click,2026-05-18,2026-12-31,PPC - Dynamic,980.0,7840.0,2.8
mcp-Google_Drive-read_file_content-1790080892008.txt,GI Associates,GI Associates,,impression,2026-05-01,2026-12-31,FB - R,2000.0,16000.0,3.5
mcp-Google_Drive-read_file_content-1790080892008.txt,GI Associates,GI Associates,,impression,2026-05-01,2026-12-31,FB - Category,58000.0,464000.0,3.5
mcp-Google_Drive-read_file_content-1790080892008.txt,GI Associates,GI Associates,,click,2026-08-01,2026-12-31,PPC - Responsive,2450.0,12250.0,0.29
mcp-Google_Drive-read_file_content-1790080892008.txt,"Keller, Inc.","Keller, Inc.",,impression,2026-04-09,2026-10-01,Meta - R,5000.0,30000.0,3.5
mcp-Google_Drive-read_file_content-1790080892008.txt,"Keller, Inc.","Keller, Inc.",,impression,2026-04-09,2026-10-01,Meta - Category,15000.0,90000.0,3.5
mcp-Google_Drive-read_file_content-1790080892008.txt,"Keller, Inc.","Keller, Inc.",,impression,2026-04-09,2026-10-01,SM - B2B R,7647.0,45882.0,3.5
mcp-Google_Drive-read_file_content-1790080892008.txt,"Keller, Inc.","Keller, Inc.",,impression,2026-04-09,2026-10-01,SM - B2B B,90000.0,540000.0,3.5
mcp-Google_Drive-read_file_content-1790080892008.txt,"Keller, Inc.","Keller, Inc.",,impression,2026-04-09,2026-10-01,SM - B2B GF,10000.0,60000.0,3.5
mcp-Google_Drive-read_file_content-1790080892008.txt,"Keller, Inc.","Keller, Inc.",,impression,2026-04-09,2026-10-01,SM - B2B GR,10000.0,60000.0,3.5
mcp-Google_Drive-read_file_content-1790080892008.txt,McCarty Law 28741,McCarty Law 28741,,impression,2022-12-06,2024-12-31,MC Categories,175000.0,4375000.0,3.5
mcp-Google_Drive-read_file_content-1790080892008.txt,St. Paul Elder Services #22932,St. Paul Elder Services #22932,22932,impression,2025-10-06,2027-01-06,MC - Geo-Retargeting,50000.0,750000.0,3.5
mcp-Google_Drive-read_file_content-1790080892008.txt,Willie Oden for Sheriff,Willie Oden for Sheriff,,impression,2026-09-25,2026-11-03,SM - Retargeting,25000.0,25000.0,2.5
mcp-Google_Drive-read_file_content-1790080892008.txt,Willie Oden for Sheriff,Willie Oden for Sheriff,,impression,2026-09-25,2026-11-03,SM - Retargeting Lookalike,25000.0,25000.0,2.5
mcp-Google_Drive-read_file_content-1790080892008.txt,Willie Oden for Sheriff,Willie Oden for Sheriff,,impression,2026-09-25,2026-11-03,SM - Behavioral,50000.0,50000.0,2.5
mcp-Google_Drive-read_file_content-1790080892008.txt,Bovio Rubino #51697,Bovio Rubino #51697,51697,impression,2026-01-19,2026-02-22,FB/IG Premium Lead,13333.0,26666.0,19.69
mcp-Google_Drive-read_file_content-1790080892008.txt,Bovio Rubino #51697,Bovio Rubino #51697,51697,impression,2026-01-19,2026-02-22,FB/IG Premium Lead Matching,10000.0,20000.0,30.58
mcp-Google_Drive-read_file_content-1790080892008.txt,Bovio Rubino #51697,Bovio Rubino #51697,51697,impression,2026-01-19,2026-02-22,FB/IG Premium Lead Retargeting,10000.0,20000.0,33.14
mcp-Google_Drive-read_file_content-1790080892008.txt,Martin Law #54780,Martin Law #54780,54780,impression,2026-08-04,2026-10-31,FB/IG Premium,30000.0,90000.0,3.5
mcp-Google_Drive-read_file_content-1790080892008.txt,Martin Law #54780,Martin Law #54780,54780,impression,2026-08-04,2026-10-31,FB/IG Premium Retargeting,3333.0,9999.0,3.5
mcp-Google_Drive-read_file_content-1790080892008.txt,Sunshine Kidz #53368,Sunshine Kidz #53368,53368,impression,2026-06-15,2026-10-15,FB/IG Premium,55000.0,220000.0,3.5
mcp-Google_Drive-read_file_content-1790080892008.txt,Sunshine Kidz #53368,Sunshine Kidz #53368,53368,impression,2026-06-15,2026-10-15,FB/IG Premium Retargeting,5000.0,20000.0,3.5
mcp-Google_Drive-read_file_content-1790080892008.txt,Weisman Children's #56133,Weisman Children's #56133,56133,impression,2026-09-03,2026-12-01,FB/IG Premium (Pediatrics),30000.0,90000.0,3.5
mcp-Google_Drive-read_file_content-1790080892008.txt,Weisman Children's #56133,Weisman Children's #56133,56133,impression,2026-09-03,2026-12-01,FB/IG Premium (18-40 Parents),4000.0,12000.0,3.5
mcp-Google_Drive-read_file_content-1790080892008.txt,Weisman Children's #56133,Weisman Children's #56133,56133,impression,2026-09-03,2026-12-01,FB/IG Premium Retargeting,12153.0,36459.0,3.5
mcp-Google_Drive-read_file_content-1790080892008.txt,Weisman Children's #56133,Weisman Children's #56133,56133,impression,2026-09-03,2026-12-01,WVID Feed FB/IG Premium,,,3.5
mcp-Google_Drive-read_file_content-1790080892008.txt,Weisman Children's #52613,Weisman Children's #52613,52613,event,2026-09-03,2026-12-01,PMax,750.0,2250.0,1125.0
mcp-Google_Drive-read_file_content-1790080892008.txt,Monterey County Bank #53372,Monterey County Bank #53372,53372,impression,2026-03-26,2026-12-31,MC Categories,30000.0,270000.0,3.5
mcp-Google_Drive-read_file_content-1790080892008.txt,Monterey County Bank #53372,Monterey County Bank #53372,53372,impression,2026-03-26,2026-12-31,MC Geo-Fencing,5000.0,45000.0,3.5
mcp-Google_Drive-read_file_content-1790080892008.txt,Monterey County Bank #53372,Monterey County Bank #53372,53372,impression,2026-03-26,2026-12-31,MC Geo-Retargeting,35000.0,315000.0,3.5
mcp-Google_Drive-read_file_content-1790080892008.txt,VM BOS - Clareo Plastic Surgery #30594,VM BOS,30594,impression,2026-07-18,2026-10-30,IG - Premium,45000.0,135000.0,5.0
mcp-Google_Drive-read_file_content-1790080892008.txt,VM BOS - Clareo Plastic Surgery #30594,VM BOS,30594,impression,2026-07-18,2026-10-30,IG - Retargeting,5000.0,15000.0,5.0
mcp-Google_Drive-read_file_content-1790080892008.txt,Merry & Bright #55662,Merry & Bright #55662,55662,impression,2026-09-03,2026-11-30,Meta Lead - Categories,40000.0,120000.0,12.0
mcp-Google_Drive-read_file_content-1790080892008.txt,Merry & Bright #55662,Merry & Bright #55662,55662,impression,2026-09-03,2026-11-30,Meta Lead - Retargeting,18333.0,54999.0,12.0
mcp-Google_Drive-read_file_content-1790080892008.txt,TLC Supply #53391,TLC Supply #53391,53391,impression,2026-05-01,2026-10-31,FB/IG Premum,80000.0,480000.0,7.37
mcp-Google_Drive-read_file_content-1790080892008.txt,TLC Supply #53391,TLC Supply #53391,53391,impression,2026-05-01,2026-10-31,FB/IG Retargeting,10000.0,60000.0,6.22
mcp-Google_Drive-read_file_content-1790080892008.txt,TLC Supply #55322,TLC Supply #55322,55322,impression,2026-07-23,2026-09-30,MC - GF,29411.0,58822.0,3.5
mcp-Google_Drive-read_file_content-1790080892008.txt,TLC Supply #55322,TLC Supply #55322,55322,impression,2026-07-23,2026-09-30,MC - GR,10000.0,20000.0,3.5
mcp-Google_Drive-read_file_content-1790080892008.txt,TLC Supply #55322,TLC Supply #55322,55322,impression,2026-07-23,2026-09-30,MC - Categories,40000.0,80000.0,3.5
mcp-Google_Drive-read_file_content-1790080892008.txt,IBEW Local 401 #51491,IBEW Local 401 #51491,51491,impression,2026-01-01,2026-12-31,Display - Retargeting,1000.0,12000.0,2.5
mcp-Google_Drive-read_file_content-1790080892008.txt,IBEW Local 401 #51491,IBEW Local 401 #51491,51491,click,2026-01-23,2026-12-31,PPC Keywords,1750.0,21000.0,2.04
mcp-Google_Drive-read_file_content-1790080892008.txt,Goodwill - Halloween #41582,Goodwill,41582,impression,2026-01-21,2024-10-31,FB,1230000.0,1230000.0,5.0
mcp-Google_Drive-read_file_content-1790080892008.txt,Goodwill - Halloween #41582,Goodwill,41582,impression,2026-01-21,2024-10-31,D - Retarg,,,3.0
mcp-Google_Drive-read_file_content-1790080892008.txt,Goodwill - Halloween #41582,Goodwill,41582,impression,2026-01-21,2024-10-31,D -Beh,120000.0,120000.0,2.5
mcp-Google_Drive-read_file_content-1790080892008.txt,Goodwill - Halloween #41582,Goodwill,41582,impression,2026-01-21,2024-10-31,D - Keyword,50000.0,50000.0,2.5
mcp-Google_Drive-read_file_content-1790080892008.txt,Goodwill - Halloween #41582,Goodwill,41582,impression,2026-01-21,2024-10-31,D - AI,137500.0,137500.0,2.5
mcp-Google_Drive-read_file_content-1790080892008.txt,"Goodwill Fall 25 Shopper - Conc, Elk N, Western #49231",Goodwill Fall 25 Shopper,49231,impression,2025-11-01,2025-12-24,FB/IG Premium - Retargeting,10000.0,20000.0,3.5
mcp-Google_Drive-read_file_content-1790080892008.txt,"Goodwill Fall 25 Shopper - Conc, Elk N, Western #49231",Goodwill Fall 25 Shopper,49231,impression,2025-11-01,2025-12-24,FB/IG Premium - Categories,25000.0,50000.0,3.5
mcp-Google_Drive-read_file_content-1790080892008.txt,"Goodwill Fall 25 Shopper - Conc, Elk N, Western #49231",Goodwill Fall 25 Shopper,49231,impression,2025-11-01,2025-12-24,FB/IG Premium -  Cross Platform,25000.0,50000.0,3.5
mcp-Google_Drive-read_file_content-1790080892008.txt,"Goodwill Industries of Michiana, Inc. - Excel #40095","Goodwill Industries of Michiana, Inc.",40095,impression,2024-07-10,2024-08-31,D - GF,50000.0,100000.0,2.0
mcp-Google_Drive-read_file_content-1790080892008.txt,"Goodwill Industries of Michiana, Inc. - Excel #40095","Goodwill Industries of Michiana, Inc.",40095,impression,2024-07-10,2024-08-31,D - GR,50000.0,100000.0,2.0
mcp-Google_Drive-read_file_content-1790080892008.txt,"Goodwill Industries of Michiana, Inc. - Excel #40095","Goodwill Industries of Michiana, Inc.",40095,impression,2024-07-10,2024-08-31,D - KW,50000.0,100000.0,2.0
mcp-Google_Drive-read_file_content-1790080892008.txt,"Goodwill Industries of Michiana, Inc. - Excel #40095","Goodwill Industries of Michiana, Inc.",40095,impression,2024-07-10,2024-08-31,D - Behavioral,50000.0,100000.0,2.0
mcp-Google_Drive-read_file_content-1790080892008.txt,"Goodwill Industries of Michiana, Inc. - Excel #40095","Goodwill Industries of Michiana, Inc.",40095,impression,2024-07-10,2024-08-31,D - AI,50000.0,100000.0,2.0
mcp-Google_Drive-read_file_content-1790080892008.txt,"Goodwill Industries of Michiana, Inc. - Recruitment #40011","Goodwill Industries of Michiana, Inc.",40011,impression,2024-07-10,2024-10-08,D - Retargeting,12750.0,38250.0,3.0
mcp-Google_Drive-read_file_content-1790080892008.txt,"Goodwill Industries of Michiana, Inc. - Recruitment #40011","Goodwill Industries of Michiana, Inc.",40011,impression,2024-07-10,2024-10-08,D- GF,35000.0,105000.0,3.0
mcp-Google_Drive-read_file_content-1790080892008.txt,"Goodwill Industries of Michiana, Inc. - Recruitment #40011","Goodwill Industries of Michiana, Inc.",40011,impression,2024-07-10,2024-10-08,D - KW,35000.0,105000.0,3.0
mcp-Google_Drive-read_file_content-1790080892008.txt,"Goodwill Industries of Michiana, Inc. - Recruitment #40011","Goodwill Industries of Michiana, Inc.",40011,impression,2024-07-10,2024-10-08,D - Behavioral,70000.0,210000.0,
mcp-Google_Drive-read_file_content-1790080892008.txt,Goodwill NFP Client,Goodwill NFP Client,,impression,2025-07-31,2025-09-30,AZ Video - R St. Joseph,1666.0,3332.0,6.0
mcp-Google_Drive-read_file_content-1790080892008.txt,Goodwill NFP Client,Goodwill NFP Client,,impression,2025-07-31,2025-09-30,AZ Video - B ST. Joseph,40000.0,80000.0,6.0
mcp-Google_Drive-read_file_content-1790081125488.txt,Matthews Tire #43829,Matthews Tire #43829,43829,impression,2025-01-21,2025-12-31,DOOH - Display,16667.0,200000.0,12.0
mcp-Google_Drive-read_file_content-1790081125488.txt,Matthews Tire #43829,Matthews Tire #43829,43829,impression,2025-01-21,2025-12-31,DOOH - VIdeo,16667.0,200000.0,12.0
mcp-Google_Drive-read_file_content-1790081125488.txt,Matthews Tire,Matthews Tire,,impression,2026-04-16,2026-04-30,DOOH - Display,33333.0,33333.0,10.0
mcp-Google_Drive-read_file_content-1790081125488.txt,Matthews Tire,Matthews Tire,,impression,2026-04-16,2026-04-30,DOOH - Display,33333.0,33333.0,10.0
mcp-Google_Drive-read_file_content-1790081125488.txt,Boone Hall Plantation #52478,Boone Hall Plantation #52478,52478,impression,2026-08-03,2026-09-30,FB/Insta Retargeting,50000.0,100000.0,5.0
mcp-Google_Drive-read_file_content-1790081125488.txt,Boone Hall Plantation #52478,Boone Hall Plantation #52478,52478,impression,2026-08-03,2026-09-30,FB/Insta Premium EVERGREEN,50000.0,100000.0,5.0
mcp-Google_Drive-read_file_content-1790081125488.txt,Boone Hall Plantation #52478,Boone Hall Plantation #52478,52478,impression,2026-08-03,2026-09-30,FB/Insta Premium WILLIES,50000.0,100000.0,5.0
mcp-Google_Drive-read_file_content-1790081125488.txt,Boone Hall Plantation #52478,Boone Hall Plantation #52478,52478,impression,2026-08-03,2026-09-30,FB/Insta Premium WILLIES RETARGETING,50000.0,100000.0,5.0
mcp-Google_Drive-read_file_content-1790081125488.txt,LHWH - McLeod - Cancer #55169,LHWH,55169,impression,2026-07-16,2026-10-16,MC - Categories,125000.0,375000.0,3.5
mcp-Google_Drive-read_file_content-1790081125488.txt,LHWH - McLeod - Cancer #55169,LHWH,55169,impression,2026-07-16,2026-10-16,MC - GF,125000.0,375000.0,3.5
mcp-Google_Drive-read_file_content-1790081125488.txt,LHWH - McLeod - Cancer #55169,LHWH,55169,impression,2026-07-16,2026-10-16,MC - GR,125000.0,375000.0,3.5
mcp-Google_Drive-read_file_content-1790081125488.txt,LHWH - McLeod - Cancer #55169,LHWH,55169,impression,2026-07-16,2026-10-16,MC - GR Lookalike,125000.0,375000.0,3.5
mcp-Google_Drive-read_file_content-1790081125488.txt,McLeod Health - Seacoast #55489,McLeod Health,55489,impression,2026-08-10,2026-11-10,MC - Categories,33333.0,100000.0,3.5
mcp-Google_Drive-read_file_content-1790081125488.txt,McLeod Health - Seacoast #55489,McLeod Health,55489,impression,2026-08-10,2026-11-10,MC - GF,33333.0,100000.0,3.5
mcp-Google_Drive-read_file_content-1790081125488.txt,McLeod Health - Seacoast #55489,McLeod Health,55489,impression,2026-08-10,2026-11-10,MC - GR,33333.0,100000.0,3.5
mcp-Google_Drive-read_file_content-1790081125488.txt,McLeod Health - Seacoast #55489,McLeod Health,55489,impression,2026-08-10,2026-11-10,MC - GR Lookalike,33333.0,100000.0,3.5
mcp-Google_Drive-read_file_content-1790081125488.txt,McLeod Health - Seacoast #55489,McLeod Health,55489,impression,2026-08-10,2026-11-10,MC - Retargeting,,,3.5
mcp-Google_Drive-read_file_content-1790081125488.txt,Albemarle Baptist Church,Albemarle Baptist Church,,impression,2026-09-15,2026-10-09,Video Retargeting,3750.0,3750.0,6.0
mcp-Google_Drive-read_file_content-1790081125488.txt,Albemarle Baptist Church,Albemarle Baptist Church,,impression,2026-09-15,2026-10-09,Video Behavioral Layered,20000.0,20000.0,6.5
mcp-Google_Drive-read_file_content-1790081125488.txt,Albemarle Baptist Church,Albemarle Baptist Church,,impression,2026-09-15,2026-10-09,Video Content,20000.0,20000.0,6.0
mcp-Google_Drive-read_file_content-1790081125488.txt,Albemarle Baptist Church,Albemarle Baptist Church,,impression,2026-09-15,2026-10-09,CTV Retargeting,750.0,750.0,12.0
mcp-Google_Drive-read_file_content-1790081125488.txt,Albemarle Baptist Church,Albemarle Baptist Church,,impression,2026-09-15,2026-10-09,CTV Behavioral Layered,9000.0,9000.0,12.5
mcp-Google_Drive-read_file_content-1790081125488.txt,Albemarle Baptist Church,Albemarle Baptist Church,,impression,2026-09-15,2026-10-09,CTV Content,9000.0,9000.0,12.0
mcp-Google_Drive-read_file_content-1790081125488.txt,Albemarle Baptist Church,Albemarle Baptist Church,,impression,2026-09-15,2026-10-09,TikTok Retargeting,5000.0,5000.0,3.0
mcp-Google_Drive-read_file_content-1790081125488.txt,Albemarle Baptist Church,Albemarle Baptist Church,,impression,2026-09-15,2026-10-09,TikTok Categories/Hashtags,75000.0,75000.0,3.0
mcp-Google_Drive-read_file_content-1790081125488.txt,Albemarle Baptist Church School,Albemarle Baptist Church School,,impression,2026-07-30,2026-08-31,Video Retargeting,2000.0,2000.0,6.0
mcp-Google_Drive-read_file_content-1790081125488.txt,Albemarle Baptist Church School,Albemarle Baptist Church School,,impression,2026-07-30,2026-08-31,Video Behavioral,9000.0,9000.0,6.5
mcp-Google_Drive-read_file_content-1790081125488.txt,Albemarle Baptist Church School,Albemarle Baptist Church School,,impression,2026-07-30,2026-08-31,Video AI,9000.0,9000.0,6.0
mcp-Google_Drive-read_file_content-1790081125488.txt,Albemarle Baptist Church School,Albemarle Baptist Church School,,impression,2026-07-30,2026-08-31,CTV Retargeting,1250.0,1250.0,12.0
mcp-Google_Drive-read_file_content-1790081125488.txt,Albemarle Baptist Church School,Albemarle Baptist Church School,,impression,2026-07-30,2026-08-31,CTV Behavioral,5000.0,5000.0,12.5
mcp-Google_Drive-read_file_content-1790081125488.txt,Albemarle Baptist Church School,Albemarle Baptist Church School,,impression,2026-07-30,2026-08-31,CTV AI,5000.0,5000.0,12.0
mcp-Google_Drive-read_file_content-1790081125488.txt,Albemarle Baptist Church School,Albemarle Baptist Church School,,impression,2026-08-06,2026-08-31,FB/IG Retargeting,5000.0,5000.0,3.5
mcp-Google_Drive-read_file_content-1790081125488.txt,Albemarle Baptist Church School,Albemarle Baptist Church School,,impression,2026-08-06,2026-08-31,FB/IG Premium,35000.0,35000.0,3.5
mcp-Google_Drive-read_file_content-1790081125488.txt,Alpha Rain Metal Roofing,Alpha Rain Metal Roofing,,event,2026-03-15,2026-10-15,Performance Max,1500.0,10500.0,2625.0
mcp-Google_Drive-read_file_content-1790081125488.txt,Artful Stitches,Artful Stitches,,impression,2026-08-24,2026-11-30,FB/IG Premium,48000.0,144000.0,3.5
mcp-Google_Drive-read_file_content-1790081125488.txt,Bailey Builds,Bailey Builds,,impression,2026-01-15,2026-03-15,SM Retargeting,6666.0,13332.0,3.0
mcp-Google_Drive-read_file_content-1790081125488.txt,Bailey Builds,Bailey Builds,,impression,2026-01-15,2026-03-15,SM Behavioral,30000.0,60000.0,3.0
mcp-Google_Drive-read_file_content-1790081125488.txt,Bailey Builds,Bailey Builds,,impression,2026-01-15,2026-03-15,SM AI,30000.0,60000.0,3.0
mcp-Google_Drive-read_file_content-1790081125488.txt,Bailey Builds,Bailey Builds,,impression,2026-01-15,2026-03-15,MC Site Retargeting,333.0,666.0,3.5
mcp-Google_Drive-read_file_content-1790081125488.txt,Bailey Builds,Bailey Builds,,impression,2026-01-15,2026-03-15,MC Categories,11000.0,22000.0,3.5
mcp-Google_Drive-read_file_content-1790081125488.txt,Bailey Builds,Bailey Builds,,impression,2026-01-15,2026-03-15,MC GeoFencing,11000.0,22000.0,3.5
mcp-Google_Drive-read_file_content-1790081125488.txt,Bailey Builds,Bailey Builds,,impression,2026-01-15,2026-03-15,MC GeoRetargeting,11000.0,22000.0,3.5
mcp-Google_Drive-read_file_content-1790081125488.txt,Bob's Wheel Alignment,Bob's Wheel Alignment,,impression,2026-05-28,2026-11-28,Retargeting SM CTV,129.0,774.0,14.0
mcp-Google_Drive-read_file_content-1790081125488.txt,Bob's Wheel Alignment,Bob's Wheel Alignment,,impression,2026-05-28,2026-11-28,AI SM CTV,8000.0,48000.0,14.0
mcp-Google_Drive-read_file_content-1790081125488.txt,Bob's Wheel Alignment,Bob's Wheel Alignment,,impression,2026-05-28,2026-11-28,Behavioral Layered SM CTV,8000.0,48000.0,14.5
mcp-Google_Drive-read_file_content-1790081125488.txt,Branchlands,Branchlands,,impression,2026-01-23,2026-03-15,CTV Retargeting,1000.0,2000.0,14.0
mcp-Google_Drive-read_file_content-1790081125488.txt,Branchlands,Branchlands,,impression,2026-01-23,2026-03-15,CTV Behavioral,12000.0,24000.0,14.0
mcp-Google_Drive-read_file_content-1790081125488.txt,Branchlands,Branchlands,,impression,2026-01-23,2026-03-15,CTV AI,12000.0,24000.0,14.0
mcp-Google_Drive-read_file_content-1790081125488.txt,Camp Holiday Trails,Camp Holiday Trails,,impression,2026-09-01,2026-12-31,Retargeting Display,10000.0,40000.0,2.5
mcp-Google_Drive-read_file_content-1790081125488.txt,Camp Holiday Trails,Camp Holiday Trails,,impression,2026-09-01,2026-12-31,Behavioral Display,70000.0,280000.0,2.5
mcp-Google_Drive-read_file_content-1790081125488.txt,Camp Holiday Trails,Camp Holiday Trails,,impression,2026-09-01,2026-12-31,Retargeting FB/IG,5000.0,20000.0,3.5
mcp-Google_Drive-read_file_content-1790081125488.txt,Camp Holiday Trails,Camp Holiday Trails,,impression,2026-09-01,2026-12-31,Premium FB/IG,35000.0,140000.0,3.5
mcp-Google_Drive-read_file_content-1790081125488.txt,Cardinal Home Center - Charlottesville,Cardinal Home Center,,impression,2026-01-21,2026-03-31,Retargeting YouTube+,2500.0,7500.0,5.0
mcp-Google_Drive-read_file_content-1790081125488.txt,Cardinal Home Center - Charlottesville,Cardinal Home Center,,impression,2026-01-21,2026-03-31,Categories YouTube+,22500.0,67500.0,5.0
mcp-Google_Drive-read_file_content-1790081125488.txt,Charlottesville–Albemarle Airport,Charlottesville–Albemarle Airport,,event,2026-06-02,2026-12-31,PMAX,1600.0,11200.0,2800.0
mcp-Google_Drive-read_file_content-1790081125488.txt,Charlottesville–Albemarle Airport,Charlottesville–Albemarle Airport,,click,2026-08-20,2026-09-30,PPC - Keywords,1120.0,2240.0,0.21
mcp-Google_Drive-read_file_content-1790081125488.txt,Charlottesville Albemarle SPCA,Charlottesville Albemarle SPCA,,impression,2026-02-01,2026-05-06,SM Retargeting,5588.0,16764.0,3.0
mcp-Google_Drive-read_file_content-1790081125488.txt,Charlottesville Albemarle SPCA,Charlottesville Albemarle SPCA,,impression,2026-02-01,2026-05-06,SM Behavioral,32500.0,97500.0,3.0
mcp-Google_Drive-read_file_content-1790081125488.txt,Charlottesville Albemarle SPCA,Charlottesville Albemarle SPCA,,impression,2026-02-01,2026-05-06,SM AI,32500.0,97500.0,3.0
mcp-Google_Drive-read_file_content-1790081125488.txt,Charlottesville Area Transit Pupil,Charlottesville Area Transit Pupil,,impression,2026-07-01,2026-09-30,CTV Retargeting,1714.0,5142.0,12.0
mcp-Google_Drive-read_file_content-1790081125488.txt,Charlottesville Area Transit Pupil,Charlottesville Area Transit Pupil,,impression,2026-07-01,2026-09-30,CTV B2B Behavioral,17000.0,51000.0,12.5
mcp-Google_Drive-read_file_content-1790081125488.txt,Charlottesville Area Transit Pupil,Charlottesville Area Transit Pupil,,impression,2026-07-01,2026-09-30,CTV AI,17000.0,51000.0,12.0
mcp-Google_Drive-read_file_content-1790081125488.txt,Charlottesville Area Transit Ridership,Charlottesville Area Transit Ridership,,impression,2026-07-01,2026-09-30,CTV Retargeting,1000.0,3000.0,12.0
mcp-Google_Drive-read_file_content-1790081125488.txt,Charlottesville Area Transit Ridership,Charlottesville Area Transit Ridership,,impression,2026-07-01,2026-09-30,CTV Behavioral,12500.0,37500.0,12.0
mcp-Google_Drive-read_file_content-1790081125488.txt,Charlottesville Area Transit Ridership,Charlottesville Area Transit Ridership,,impression,2026-07-01,2026-09-30,CTV AI,11500.0,34500.0,12.0
mcp-Google_Drive-read_file_content-1790081125488.txt,Charlottesville Earthly Cleaning,Charlottesville Earthly Cleaning,,click,2026-09-10,2026-12-31,PPC Keywords,1890.0,7560.0,
mcp-Google_Drive-read_file_content-1790081125488.txt,Charlottesville's Earthly Cleaning,Charlottesville's Earthly Cleaning,,event,2026-04-13,2026-12-31,PMAX,1600.0,14400.0,3600.0
mcp-Google_Drive-read_file_content-1790081125488.txt,Charlottesville Gutter Pros,Charlottesville Gutter Pros,,impression,2025-12-22,2026-02-03,CTV Behavioral,24000.0,24000.0,14.0
mcp-Google_Drive-read_file_content-1790081125488.txt,City of Charlottesville Gas,City of Charlottesville Gas,,impression,2026-07-27,2026-08-24,YouTube+ Retargeting,500.0,500.0,5.0
mcp-Google_Drive-read_file_content-1790081125488.txt,City of Charlottesville Gas,City of Charlottesville Gas,,impression,2026-07-27,2026-08-24,YouTube+ Categories,37000.0,37000.0,5.0
mcp-Google_Drive-read_file_content-1790081125488.txt,City of Charlottesville Water,City of Charlottesville Water,,impression,2026-10-01,2026-10-31,Retargeting Social Mirror CTV,1774.0,1774.0,14.0
mcp-Google_Drive-read_file_content-1790081125488.txt,City of Charlottesville Water,City of Charlottesville Water,,impression,2026-10-01,2026-10-31,Behavioral Social Mirror CTV,10000.0,10000.0,14.0
mcp-Google_Drive-read_file_content-1790081125488.txt,City of Charlottesville Water,City of Charlottesville Water,,impression,2026-10-01,2026-10-31,AI Social Mirror CTV,10000.0,10000.0,14.0
mcp-Google_Drive-read_file_content-1790081125488.txt,Crozet Artisan Depot - Harrisonburg,Crozet Artisan Depot,,impression,2026-04-27,2026-05-16,FB/IG Premium,13000.0,13000.0,3.5
mcp-Google_Drive-read_file_content-1790081125488.txt,Crozet Artisan Depot - Harrisonburg,Crozet Artisan Depot,,impression,2026-04-27,2026-05-16,FB/IG Retargeting,4000.0,4000.0,3.5
mcp-Google_Drive-read_file_content-1790081125488.txt,Culpeper Window & Siding Inc.,Culpeper Window & Siding Inc.,,event,2026-06-01,2026-09-30,Performance Max,1500.0,6000.0,1500.0
mcp-Google_Drive-read_file_content-1790081125488.txt,DePaul Community Resources,DePaul Community Resources,,impression,2026-03-21,2026-06-21,Retargeting Display,20000.0,60000.0,2.5
mcp-Google_Drive-read_file_content-1790081125488.txt,DePaul Community Resources,DePaul Community Resources,,impression,2026-03-21,2026-06-21,Keyword Display,63333.0,189999.0,2.5
mcp-Google_Drive-read_file_content-1790081125488.txt,DePaul Community Resources,DePaul Community Resources,,impression,2026-03-21,2026-06-21,Behavioral Display,63333.0,189999.0,2.5
mcp-Google_Drive-read_file_content-1790081125488.txt,DePaul Community Resources,DePaul Community Resources,,impression,2026-03-21,2026-06-21,AI Display,63334.0,190002.0,2.5
mcp-Google_Drive-read_file_content-1790081125488.txt,Dogwood Village Assisted Living,Dogwood Village Assisted Living,,impression,2026-01-20,2026-12-31,SM Retargeting,6666.0,79992.0,3.0
mcp-Google_Drive-read_file_content-1790081125488.txt,Dovetail Design & Cabinetry,Dovetail Design & Cabinetry,,impression,2026-05-18,2026-09-15,MC Site Retargeting,5000.0,20000.0,3.5
mcp-Google_Drive-read_file_content-1790081125488.txt,Dovetail Design & Cabinetry,Dovetail Design & Cabinetry,,impression,2026-05-18,2026-09-15,MC Categories,45000.0,180000.0,3.5
mcp-Google_Drive-read_file_content-1790081125488.txt,Dovetail Design & Cabinetry,Dovetail Design & Cabinetry,,impression,2026-05-18,2026-09-15,MC Geo-Fencing,25000.0,100000.0,3.5
mcp-Google_Drive-read_file_content-1790081125488.txt,Dovetail Design & Cabinetry,Dovetail Design & Cabinetry,,impression,2026-05-18,2026-09-15,MC Geo-Retargeting,25000.0,100000.0,3.5
mcp-Google_Drive-read_file_content-1790081125488.txt,Dovetail Design & Cabinetry,Dovetail Design & Cabinetry,,impression,2026-05-18,2026-09-15,Amazon Behavioral Display,30000.0,120000.0,2.5
mcp-Google_Drive-read_file_content-1790081125488.txt,Dovetail Design & Cabinetry,Dovetail Design & Cabinetry,,impression,2026-05-18,2026-09-15,Amazon Products Display,30000.0,120000.0,2.5
mcp-Google_Drive-read_file_content-1790081125488.txt,Foxfield Racing LLC,Foxfield Racing LLC,,impression,2026-07-20,2026-08-20,Retargeting Native,1666.0,1666.0,2.5
mcp-Google_Drive-read_file_content-1790081125488.txt,Foxfield Racing LLC,Foxfield Racing LLC,,impression,2026-07-20,2026-08-20,Behavioral Native Layered,40000.0,40000.0,3.0
mcp-Google_Drive-read_file_content-1790081125488.txt,Foxfield Racing LLC,Foxfield Racing LLC,,impression,2026-07-20,2026-08-20,Retargeting CTV,1809.0,1809.0,12.0
mcp-Google_Drive-read_file_content-1790081125488.txt,Foxfield Racing LLC,Foxfield Racing LLC,,impression,2026-07-20,2026-08-20,Behavioral CTV Layered,11000.0,11000.0,12.5
mcp-Google_Drive-read_file_content-1790081125488.txt,Foxfield Racing LLC,Foxfield Racing LLC,,impression,2026-07-20,2026-08-20,AI CTV,11000.0,11000.0,12.0
mcp-Google_Drive-read_file_content-1790081125488.txt,Foxfield Racing LLC,Foxfield Racing LLC,,impression,2026-09-01,2026-10-03,Retargeting Native,5833.0,5833.0,2.5
mcp-Google_Drive-read_file_content-1790081125488.txt,Foxfield Racing LLC,Foxfield Racing LLC,,impression,2026-09-01,2026-10-03,Behavioral Native Layered,65000.0,65000.0,3.0
mcp-Google_Drive-read_file_content-1790081125488.txt,Foxfield Racing LLC,Foxfield Racing LLC,,impression,2026-09-01,2026-10-03,Retargeting CTV,1809.0,1809.0,12.0
mcp-Google_Drive-read_file_content-1790081125488.txt,Foxfield Racing LLC,Foxfield Racing LLC,,impression,2026-09-01,2026-10-03,Behavioral CTV Layered,11000.0,11000.0,12.5
mcp-Google_Drive-read_file_content-1790081125488.txt,Foxfield Racing LLC,Foxfield Racing LLC,,impression,2026-09-01,2026-10-03,AI CTV,11000.0,11000.0,12.0
mcp-Google_Drive-read_file_content-1790081125488.txt,Foxfield Races - Lynchburg/Richmond,Foxfield Races,,impression,2026-07-20,2026-08-20,Retargeting Native,1666.0,1666.0,2.5
mcp-Google_Drive-read_file_content-1790081125488.txt,Foxfield Races - Lynchburg/Richmond,Foxfield Races,,impression,2026-07-20,2026-08-20,Behavioral Native Layered,40000.0,40000.0,3.0
mcp-Google_Drive-read_file_content-1790081125488.txt,Foxfield Races - Lynchburg/Richmond,Foxfield Races,,impression,2026-07-20,2026-08-20,Retargeting CTV,1809.0,1809.0,12.0
mcp-Google_Drive-read_file_content-1790081125488.txt,Foxfield Races - Lynchburg/Richmond,Foxfield Races,,impression,2026-07-20,2026-08-20,Behavioral CTV Layered,11000.0,11000.0,12.5
mcp-Google_Drive-read_file_content-1790081125488.txt,Foxfield Races - Lynchburg/Richmond,Foxfield Races,,impression,2026-07-20,2026-08-20,AI CTV,11000.0,11000.0,12.0
mcp-Google_Drive-read_file_content-1790081125488.txt,Foxfield Races - Lynchburg/Richmond,Foxfield Races,,impression,2026-09-01,2026-10-03,Retargeting Native,1666.0,1666.0,2.5
mcp-Google_Drive-read_file_content-1790081125488.txt,Foxfield Races - Lynchburg/Richmond,Foxfield Races,,impression,2026-09-01,2026-10-03,Behavioral Native Layered,40000.0,40000.0,3.0
mcp-Google_Drive-read_file_content-1790081125488.txt,Foxfield Races - Lynchburg/Richmond,Foxfield Races,,impression,2026-09-01,2026-10-03,Retargeting CTV,1809.0,1809.0,12.0
mcp-Google_Drive-read_file_content-1790081125488.txt,Foxfield Races - Lynchburg/Richmond,Foxfield Races,,impression,2026-09-01,2026-10-03,Behavioral CTV Layered,11000.0,11000.0,12.5
mcp-Google_Drive-read_file_content-1790081125488.txt,Foxfield Races - Lynchburg/Richmond,Foxfield Races,,impression,2026-09-01,2026-10-03,AI CTV,11000.0,11000.0,12.0
mcp-Google_Drive-read_file_content-1790081125488.txt,Foxfield Client - Warrenton/Nova,Foxfield Client,,impression,2026-07-20,2026-08-20,Retargeting Native,1666.0,1666.0,2.5
mcp-Google_Drive-read_file_content-1790081125488.txt,Foxfield Client - Warrenton/Nova,Foxfield Client,,impression,2026-07-20,2026-08-20,Behavioral Native Layered,40000.0,40000.0,3.0
mcp-Google_Drive-read_file_content-1790081125488.txt,Foxfield Client - Warrenton/Nova,Foxfield Client,,impression,2026-07-20,2026-08-20,Retargeting CTV,1809.0,1809.0,12.0
mcp-Google_Drive-read_file_content-1790081125488.txt,Foxfield Client - Warrenton/Nova,Foxfield Client,,impression,2026-07-20,2026-08-20,Behavioral CTV Layered,11000.0,11000.0,12.5
mcp-Google_Drive-read_file_content-1790081125488.txt,Foxfield Client - Warrenton/Nova,Foxfield Client,,impression,2026-07-20,2026-08-20,AI CTV,11000.0,11000.0,12.0
mcp-Google_Drive-read_file_content-1790081125488.txt,Foxfield Client - Warrenton/Nova,Foxfield Client,,impression,2026-09-01,2026-10-03,Retargeting Native,1666.0,1666.0,2.5
mcp-Google_Drive-read_file_content-1790081125488.txt,Foxfield Client - Warrenton/Nova,Foxfield Client,,impression,2026-09-01,2026-10-03,Behavioral Native Layered,20000.0,20000.0,3.0
mcp-Google_Drive-read_file_content-1790081125488.txt,Foxfield Client - Warrenton/Nova,Foxfield Client,,impression,2026-09-01,2026-10-03,AI Native,20000.0,20000.0,2.5
mcp-Google_Drive-read_file_content-1790081125488.txt,Foxfield Client - Warrenton/Nova,Foxfield Client,,impression,2026-09-01,2026-10-03,Retargeting CTV,1809.0,1809.0,12.0
mcp-Google_Drive-read_file_content-1790081125488.txt,Foxfield Client - Warrenton/Nova,Foxfield Client,,impression,2026-09-01,2026-10-03,Behavioral CTV Layered,11000.0,11000.0,12.5
mcp-Google_Drive-read_file_content-1790081125488.txt,Foxfield Client - Warrenton/Nova,Foxfield Client,,impression,2026-09-01,2026-10-03,AI CTV,11000.0,11000.0,12.0
mcp-Google_Drive-read_file_content-1790081125488.txt,Harley Davidson,Harley Davidson,,event,2026-09-09,2026-11-30,PMAX,1500.0,4500.0,1125.0
mcp-Google_Drive-read_file_content-1790081125488.txt,HIVEX Basement Finishing Co. - CVL,HIVEX Basement Finishing Co.,,impression,2026-02-02,2026-04-30,SM Retargeting,1333.0,2666.0,3.0
mcp-Google_Drive-read_file_content-1790081125488.txt,HIVEX Basement Finishing Co. - CVL,HIVEX Basement Finishing Co.,,impression,2026-02-02,2026-04-30,SM Behavioral,16000.0,32000.0,3.0
mcp-Google_Drive-read_file_content-1790081125488.txt,HIVEX Basement Finishing Co. - CVL,HIVEX Basement Finishing Co.,,impression,2026-02-02,2026-04-30,SM AI,16000.0,32000.0,3.0
mcp-Google_Drive-read_file_content-1790081125488.txt,HIVEX Basement Finishing Co. - CVL,HIVEX Basement Finishing Co.,,impression,2026-02-02,2026-04-30,SM CTV Retargeting,666.0,1332.0,14.0
mcp-Google_Drive-read_file_content-1790081125488.txt,HIVEX Basement Finishing Co. - CVL,HIVEX Basement Finishing Co.,,impression,2026-02-02,2026-04-30,SM CTV Behavioral,16000.0,32000.0,14.0
mcp-Google_Drive-read_file_content-1790081125488.txt,HIVEX Basement Finishing Co. - CVL,HIVEX Basement Finishing Co.,,impression,2026-02-02,2026-04-30,Display Retargeting,5000.0,10000.0,2.5
mcp-Google_Drive-read_file_content-1790081125488.txt,HIVEX Basement Finishing Co. - CVL,HIVEX Basement Finishing Co.,,impression,2026-02-02,2026-04-30,Display Behavioral,47500.0,95000.0,2.5
mcp-Google_Drive-read_file_content-1790081125488.txt,HIVEX Basement Finishing Co. - CVL,HIVEX Basement Finishing Co.,,impression,2026-02-02,2026-04-30,Display AI,47500.0,95000.0,2.5
mcp-Google_Drive-read_file_content-1790081125488.txt,HIVEX Basement Finishing Co. - FXBG,HIVEX Basement Finishing Co.,,impression,2026-04-02,2026-07-31,SM Retargeting,6666.0,26664.0,3.0
mcp-Google_Drive-read_file_content-1790081125488.txt,HIVEX Basement Finishing Co. - FXBG,HIVEX Basement Finishing Co.,,impression,2026-04-02,2026-07-31,SM Behavioral,30000.0,120000.0,3.0
mcp-Google_Drive-read_file_content-1790081125488.txt,HIVEX Basement Finishing Co. - FXBG,HIVEX Basement Finishing Co.,,impression,2026-04-02,2026-07-31,SM AI,30000.0,120000.0,3.0
mcp-Google_Drive-read_file_content-1790081125488.txt,HIVEX Basement Finishing Co. - FXBG,HIVEX Basement Finishing Co.,,impression,2026-04-02,2026-07-31,SM CTV Retargeting,666.0,2664.0,14.0
mcp-Google_Drive-read_file_content-1790081125488.txt,HIVEX Basement Finishing Co. - FXBG,HIVEX Basement Finishing Co.,,impression,2026-04-02,2026-07-31,SM CTV Behavioral,16000.0,64000.0,14.0
mcp-Google_Drive-read_file_content-1790081125488.txt,HIVEX Basement Finishing Co. - FXBG,HIVEX Basement Finishing Co.,,impression,2026-04-02,2026-07-31,Display Retargeting,5000.0,20000.0,2.5
mcp-Google_Drive-read_file_content-1790081125488.txt,HIVEX Basement Finishing Co. - FXBG,HIVEX Basement Finishing Co.,,impression,2026-04-02,2026-07-31,Display Behavioral,47500.0,190000.0,2.5
mcp-Google_Drive-read_file_content-1790081125488.txt,HIVEX Basement Finishing Co. - FXBG,HIVEX Basement Finishing Co.,,impression,2026-04-02,2026-07-31,Display AI,47500.0,190000.0,2.5
mcp-Google_Drive-read_file_content-1790081125488.txt,HIVEX Basement Finishing Co. - FXBG,HIVEX Basement Finishing Co.,,impression,2026-04-02,2026-07-31,CTV Retargeting,5000.0,20000.0,12.0
mcp-Google_Drive-read_file_content-1790081125488.txt,HIVEX Basement Finishing Co. - FXBG,HIVEX Basement Finishing Co.,,impression,2026-04-02,2026-07-31,CTV Behavioral,10000.0,40000.0,12.0
mcp-Google_Drive-read_file_content-1790081125488.txt,HIVEX Basement Finishing Co. - FXBG,HIVEX Basement Finishing Co.,,impression,2026-04-02,2026-07-31,CTV AI,10000.0,40000.0,12.0
mcp-Google_Drive-read_file_content-1790081125488.txt,HIVEX Basement Finishing Co. - RVA,HIVEX Basement Finishing Co.,,impression,2026-02-01,2026-07-31,Retargeting CTV,1761.0,10566.0,14.0
mcp-Google_Drive-read_file_content-1790081125488.txt,HIVEX Basement Finishing Co. - RVA,HIVEX Basement Finishing Co.,,impression,2026-02-01,2026-07-31,Behavioral CTV,14000.0,84000.0,14.0
mcp-Google_Drive-read_file_content-1790081125488.txt,HIVEX Basement Finishing Co. - RVA,HIVEX Basement Finishing Co.,,impression,2026-02-01,2026-07-31,AI CTV,14000.0,84000.0,14.0
mcp-Google_Drive-read_file_content-1790081125488.txt,HIVEX Basement Finishing Co. - RVA,HIVEX Basement Finishing Co.,,impression,2026-02-01,2026-07-31,Retargeting SM,4235.0,25410.0,3.0
mcp-Google_Drive-read_file_content-1790081125488.txt,House of Oak and Sofas,House of Oak and Sofas,,impression,2025-12-10,2026-05-06,Retargeting CTV,619.0,3095.0,14.0
mcp-Google_Drive-read_file_content-1790081125488.txt,House of Oak and Sofas,House of Oak and Sofas,,impression,2025-12-10,2026-05-06,Behavioral CTV,26000.0,130000.0,14.0
mcp-Google_Drive-read_file_content-1790081125488.txt,House of Oak and Sofas,House of Oak and Sofas,,impression,2025-12-10,2026-05-06,AI CTV,21000.0,105000.0,14.0
mcp-Google_Drive-read_file_content-1790081125488.txt,Iron and Ale,Iron and Ale,,impression,2026-04-20,2026-07-31,MC Retargeting,5309.0,15927.0,3.5
mcp-Google_Drive-read_file_content-1790081125488.txt,Iron and Ale,Iron and Ale,,impression,2026-04-20,2026-07-31,MC Categories,34000.0,102000.0,3.5
mcp-Google_Drive-read_file_content-1790081125488.txt,Living Free Together,Living Free Together,,impression,2026-09-14,2026-11-13,CTV Behavioral Targeting,7500.0,15000.0,12.5
mcp-Google_Drive-read_file_content-1790081125488.txt,Living Free Together,Living Free Together,,impression,2026-09-14,2026-11-13,CTV Website Retargeting,625.0,1250.0,12.0
mcp-Google_Drive-read_file_content-1790081125488.txt,Living Free Together,Living Free Together,,impression,2026-09-14,2026-11-13,CTV AI Targeting,7500.0,15000.0,12.0
mcp-Google_Drive-read_file_content-1790081125488.txt,Living Free Together,Living Free Together,,impression,2026-09-14,2026-11-13,Video Behavioral Targeting,7500.0,15000.0,6.5
mcp-Google_Drive-read_file_content-1790081125488.txt,Living Free Together,Living Free Together,,impression,2026-09-14,2026-11-13,Video Website Retargeting,625.0,1250.0,6.0
mcp-Google_Drive-read_file_content-1790081125488.txt,Living Free Together,Living Free Together,,impression,2026-09-14,2026-11-13,Video AI Targeting,7500.0,15000.0,6.0
mcp-Google_Drive-read_file_content-1790081125488.txt,Long and Foster - Paul McArtor,Long and Foster,,impression,2026-06-25,2026-07-12,Behavioral Display,60000.0,60000.0,2.5
mcp-Google_Drive-read_file_content-1790081125488.txt,Long and Foster - Paul McArtor,Long and Foster,,impression,2026-06-25,2026-07-12,Retargeting Display,2000.0,2000.0,2.5
mcp-Google_Drive-read_file_content-1790081125488.txt,Lovingston Merchants Association,Lovingston Merchants Association,,impression,2026-05-21,2026-12-15,Behavioral Display,40000.0,240000.0,2.5
mcp-Google_Drive-read_file_content-1790081125488.txt,Lovingston Merchants Association,Lovingston Merchants Association,,impression,2026-05-21,2026-12-15,Retargeting Display,3333.0,19998.0,2.5
mcp-Google_Drive-read_file_content-1790081125488.txt,Lovingston Merchants Association,Lovingston Merchants Association,,impression,2026-05-21,2026-12-15,Geo-Fencing Display,20000.0,120000.0,2.5
mcp-Google_Drive-read_file_content-1790081125488.txt,Lovingston Merchants Association,Lovingston Merchants Association,,impression,2026-05-21,2026-12-15,Geo-Retargeting Display,20000.0,120000.0,2.5
mcp-Google_Drive-read_file_content-1790081125488.txt,Martha Jefferson House/BW Therapy,Martha Jefferson House/BW Therapy,,impression,2026-09-17,2026-11-30,Ai CTV,23000.0,69000.0,12.0
mcp-Google_Drive-read_file_content-1790081125488.txt,Martha Jefferson House/BW Therapy,Martha Jefferson House/BW Therapy,,impression,2026-09-17,2026-11-30,Behavioral CTV Layered,23000.0,69000.0,12.5
mcp-Google_Drive-read_file_content-1790081125488.txt,Martha Jefferson House/BW Therapy,Martha Jefferson House/BW Therapy,,impression,2026-09-17,2026-11-30,Retargeting CTV,1619.0,4857.0,12.0
mcp-Google_Drive-read_file_content-1790081125488.txt,Mac's Auto Repair & Tire Center,Mac's Auto Repair & Tire Center,,impression,2026-05-27,2026-08-26,Retargeting SM CTV,1129.0,3387.0,14.0
mcp-Google_Drive-read_file_content-1790081125488.txt,Mac's Auto Repair & Tire Center,Mac's Auto Repair & Tire Center,,impression,2026-05-27,2026-08-26,AI SM CTV,7500.0,22500.0,14.0
mcp-Google_Drive-read_file_content-1790081125488.txt,Mac's Auto Repair & Tire Center,Mac's Auto Repair & Tire Center,,impression,2026-05-27,2026-08-26,B2B Behavioral SM CTV,7500.0,22500.0,14.5
mcp-Google_Drive-read_file_content-1790081125488.txt,Meriweather Mowing,Meriweather Mowing,,impression,2026-09-10,2026-12-10,Native Retargeting,8333.0,24999.0,2.5
mcp-Google_Drive-read_file_content-1790081125488.txt,Meriweather Mowing,Meriweather Mowing,,impression,2026-09-10,2026-12-10,Native Behavioral Layered,80000.0,240000.0,3.0
mcp-Google_Drive-read_file_content-1790081125488.txt,Meriweather Mowing,Meriweather Mowing,,impression,2026-09-10,2026-12-10,Native GF,,,
mcp-Google_Drive-read_file_content-1790081125488.txt,Meriweather Mowing,Meriweather Mowing,,impression,2026-09-10,2026-12-10,Native GR,,,
mcp-Google_Drive-read_file_content-1790081125488.txt,Meriweather Mowing,Meriweather Mowing,,impression,2026-09-10,2026-12-10,SM Retargeting,4411.0,13233.0,3.0
mcp-Google_Drive-read_file_content-1790081125488.txt,Meriweather Mowing,Meriweather Mowing,,impression,2026-09-10,2026-12-10,SM Behavioral Layered,25000.0,75000.0,3.5
mcp-Google_Drive-read_file_content-1790081125488.txt,Montpelier Steeplechase,Montpelier Steeplechase,,impression,2026-07-06,2026-08-31,Retargeting Display,10000.0,20000.0,2.5
mcp-Google_Drive-read_file_content-1790081125488.txt,Montpelier Steeplechase,Montpelier Steeplechase,,impression,2026-07-06,2026-08-31,Behavioral Display,65000.0,130000.0,2.5
mcp-Google_Drive-read_file_content-1790081125488.txt,Montpelier Steeplechase,Montpelier Steeplechase,,impression,2026-07-06,2026-08-31,GeoFencing Display,37500.0,75000.0,2.5
mcp-Google_Drive-read_file_content-1790081125488.txt,Montpelier Steeplechase,Montpelier Steeplechase,,impression,2026-07-06,2026-08-31,GeoRetargeting Display,37500.0,75000.0,2.5
mcp-Google_Drive-read_file_content-1790081125488.txt,NWG Solutions LLC,NWG Solutions LLC,,event,2026-03-01,2026-09-30,Performance Max,1500.0,10500.0,2625.0
mcp-Google_Drive-read_file_content-1790081125488.txt,Oak Valley Hardscapes,Oak Valley Hardscapes,,impression,2026-05-18,2026-10-18,SM Retargeting,1411.0,7055.0,3.5
mcp-Google_Drive-read_file_content-1790081125488.txt,Oak Valley Hardscapes,Oak Valley Hardscapes,,impression,2026-05-18,2026-10-18,SM Behavioral,14000.0,70000.0,3.5
mcp-Google_Drive-read_file_content-1790081125488.txt,Oak Valley Hardscapes,Oak Valley Hardscapes,,impression,2026-05-18,2026-10-18,SM AI,14000.0,70000.0,3.5
mcp-Google_Drive-read_file_content-1790081125488.txt,Oak Valley Hardscapes,Oak Valley Hardscapes,,impression,2026-05-18,2026-10-18,SM CTV Retargeting,129.0,645.0,14.5
mcp-Google_Drive-read_file_content-1790081125488.txt,Oak Valley Hardscapes,Oak Valley Hardscapes,,impression,2026-05-18,2026-10-18,SM CTV Behavioral,8000.0,40000.0,14.5
mcp-Google_Drive-read_file_content-1790081125488.txt,Oak Valley Hardscapes,Oak Valley Hardscapes,,impression,2026-05-18,2026-10-18,SM CTV AI,8000.0,40000.0,14.5
mcp-Google_Drive-read_file_content-1790081125488.txt,Page County Fair,Page County Fair,,impression,2026-07-15,2026-07-18,MC Event GF,10000.0,10000.0,5.0
mcp-Google_Drive-read_file_content-1790081125488.txt,Page County Fair,Page County Fair,,impression,2026-07-15,2026-07-18,MC Event GeoRetargeting,10000.0,10000.0,3.5
mcp-Google_Drive-read_file_content-1790081125488.txt,Page County Fair,Page County Fair,,impression,2026-07-21,2026-07-25,MC Event GF,10000.0,10000.0,5.0
mcp-Google_Drive-read_file_content-1790081125488.txt,Page County Fair,Page County Fair,,impression,2026-07-21,2026-07-25,MC Event GeoRetargeting,10000.0,10000.0,3.5
mcp-Google_Drive-read_file_content-1790081125488.txt,Piedmont Power,Piedmont Power,,impression,2026-07-09,2026-11-09,SM CTV Retargeting,129.0,516.0,14.0
mcp-Google_Drive-read_file_content-1790081125488.txt,Piedmont Power,Piedmont Power,,impression,2026-07-09,2026-11-09,SM CTV Behavioral,8000.0,32000.0,14.5
mcp-Google_Drive-read_file_content-1790081125488.txt,Piedmont Power,Piedmont Power,,impression,2026-07-09,2026-11-09,SM CTV AI,8000.0,32000.0,14.0
mcp-Google_Drive-read_file_content-1790081125488.txt,Real Property Management -RPM,Real Property Management -RPM,,event,2026-09-14,2026-02-28,PMAX,1800.0,10800.0,2700.0
mcp-Google_Drive-read_file_content-1790081125488.txt,Region Ten,Region Ten,,impression,2025-11-13,2026-01-31,Behavioral CTV,23000.0,69000.0,14.0
mcp-Google_Drive-read_file_content-1790081125488.txt,Region Ten,Region Ten,,impression,2025-11-13,2026-01-31,Retargeting CTV,2000.0,6000.0,14.0
mcp-Google_Drive-read_file_content-1790081125488.txt,Tobey's Pawn Shop,Tobey's Pawn Shop,,impression,2026-08-21,2026-11-12,CTV SM - AI Targeting,7000.0,21000.0,14.0
mcp-Google_Drive-read_file_content-1790081125488.txt,Tobey's Pawn Shop,Tobey's Pawn Shop,,impression,2026-08-21,2026-11-12,CTV SM - Behavioral Targeting,7000.0,21000.0,14.0
mcp-Google_Drive-read_file_content-1790081125488.txt,Tobey's Pawn Shop,Tobey's Pawn Shop,,impression,2026-08-21,2026-11-12,CTV SM - Website Retargeting,2129.0,6387.0,14.0
mcp-Google_Drive-read_file_content-1790081125488.txt,Top Notch Computers & Technology Services,Top Notch Computers & Technology Services,,impression,2026-04-08,2026-05-08,MC Event GeoFencing,15000.0,15000.0,5.0
mcp-Google_Drive-read_file_content-1790081125488.txt,Top Notch Computers & Technology Services,Top Notch Computers & Technology Services,,impression,2026-04-08,2026-05-08,MC Event GeoRetargeting,5000.0,5000.0,3.5
mcp-Google_Drive-read_file_content-1790081125488.txt,Tuel Jewelers,Tuel Jewelers,,impression,2026-04-23,2026-05-22,Youtube+ Categories,22500.0,22500.0,5.0
mcp-Google_Drive-read_file_content-1790081125488.txt,Tuel Jewelers,Tuel Jewelers,,impression,2026-04-23,2026-05-22,Youtube+ Retargeting,2500.0,2500.0,5.0
mcp-Google_Drive-read_file_content-1790081125488.txt,Virginia Film Festival,Virginia Film Festival,,impression,2026-09-22,2026-10-25,9/22-27 Event GF,15000.0,15000.0,5.0
mcp-Google_Drive-read_file_content-1790081125488.txt,Virginia Film Festival,Virginia Film Festival,,impression,2026-09-22,2026-10-25,9/22-27 Event GR,5000.0,5000.0,3.5
mcp-Google_Drive-read_file_content-1790081125488.txt,Virginia Film Festival,Virginia Film Festival,,impression,2026-09-22,2026-10-25,9/25 Event GF,15000.0,15000.0,5.0
mcp-Google_Drive-read_file_content-1790081125488.txt,Virginia Film Festival,Virginia Film Festival,,impression,2026-09-22,2026-10-25,9/25 Event GR,5000.0,5000.0,3.5
mcp-Google_Drive-read_file_content-1790081125488.txt,Virginia Film Festival,Virginia Film Festival,,impression,2026-09-22,2026-10-25,9/26-27 Event GF,15000.0,15000.0,5.0
mcp-Google_Drive-read_file_content-1790081125488.txt,Virginia Film Festival,Virginia Film Festival,,impression,2026-09-22,2026-10-25,9/26-27 Event GR,5000.0,5000.0,3.5
mcp-Google_Drive-read_file_content-1790081125488.txt,Water Works Harrisonburg,Water Works Harrisonburg,,impression,2025-12-10,2026-05-31,Retargeting CTV,1000.0,6000.0,14.0
mcp-Google_Drive-read_file_content-1790081125488.txt,Water Works Harrisonburg,Water Works Harrisonburg,,impression,2025-12-10,2026-05-31,Behavioral CTV,26500.0,159000.0,14.0
mcp-Google_Drive-read_file_content-1790081125488.txt,Water Works Harrisonburg,Water Works Harrisonburg,,impression,2025-12-10,2026-05-31,AI CTV,22500.0,135000.0,14.0
mcp-Google_Drive-read_file_content-1790081125488.txt,Water Works Harrisonburg,Water Works Harrisonburg,,impression,2026-04-15,2026-05-31,YouTube+ Categories,30000.0,60000.0,5.0
mcp-Google_Drive-read_file_content-1790081125488.txt,"Wilkinson Wealth Management, LLC","Wilkinson Wealth Management, LLC",,impression,2026-04-06,2026-09-30,Video Retargeting,400.0,2400.0,6.0
mcp-Google_Drive-read_file_content-1790081125488.txt,"Wilkinson Wealth Management, LLC","Wilkinson Wealth Management, LLC",,impression,2026-04-06,2026-09-30,Video Behavioral 45-54,20000.0,120000.0,6.0
mcp-Google_Drive-read_file_content-1790081125488.txt,"Wilkinson Wealth Management, LLC","Wilkinson Wealth Management, LLC",,impression,2026-04-06,2026-09-30,Video Behavioral 55+,20000.0,120000.0,6.0
mcp-Google_Drive-read_file_content-1790081125488.txt,"Wilkinson Wealth Management, LLC","Wilkinson Wealth Management, LLC",,impression,2026-04-06,2026-09-30,Video GeoFencing,5000.0,30000.0,6.0
mcp-Google_Drive-read_file_content-1790081125488.txt,"Wilkinson Wealth Management, LLC","Wilkinson Wealth Management, LLC",,impression,2026-04-06,2026-09-30,Video GeoRetargeting,5000.0,30000.0,6.0
mcp-Google_Drive-read_file_content-1790081125488.txt,Best Plumbing,Best Plumbing,,impression,2026-05-01,2026-12-27,YT+ Homeowners,125000.0,1000000.0,5.66
mcp-Google_Drive-read_file_content-1790081125488.txt,Emporium Presents_Auburn,Emporium Presents_Auburn,,impression,2026-09-07,2026-09-17,JoshThomas_Portland,,,
mcp-Google_Drive-read_file_content-1790081125488.txt,Emporium Presents_Auburn,Emporium Presents_Auburn,,impression,2026-09-07,2026-09-17,SM - KW,3333.0,3333.0,3.0
mcp-Google_Drive-read_file_content-1790081125488.txt,Emporium Presents_Auburn,Emporium Presents_Auburn,,impression,2026-09-07,2026-09-17,SM - Beh,30000.0,30000.0,3.0
mcp-Google_Drive-read_file_content-1790081125488.txt,Snoqualmie Casino,Snoqualmie Casino,,impression,2026-08-10,2026-10-31,132774,,,
mcp-Google_Drive-read_file_content-1790081125488.txt,Snoqualmie Casino,Snoqualmie Casino,,impression,2026-08-10,2026-10-31,SM - Travel Intent 30-60 Days/Travelers AND Football,190476.0,571428.0,4.5
mcp-Google_Drive-read_file_content-1790081135253.txt,7MOU ALT - Allegheny Trucks #54000,7MOU ALT,54000,impression,2026-05-07,2026-10-31,FB - Retargeting,10000.0,60000.0,3.5
mcp-Google_Drive-read_file_content-1790081135253.txt,7MOU ALT - Allegheny Trucks #54000,7MOU ALT,54000,impression,2026-05-07,2026-10-31,FB - Categories,30000.0,180000.0,3.5
mcp-Google_Drive-read_file_content-1790081135253.txt,7MOU ALT - Alpha Powersports #50650,7MOU ALT,50650,impression,2025-11-20,2026-10-31,FB - Retargeting,20000.0,240000.0,5.0
mcp-Google_Drive-read_file_content-1790081135253.txt,7MOU ALT - Altoona Community Theatre #55259,7MOU ALT,55259,impression,2026-09-01,2026-09-20,SM Retargeting,25000.0,25000.0,3.0
mcp-Google_Drive-read_file_content-1790081135253.txt,7MOU ALT - Altoona Community Theatre #55259,7MOU ALT,55259,impression,2026-09-01,2026-09-20,SM Custom Audience Matching,25000.0,25000.0,3.0
mcp-Google_Drive-read_file_content-1790081135253.txt,7MOU ALT - Altoona Community Theatre #55259,7MOU ALT,55259,impression,2026-09-01,2026-09-20,SM Behavioral,25000.0,25000.0,3.0
mcp-Google_Drive-read_file_content-1790081135253.txt,7MOU ALT - Amtran Altoona #44783,7MOU ALT,44783,impression,2026-01-01,2026-12-31,FB/IG Retargeting,30000.0,360000.0,5.0
mcp-Google_Drive-read_file_content-1790081135253.txt,7MOU ALT - Blair County WIC Program #56191,7MOU ALT,56191,impression,2026-09-17,2027-02-28,FB/IG Categories,40000.0,240000.0,3.5
mcp-Google_Drive-read_file_content-1790081135253.txt,7MOU ALT - Blair Mill Outlet Hollidaysburg #36907,7MOU ALT,36907,impression,2026-01-07,2026-12-31,SM - Retargeting,5000.0,60000.0,2.0
mcp-Google_Drive-read_file_content-1790081135253.txt,7MOU ALT - Brent Cogan Electrical #50753,7MOU ALT,50753,impression,2026-01-05,2026-12-31,FB Retargeting,22000.0,264000.0,5.0
mcp-Google_Drive-read_file_content-1790081135253.txt,7MOU ALT - Central PA Community Foundation #43798,7MOU ALT,43798,impression,2026-08-01,2026-12-31,FB Retargeting,20000.0,100000.0,5.0
mcp-Google_Drive-read_file_content-1790081135253.txt,7MOU ALT - Central PA Community Foundation #43798,7MOU ALT,43798,impression,2026-08-01,2026-12-31,FB Categories,20000.0,100000.0,5.0
mcp-Google_Drive-read_file_content-1790081135253.txt,7MOU ALT - Cisney & O'Donnell PA #53211,7MOU ALT,53211,impression,2026-03-26,2026-12-31,FB Premium Retargeting,5000.0,50000.0,3.5
mcp-Google_Drive-read_file_content-1790081135253.txt,7MOU ALT - Cisney & O'Donnell PA #53211,7MOU ALT,53211,impression,2026-03-26,2026-12-31,FB Premium Categories,35000.0,350000.0,3.5
mcp-Google_Drive-read_file_content-1790081135253.txt,7MOU ALT - Cove Landscaping & Pool Center #51967,7MOU ALT,51967,impression,2026-03-05,2026-08-31,FB Premium Retargeting,5000.0,30000.0,3.5
mcp-Google_Drive-read_file_content-1790081135253.txt,7MOU ALT - Cove Landscaping & Pool Center #51967,7MOU ALT,51967,impression,2026-03-05,2026-08-31,FB Premium Categories,55000.0,330000.0,3.5
mcp-Google_Drive-read_file_content-1790081135253.txt,7MOU ALT - Ember Aesthetics #54709,7MOU ALT,54709,impression,2026-06-16,2026-11-30,SM Retargeting,33333.0,200000.0,3.0
mcp-Google_Drive-read_file_content-1790081135253.txt,7MOU ALT - Ember Aesthetics #54709,7MOU ALT,54709,impression,2026-06-16,2026-11-30,SM Behavioral,33333.0,200000.0,3.0
mcp-Google_Drive-read_file_content-1790081135253.txt,7MOU ALT - Ember Aesthetics #54709,7MOU ALT,54709,impression,2026-06-16,2026-11-30,SM AI,33333.0,200000.0,3.0
mcp-Google_Drive-read_file_content-1790081135253.txt,7MOU ALT - Harbor House Preschool & Kindergarten #55246,7MOU ALT,55246,impression,2026-07-22,2026-10-22,FB Premium Retargeting,10000.0,30000.0,3.5
mcp-Google_Drive-read_file_content-1790081135253.txt,7MOU ALT - Harbor House Preschool & Kindergarten #55246,7MOU ALT,55246,impression,2026-07-22,2026-10-22,FB Premium Categories - Parents/Preschool/Kindergarten,30000.0,90000.0,3.5
mcp-Google_Drive-read_file_content-1790081135253.txt,7MOU ALT - Hollidaysburg Farm Show #55238,7MOU ALT,55238,impression,2026-08-21,2026-09-24,FB Premium Retargeting,10000.0,10000.0,3.5
mcp-Google_Drive-read_file_content-1790081135253.txt,7MOU ALT - Hollidaysburg Farm Show #55238,7MOU ALT,55238,impression,2026-08-21,2026-09-24,FB Premium Categories,30000.0,30000.0,3.5
mcp-Google_Drive-read_file_content-1790081135253.txt,7MOU ALT - Jiffy Lube Johnstown #43727,7MOU ALT,43727,impression,2025-03-01,2026-02-28,OTT Retargeting,20833.0,250000.0,10.0
mcp-Google_Drive-read_file_content-1790081135253.txt,7MOU ALT - Jiffy Lube Johnstown #43727,7MOU ALT,43727,impression,2025-03-01,2026-02-28,OTT Behavioral,20833.0,250000.0,10.0
mcp-Google_Drive-read_file_content-1790081135253.txt,7MOU ALT - Jiffy Lube Johnstown #43727,7MOU ALT,43727,impression,2025-03-01,2026-02-28,OTT AI,20833.0,250000.0,10.0
mcp-Google_Drive-read_file_content-1790081135253.txt,7MOU ALT - Juniata College #53594,7MOU ALT,53594,impression,2026-06-17,2026-09-15,SM Retargeting,40733.0,122200.0,3.0
mcp-Google_Drive-read_file_content-1790081135253.txt,7MOU ALT - Juniata College #53594,7MOU ALT,53594,impression,2026-06-17,2026-09-15,SM Behavioral - Collegebound HS Students,40733.0,122200.0,3.0
mcp-Google_Drive-read_file_content-1790081135253.txt,7MOU ALT - Juniata College #53594,7MOU ALT,53594,impression,2026-06-17,2026-09-15,SM AI,40733.0,122200.0,3.0
mcp-Google_Drive-read_file_content-1790081135253.txt,7MOU ALT - McCoy's Equipment #52648,7MOU ALT,52648,impression,2026-03-13,2026-12-31,FB Premium Retargeting,20000.0,200000.0,3.5
mcp-Google_Drive-read_file_content-1790081135253.txt,7MOU ALT - McCoy's Equipment #52648,7MOU ALT,52648,impression,2026-03-13,2026-12-31,FB Premium Categories,20000.0,200000.0,3.5
mcp-Google_Drive-read_file_content-1790081135253.txt,7MOU ALT - Mitchell Family Farms #54910,7MOU ALT,54910,impression,2026-09-01,2026-10-31,FB Retargeting,38000.0,76000.0,3.5
mcp-Google_Drive-read_file_content-1790081135253.txt,7MOU ALT - Mitchell Family Farms #54910,7MOU ALT,54910,impression,2026-09-01,2026-10-31,FB Categories - Parents of Young Kids,10000.0,20000.0,3.5
mcp-Google_Drive-read_file_content-1790081135253.txt,7MOU ALT - Mountainside Gold & Silver #55610,7MOU ALT,55610,impression,2026-09-21,2026-12-21,FB Premium Categories,40000.0,120000.0,3.5
mcp-Google_Drive-read_file_content-1790081135253.txt,7MOU ALT - Mountain Ridge ATV Park #49421,7MOU ALT,49421,impression,2026-02-01,2026-07-31,SM CTV Retargeting,2000.0,12000.0,10.0
mcp-Google_Drive-read_file_content-1790081135253.txt,7MOU ALT - Mountain Ridge ATV Park #49421,7MOU ALT,49421,impression,2026-02-01,2026-07-31,SM CTV Behavioral,15667.0,93999.0,10.0
mcp-Google_Drive-read_file_content-1790081135253.txt,7MOU ALT - Mountain Ridge ATV Park #49421,7MOU ALT,49421,impression,2026-02-01,2026-07-31,SM CTV AI,15667.0,93999.0,10.0
mcp-Google_Drive-read_file_content-1790081135253.txt,"7MOU ALT - Nittany Antique Machinery Association, Inc #55217",7MOU ALT,55217,impression,2026-08-13,2026-09-13,Facebook Premium Retargeting,30000.0,30000.0,3.5
mcp-Google_Drive-read_file_content-1790081135253.txt,"7MOU ALT - Nittany Antique Machinery Association, Inc #55217",7MOU ALT,55217,impression,2026-08-13,2026-09-13,Facebook Premium Categories,30000.0,30000.0,3.5
mcp-Google_Drive-read_file_content-1790081135253.txt,7MOU ALT - Old Bedford Village PA #54169,7MOU ALT,54169,impression,2026-06-03,2026-06-30,SM Retargeting,33333.0,33333.0,3.0
mcp-Google_Drive-read_file_content-1790081135253.txt,7MOU ALT - Old Bedford Village PA #54169,7MOU ALT,54169,impression,2026-06-03,2026-06-30,SM Behavioral,33333.0,33333.0,3.0
mcp-Google_Drive-read_file_content-1790081135253.txt,7MOU ALT - Old Bedford Village PA #54169,7MOU ALT,54169,impression,2026-06-03,2026-06-30,SM AI,33333.0,33333.0,3.0
mcp-Google_Drive-read_file_content-1790081135253.txt,7MOU ALT - Pine Creek Structures Altoona #53656,7MOU ALT,53656,impression,2026-04-23,2026-09-30,FB - Retargeting,10000.0,60000.0,3.5
mcp-Google_Drive-read_file_content-1790081135253.txt,7MOU ALT - Pine Creek Structures Altoona #53656,7MOU ALT,53656,impression,2026-04-23,2026-09-30,FB - Categories,30000.0,180000.0,3.5
mcp-Google_Drive-read_file_content-1790081135253.txt,7MOU ALT - Pine Creek Structures Mill Hall #53659,7MOU ALT,53659,impression,2026-04-27,2026-09-30,FB - Retargeting,10000.0,60000.0,3.5
mcp-Google_Drive-read_file_content-1790081135253.txt,7MOU ALT - Pine Creek Structures Mill Hall #53659,7MOU ALT,53659,impression,2026-04-27,2026-09-30,FB - Categories,30000.0,180000.0,3.5
mcp-Google_Drive-read_file_content-1790081135253.txt,7MOU ALT - Ravenwood Manor #56197,7MOU ALT,56197,impression,2026-09-21,2026-10-21,FB - Retargeting,10000.0,10000.0,3.5
mcp-Google_Drive-read_file_content-1790081135253.txt,7MOU ALT - Ravenwood Manor #56197,7MOU ALT,56197,impression,2026-09-21,2026-10-21,FB - Categories,50000.0,50000.0,3.5
mcp-Google_Drive-read_file_content-1790081135253.txt,7MOU ALT - Shy Beaver Boat Center #52843,7MOU ALT,52843,impression,2026-04-13,2026-09-30,SM - Retargeting,44444.0,266666.0,3.0
mcp-Google_Drive-read_file_content-1790081135253.txt,7MOU ALT - Shy Beaver Boat Center #52843,7MOU ALT,52843,impression,2026-04-13,2026-09-30,SM - Behavioral,44444.0,266666.0,3.0
mcp-Google_Drive-read_file_content-1790081135253.txt,7MOU ALT - Shy Beaver Boat Center #52843,7MOU ALT,52843,impression,2026-04-13,2026-09-30,SM - AI,44444.0,266666.0,
mcp-Google_Drive-read_file_content-1790081135253.txt,7MOU ALT - Unkel Joe's Woodshed #48327,7MOU ALT,48327,impression,2025-09-22,2026-01-14,SM CTV Retargeting,8333.0,33333.0,3.0
mcp-Google_Drive-read_file_content-1790081135253.txt,7MOU ALT - Unkel Joe's Woodshed #48327,7MOU ALT,48327,impression,2025-09-22,2026-01-14,SM CTV Behavioral - Seasonal Decor/Gifts/Candles/Toys,8333.0,33333.0,3.0
mcp-Google_Drive-read_file_content-1790081135253.txt,7MOU ALT - Unkel Joe's Woodshed #48327,7MOU ALT,48327,impression,2025-09-22,2026-01-14,SM CTV AI,8333.0,33333.0,3.0
mcp-Google_Drive-read_file_content-1790081135253.txt,7MOU ALT - Walmart Distribution Center Bedford #56057,7MOU ALT,56057,impression,2026-09-11,2026-10-31,MC Geo-Fencing,33333.0,66667.0,3.5
mcp-Google_Drive-read_file_content-1790081135253.txt,7MOU ALT - Walmart Distribution Center Bedford #56057,7MOU ALT,56057,impression,2026-09-11,2026-10-31,MC Geo-Retargeting,33333.0,66667.0,3.5
mcp-Google_Drive-read_file_content-1790081135253.txt,7MOU ALT - Walmart Distribution Center Bedford #56057,7MOU ALT,56057,impression,2026-09-11,2026-10-31,MC Categories,33333.0,66667.0,3.5
mcp-Google_Drive-read_file_content-1790081135253.txt,7MOU ALT - Walmart Distribution Center Bedford #56057,7MOU ALT,56057,impression,2026-09-11,2026-10-31,Audio - B2B Behavioral,10577.0,21153.0,12.5
mcp-Google_Drive-read_file_content-1790081135253.txt,7MOU ALT - Walmart Distribution Center Bedford #56057,7MOU ALT,56057,impression,2026-09-11,2026-10-31,Audio - AI,10577.0,21153.0,12.5
mcp-Google_Drive-read_file_content-1790081135253.txt,7MOU KY - All Season Rent All #55655,7MOU KY,55655,impression,2026-08-19,2027-02-28,Audio Retargeting,6173.0,37036.0,10.5
mcp-Google_Drive-read_file_content-1790081135253.txt,7MOU KY - All Season Rent All #55655,7MOU KY,55655,impression,2026-08-19,2027-02-28,Audio AI,6173.0,37036.0,10.5
mcp-Google_Drive-read_file_content-1790081135253.txt,7MOU KY - All Season Rent All #55655,7MOU KY,55655,impression,2026-08-19,2027-02-28,Audio Behavioral,6173.0,37036.0,10.5
mcp-Google_Drive-read_file_content-1790081135253.txt,7MOU KY - Blowout Co. #55947 PMAX,7MOU KY,55947,event,2026-09-01,2027-02-28,PMAX - Hair Salon Services/Spa Services,1400.0,8400.0,2100.0
mcp-Google_Drive-read_file_content-1790081135253.txt,7MOU KY - Blowout Co. #55947 PMAX,7MOU KY,55947,event,2026-09-01,2027-02-28,PMAX - Retargeting,100.0,600.0,150.0
mcp-Google_Drive-read_file_content-1790081135253.txt,7MOU KY - Carpet Place #54672,7MOU KY,54672,impression,2026-07-13,2027-01-31,CTV Retargeting,11905.0,71428.0,12.0
mcp-Google_Drive-read_file_content-1790081135253.txt,7MOU KY - Carpet Place #54672,7MOU KY,54672,impression,2026-07-13,2027-01-31,CTV Behavioral,11905.0,71428.0,12.0
mcp-Google_Drive-read_file_content-1790081135253.txt,7MOU KY - Carpet Place #54672,7MOU KY,54672,impression,2026-07-13,2027-01-31,CTV AI,11905.0,71428.0,12.0
mcp-Google_Drive-read_file_content-1790081135253.txt,7MOU KY - Cave Area Convention Center #54390,7MOU KY,54390,impression,2026-06-22,2026-09-18,SM Retargeting,44118.0,132353.0,3.0
mcp-Google_Drive-read_file_content-1790081135253.txt,7MOU KY - Cave Area Convention Center #54390,7MOU KY,54390,impression,2026-06-22,2026-09-18,SM Behavioral,44118.0,132353.0,3.0
mcp-Google_Drive-read_file_content-1790081135253.txt,7MOU KY - Expree Credit Union -KY #53921,7MOU KY,53921,impression,2026-06-02,2026-11-30,SM Retargeting,49019.0,294116.0,3.0
mcp-Google_Drive-read_file_content-1790081135253.txt,7MOU KY - Expree Credit Union -KY #53921,7MOU KY,53921,impression,2026-06-02,2026-11-30,SM Behavioral,49019.0,294116.0,3.0
mcp-Google_Drive-read_file_content-1790081135253.txt,7MOU KY - Expree Credit Union -KY #53921,7MOU KY,53921,impression,2026-06-02,2026-11-30,SM AI,49019.0,294116.0,3.0
mcp-Google_Drive-read_file_content-1790081135253.txt,7MOU KY - Fresh Start Cleaning #51991,7MOU KY,51991,impression,2026-05-27,2026-08-31,SM Retargeting,22059.0,66176.0,3.0
mcp-Google_Drive-read_file_content-1790081135253.txt,7MOU KY - Fresh Start Cleaning #51991,7MOU KY,51991,impression,2026-05-27,2026-08-31,SM Keyword,22059.0,66176.0,3.0
mcp-Google_Drive-read_file_content-1790081135253.txt,7MOU KY - Fresh Start Cleaning #51991,7MOU KY,51991,impression,2026-05-27,2026-08-31,SM B2B Behavioral,22059.0,66176.0,3.0
mcp-Google_Drive-read_file_content-1790081135253.txt,7MOU KY - Fresh Start Cleaning #51991,7MOU KY,51991,impression,2026-05-27,2026-08-31,SM AI,22059.0,66176.0,3.0
mcp-Google_Drive-read_file_content-1790081135253.txt,7MOU KY - Kentucky Center for Leadership #55640,7MOU KY,55640,impression,2026-08-26,2026-09-24,SM Retargeting,29412.0,29412.0,3.0
mcp-Google_Drive-read_file_content-1790081135253.txt,7MOU KY - Kentucky Center for Leadership #55640,7MOU KY,55640,impression,2026-08-26,2026-09-24,SM AI,29412.0,29412.0,3.0
mcp-Google_Drive-read_file_content-1790081135253.txt,7MOU KY - Kentucky Center for Leadership #55640,7MOU KY,55640,impression,2026-08-26,2026-09-24,SM B2B Behavioral,29412.0,29412.0,3.0
mcp-Google_Drive-read_file_content-1790081135253.txt,7MOU KY - Ken Waddell - Remax Real Estate #52301,7MOU KY,52301,impression,2026-04-09,2026-10-31,YT Channels - Retargeting,18750.0,112500.0,6.61
mcp-Google_Drive-read_file_content-1790081135253.txt,7MOU KY - Ken Waddell - Remax Real Estate #52301,7MOU KY,52301,impression,2026-04-09,2026-10-31,YT Channels - Categories,18750.0,112500.0,6.61
mcp-Google_Drive-read_file_content-1790081135253.txt,7MOU KY - Morgantown Bank & Trust #51836,7MOU KY,51836,impression,2026-09-01,2027-02-28,CTV Retargeting,7576.0,45454.0,12.5
mcp-Google_Drive-read_file_content-1790081135253.txt,7MOU KY - Morgantown Bank & Trust #51836,7MOU KY,51836,impression,2026-09-01,2027-02-28,CTV AI,7576.0,45454.0,12.5
mcp-Google_Drive-read_file_content-1790081135253.txt,7MOU KY - Morgantown Bank & Trust #51836,7MOU KY,51836,impression,2026-09-01,2027-02-28,CTV Behavioral,7576.0,45454.0,12.5
mcp-Google_Drive-read_file_content-1790081135253.txt,7MOU KY - Lindsey Institute of Cosmetology #54847,7MOU KY,54847,impression,2026-07-07,2026-08-05,MC Site Retargeting,10000.0,10000.0,3.5
mcp-Google_Drive-read_file_content-1790081135253.txt,7MOU KY - Lindsey Institute of Cosmetology #54847,7MOU KY,54847,impression,2026-07-07,2026-08-05,MC Behavioral,90000.0,90000.0,3.5
mcp-Google_Drive-read_file_content-1790081135253.txt,7MOU KY - R&R Heating and Air Conditioning #53359,7MOU KY,53359,impression,2026-07-06,2026-09-30,SM CTV Retargeting,12500.0,37500.0,12.5
mcp-Google_Drive-read_file_content-1790081135253.txt,7MOU KY - R&R Heating and Air Conditioning #53359,7MOU KY,53359,impression,2026-07-06,2026-09-30,SM CTV Behavioral,12500.0,37500.0,12.5
mcp-Google_Drive-read_file_content-1790081135253.txt,7MOU KY - Renegade Marine - BG #54289,7MOU KY,54289,impression,2026-05-22,2026-08-31,Amazon Video Retargeting,8750.0,26250.0,6.0
mcp-Google_Drive-read_file_content-1790081135253.txt,7MOU KY - Renegade Marine - BG #54289,7MOU KY,54289,impression,2026-05-22,2026-08-31,Amazon Video Behavioral,8750.0,26250.0,6.0
mcp-Google_Drive-read_file_content-1790081135253.txt,7MOU KY - Renegade Marine - BG #54289,7MOU KY,54289,impression,2026-05-22,2026-08-31,Amazon Prime CTV Genres,7500.0,22500.0,20.0
mcp-Google_Drive-read_file_content-1790081135253.txt,7MOU KY - Rivendell Behavioral Health Services of Kentucky #51532,7MOU KY,51532,impression,2026-07-14,2026-07-31,YouTube+ Categories,37500.0,37500.0,5.0
mcp-Google_Drive-read_file_content-1790081135253.txt,7MOU KY - Service One Credit Union #52753,7MOU KY,52753,impression,2026-04-15,2027-03-31,Amazon CTV Retargeting,9292.0,111498.0,15.0
mcp-Google_Drive-read_file_content-1790081135253.txt,7MOU KY - Service One Credit Union #52750,7MOU KY,52750,click,2026-06-01,2026-11-30,PPC Dynamic,1750.0,10500.0,3.56
mcp-Google_Drive-read_file_content-1790081135253.txt,7MOU KY - Southern Kentucky Performing Arts Center (SKyPAC) #51251,7MOU KY,51251,impression,2026-02-04,2026-08-15,SM Retargeting,14706.0,88235.0,2.0
mcp-Google_Drive-read_file_content-1790081135253.txt,7MOU KY - Southern Kentucky Performing Arts Center (SKyPAC) #51251,7MOU KY,51251,impression,2026-02-04,2026-08-15,SM Keyword,14706.0,88235.0,2.0
mcp-Google_Drive-read_file_content-1790081135253.txt,7MOU KY - Southern Kentucky Performing Arts Center (SKyPAC) #51251,7MOU KY,51251,impression,2026-02-04,2026-08-15,SM Behavioral - Concerts/Events,14706.0,88235.0,2.0
mcp-Google_Drive-read_file_content-1790081135253.txt,7MOU KY - Southern Kentucky Performing Arts Center (SKyPAC) #51251,7MOU KY,51251,impression,2026-02-04,2026-08-15,SM AI,14706.0,88235.0,2.0
mcp-Google_Drive-read_file_content-1790081135253.txt,7MOU KY - Studle Financial Services #46765,7MOU KY,46765,impression,2025-05-15,2026-04-30,Amazon Video Retargeting,13889.0,166664.0,6.0
mcp-Google_Drive-read_file_content-1790081135253.txt,7MOU KY - Studle Financial Services #46765,7MOU KY,46765,impression,2025-05-15,2026-04-30,Amazon Video Behavioral,13889.0,166664.0,6.0
mcp-Google_Drive-read_file_content-1790081135253.txt,7MOU KY - Studle Financial Services #46765,7MOU KY,46765,impression,2025-05-15,2026-04-30,Amazon Prime OTT,13889.0,166664.0,20.0
mcp-Google_Drive-read_file_content-1790081135253.txt,7MOU KY - The Grove Event Venue #54913,7MOU KY,54913,impression,2026-07-30,2026-10-31,SM CTV Retargeting,12097.0,36290.0,14.0
mcp-Google_Drive-read_file_content-1790081135253.txt,7MOU KY - The Grove Event Venue #54913,7MOU KY,54913,impression,2026-07-30,2026-10-31,SM CTV Behavioral,12097.0,36290.0,14.0
mcp-Google_Drive-read_file_content-1790081135253.txt,7MOU KY - Window World - Bowling Green #51329,7MOU KY,51329,impression,2026-02-05,2027-01-15,Amazon CTV Retargeting,6250.0,75000.0,15.0
mcp-Google_Drive-read_file_content-1790081135253.txt,7MOU KY - Window World - Bowling Green #51329,7MOU KY,51329,impression,2026-02-05,2027-01-15,Amazon CTV Categories,6250.0,75000.0,15.0
mcp-Google_Drive-read_file_content-1790081135253.txt,7MOU MAN - Elmira Downtown Development #53700,7MOU MAN,53700,impression,2026-05-12,2026-10-12,MC Categories,50000.0,250000.0,3.5
mcp-Google_Drive-read_file_content-1790081135253.txt,7MOU MAN - Elmira Downtown Development #53700,7MOU MAN,53700,impression,2026-05-12,2026-10-12,MC Geo-Fencing,20000.0,100000.0,3.5
mcp-Google_Drive-read_file_content-1790081135253.txt,7MOU MAN - Elmira Downtown Development #53700,7MOU MAN,53700,impression,2026-05-12,2026-10-12,MC Geo-Retargeting,20000.0,100000.0,3.5
mcp-Google_Drive-read_file_content-1790081135253.txt,7MOU MAN - Elmira Downtown Development #53700,7MOU MAN,53700,impression,2026-05-12,2026-10-12,MC Site Retargeting,10000.0,50000.0,3.5
mcp-Google_Drive-read_file_content-1790081135253.txt,7MOU MAN - Gannon Associates #54792,7MOU MAN,54792,event,2026-08-19,2026-12-19,PMAX,1500.0,6000.0,1500.0
mcp-Google_Drive-read_file_content-1790081135253.txt,7MOU MAN - Ingersoll-Rand Federal Credit Union #54178,7MOU MAN,54178,impression,2026-06-10,2026-12-31,MC Categories,60000.0,420000.0,3.0
mcp-Google_Drive-read_file_content-1790081135253.txt,7MOU MAN - Ingersoll-Rand Federal Credit Union #54178,7MOU MAN,54178,impression,2026-06-10,2026-12-31,MC GF,30000.0,210000.0,3.0
mcp-Google_Drive-read_file_content-1790081135253.txt,7MOU MAN - Ingersoll-Rand Federal Credit Union #54178,7MOU MAN,54178,impression,2026-06-10,2026-12-31,MC GR,30000.0,210000.0,3.5
mcp-Google_Drive-read_file_content-1790081135253.txt,7MOU MAN - Troy Fair #55057,7MOU MAN,55057,impression,2026-07-13,2026-08-01,CTV Behavioral,20000.0,20000.0,12.0
mcp-Google_Drive-read_file_content-1790081135253.txt,7MOU MAN - Troy Fair #55057,7MOU MAN,55057,impression,2026-07-13,2026-08-01,Video Behavioral,30000.0,30000.0,6.0
mcp-Google_Drive-read_file_content-1790081135253.txt,7MOU WV - All Seasons Powersports #53908,7MOU WV,53908,impression,2026-06-16,2026-08-01,SM Retargeting,40000.0,40000.0,3.0
mcp-Google_Drive-read_file_content-1790081135253.txt,7MOU WV - All Seasons Powersports #53908,7MOU WV,53908,impression,2026-06-16,2026-08-01,SM Behavioral - Outdoor Sport Recreation/Motorsports,40000.0,40000.0,3.0
mcp-Google_Drive-read_file_content-1790081135253.txt,7MOU WV - All Seasons Powersports #53908,7MOU WV,53908,impression,2026-06-16,2026-08-01,SM AI,40000.0,40000.0,3.0
mcp-Google_Drive-read_file_content-1790081135253.txt,7MOU WV - All Seasons Powersports #53908,7MOU WV,53908,impression,2026-06-16,2026-08-01,MC Site Retargeting,8000.0,16000.0,3.75
mcp-Google_Drive-read_file_content-1790081135253.txt,7MOU WV - All Seasons Powersports #53908,7MOU WV,53908,impression,2026-06-16,2026-08-01,MC Geo-Fencing,27500.0,55000.0,3.75
mcp-Google_Drive-read_file_content-1790081135253.txt,7MOU WV - All Seasons Powersports #53908,7MOU WV,53908,impression,2026-06-16,2026-08-01,MC Geo-Retargeting,27500.0,55000.0,3.75
mcp-Google_Drive-read_file_content-1790081135253.txt,7MOU WV - All Seasons Powersports #53908,7MOU WV,53908,impression,2026-06-16,2026-08-01,MC Categories - HHI 50K+/Tractor Supply Co Shopper,47000.0,94000.0,3.75
mcp-Google_Drive-read_file_content-1790081135253.txt,7MOU WV - Lemon and Barrett's - Honda #55207,7MOU WV,55207,impression,2026-07-21,2026-09-30,MC Site Retargeting,12500.0,25000.0,3.0
mcp-Google_Drive-read_file_content-1790081135253.txt,7MOU WV - Lemon and Barrett's - Honda #55207,7MOU WV,55207,impression,2026-07-21,2026-09-30,MC Geo-Fencing,12500.0,25000.0,3.0
mcp-Google_Drive-read_file_content-1790081135253.txt,7MOU WV - Lemon and Barrett's - Honda #55207,7MOU WV,55207,impression,2026-07-21,2026-09-30,MC Geo-Retargeting,12500.0,25000.0,3.0
mcp-Google_Drive-read_file_content-1790081135253.txt,7MOU WV - Lemon and Barrett's - Honda #55207,7MOU WV,55207,impression,2026-07-21,2026-09-30,MC Categories,12500.0,25000.0,3.0
mcp-Google_Drive-read_file_content-1790081135253.txt,7MOU WV - Lemon and Barretts Powersports #50997,7MOU WV,50997,impression,2026-03-18,2026-09-30,SM Retargeting,7353.0,51469.0,3.0
mcp-Google_Drive-read_file_content-1790081135253.txt,7MOU WV - Lemon and Barretts Powersports #50997,7MOU WV,50997,impression,2026-03-18,2026-09-30,SM Cross Platform (not running),7353.0,51469.0,3.0
mcp-Google_Drive-read_file_content-1790081135253.txt,7MOU WV - Lemon and Barretts Powersports #50997,7MOU WV,50997,impression,2026-03-18,2026-09-30,SM Behavioral,7353.0,51469.0,3.0
mcp-Google_Drive-read_file_content-1790081135253.txt,7MOU WV - Lemon and Barretts Powersports #50997,7MOU WV,50997,impression,2026-03-18,2026-09-30,SM AI,7353.0,51469.0,3.0
mcp-Google_Drive-read_file_content-1790081135253.txt,7MOU WV - Lemon and Barrett's - Polaris #53392,7MOU WV,53392,impression,2026-04-16,2026-09-18,MC Site Retargeting,10000.0,60000.0,3.5
mcp-Google_Drive-read_file_content-1790081135253.txt,7MOU WV - Lemon and Barrett's - Yamaha #53389,7MOU WV,53389,impression,2026-03-30,2026-09-18,MC Retargeting,12500.0,75000.0,3.5
mcp-Google_Drive-read_file_content-1790081135253.txt,7MOU WV - Lemon and Barrett's - Yamaha #53389,7MOU WV,53389,impression,2026-03-30,2026-09-18,MC GF,12500.0,75000.0,3.5
mcp-Google_Drive-read_file_content-1790081135253.txt,7MOU WV - Lemon and Barrett's - Yamaha #53389,7MOU WV,53389,impression,2026-03-30,2026-09-18,MC GR,12500.0,75000.0,3.5
mcp-Google_Drive-read_file_content-1790081135253.txt,7MOU WV - Lemon and Barrett's - Yamaha #53389,7MOU WV,53389,impression,2026-03-30,2026-09-18,MC Categories,12500.0,75000.0,3.5
mcp-Google_Drive-read_file_content-1790081135253.txt,7MOU WV - Scary-Etta #55209,7MOU WV,55209,impression,2026-09-01,2026-10-11,SM GF,33333.0,33333.0,3.0
mcp-Google_Drive-read_file_content-1790081135253.txt,7MOU WV - Scary-Etta #55209,7MOU WV,55209,impression,2026-09-01,2026-10-11,SM GR,33333.0,33333.0,3.0
mcp-Google_Drive-read_file_content-1790081135253.txt,7MOU WV - Scary-Etta #55209,7MOU WV,55209,impression,2026-09-01,2026-10-11,SM Behavioral,33333.0,33333.0,3.0
mcp-Google_Drive-read_file_content-1790081135253.txt,7MOU WV - Washington State College of Ohio #47791,7MOU WV,47791,impression,2025-10-17,2025-12-15,SM Retargeting,20000.0,40000.0,3.0
mcp-Google_Drive-read_file_content-1790081135253.txt,7MOU WV - Washington State College of Ohio #47791,7MOU WV,47791,impression,2025-10-17,2025-12-15,SM Behavioral - Education Seekers,20000.0,40000.0,3.0
mcp-Google_Drive-read_file_content-1790081135253.txt,"7MOU WV - Stealey Law & Mediation, PLLC #53012",7MOU WV,53012,impression,2026-06-03,2026-12-31,FB/IG Premium Retargeting - 131932,,,3.5
mcp-Google_Drive-read_file_content-1790081135253.txt,"7MOU WV - Stealey Law & Mediation, PLLC #53012",7MOU WV,53012,impression,2026-06-03,2026-12-31,FB/IG Premium Categories - 131932,44000.0,308000.0,3.5
mcp-Google_Drive-read_file_content-1790081135253.txt,7MOU WV - WVU Parkersburg #45411,7MOU WV,45411,impression,2026-08-01,2027-06-30,DOOH Venue Targeting - Display,12500.0,137500.0,12.0
mcp-Google_Drive-read_file_content-1790081135253.txt,7MOU WV - WVU Parkersburg #45411,7MOU WV,45411,impression,2026-08-01,2027-06-30,DOOH Venue Targeting - Video,12500.0,137500.0,12.0
mcp-Google_Drive-read_file_content-1790081135253.txt,Allegany County of NY - Tourism,Allegany County of NY,,impression,2026-04-08,2026-12-31,SM - Behavioral,90000.0,810000.0,3.0
mcp-Google_Drive-read_file_content-1790081135253.txt,Allegany County of NY - Tourism,Allegany County of NY,,impression,2026-04-08,2026-12-31,SM - Retargeting,10000.0,90000.0,3.0
mcp-Google_Drive-read_file_content-1790081135253.txt,Allegany County of NY - Tourism,Allegany County of NY,,event,2026-04-08,2026-12-31,Performance Max - Family Vacation Rentals,1500.0,13500.0,3375.0
mcp-Google_Drive-read_file_content-1790081135253.txt,Close Lumber,Close Lumber,,impression,2026-09-14,2026-09-30,MC - Category,20000.0,20000.0,3.5
mcp-Google_Drive-read_file_content-1790081135253.txt,Close Lumber,Close Lumber,,impression,2026-09-14,2026-09-30,MC - Geo-Fencing,20000.0,20000.0,3.5
mcp-Google_Drive-read_file_content-1790081135253.txt,Close Lumber,Close Lumber,,impression,2026-09-14,2026-09-30,MC - Geo-Retargeting,10000.0,10000.0,3.5
mcp-Google_Drive-read_file_content-1790081135253.txt,Field of Dreams,Field of Dreams,,impression,2026-07-28,2026-10-14,D - Retargeting,50000.0,150000.0,2.0
mcp-Google_Drive-read_file_content-1790081135253.txt,Field of Dreams,Field of Dreams,,impression,2026-07-28,2026-10-14,D - AI,100000.0,300000.0,2.0
mcp-Google_Drive-read_file_content-1790081135253.txt,Field of Dreams,Field of Dreams,,impression,2026-07-28,2026-10-14,D - Behavioral,100000.0,300000.0,2.0
mcp-Google_Drive-read_file_content-1790081135253.txt,Field of Dreams Cottages,Field of Dreams Cottages,,impression,2026-07-27,2026-10-16,SM - Retargeting,10000.0,30000.0,2.5
mcp-Google_Drive-read_file_content-1790081135253.txt,Field of Dreams Cottages,Field of Dreams Cottages,,impression,2026-07-27,2026-10-16,SM - AI,50000.0,150000.0,2.5
mcp-Google_Drive-read_file_content-1790081135253.txt,Field of Dreams Cottages,Field of Dreams Cottages,,impression,2026-07-27,2026-10-16,SM - Behavioral,40000.0,120000.0,2.5
mcp-Google_Drive-read_file_content-1790081135253.txt,Holland Speedway,Holland Speedway,,impression,2026-07-15,2026-10-15,FB - Category,20000.0,60000.0,3.5
mcp-Google_Drive-read_file_content-1790081135253.txt,Holland Speedway,Holland Speedway,,impression,2026-07-15,2026-10-15,FB - Retargeting,20000.0,60000.0,3.5
mcp-Google_Drive-read_file_content-1790081135253.txt,Mullen Factory Direct Flooring,Mullen Factory Direct Flooring,,event,2026-02-27,2026-11-29,Performance Max - Home Remodeling,1500.0,13500.0,3375.0
mcp-Google_Drive-read_file_content-1790081135253.txt,Clearfield Jefferson Drug and Alcohol Commission,Clearfield Jefferson Drug and Alcohol Commission,,impression,2026-09-01,2027-09-30,MC - Retargeting,25000.0,325000.0,3.5
mcp-Google_Drive-read_file_content-1790081135253.txt,Clearfield Jefferson Drug and Alcohol Commission- Clearfield County,Clearfield Jefferson Drug and Alcohol Commission- Clearfield County,,impression,2026-09-01,2027-09-30,MC - Retargeting,25000.0,325000.0,3.5
mcp-Google_Drive-read_file_content-1790081135253.txt,Crystal Clean,Crystal Clean,,impression,2026-02-01,2026-11-30,FB - Retargeting,10000.0,100000.0,0.84
mcp-Google_Drive-read_file_content-1790081135253.txt,Crystal Clean,Crystal Clean,,impression,2026-02-01,2026-11-30,FB - Categories,30000.0,300000.0,0.84
mcp-Google_Drive-read_file_content-1790081135253.txt,DuBois Granite and Quartz,DuBois Granite and Quartz,,impression,2026-08-01,2027-01-31,FB - Retargeting,10000.0,60000.0,5.0
mcp-Google_Drive-read_file_content-1790081135253.txt,DuBois Granite and Quartz,DuBois Granite and Quartz,,impression,2026-08-01,2027-01-31,FB - Categories,30000.0,180000.0,5.0
mcp-Google_Drive-read_file_content-1790081135253.txt,Dubois Granite and Quartz,Dubois Granite and Quartz,,event,2026-08-01,2027-01-31,Performance Max - Home Renovation/Dubois Granite,1500.0,9000.0,2250.0
mcp-Google_Drive-read_file_content-1790081135253.txt,Forest County Opioid Trust,Forest County Opioid Trust,,impression,2026-07-13,2027-05-31,MC - Categories,30000.0,300000.0,3.5
mcp-Google_Drive-read_file_content-1790081135253.txt,Forest County Opioid Trust,Forest County Opioid Trust,,impression,2026-07-13,2027-05-31,MC - Geo-Retargeting,30000.0,300000.0,3.5
mcp-Google_Drive-read_file_content-1790081135253.txt,Kahle's Kitchens Inc,Kahle's Kitchens Inc,,event,2026-09-01,2026-11-30,Performance Max - Kitchen Remodel/Home & Garden,1500.0,4500.0,1125.0
mcp-Google_Drive-read_file_content-1790081135253.txt,Modern Living Solutions,Modern Living Solutions,,impression,2026-06-12,2026-10-12,FB - Categories,30000.0,120000.0,5.0
mcp-Google_Drive-read_file_content-1790081135253.txt,Modern Living Solutions,Modern Living Solutions,,impression,2026-06-12,2026-10-12,FB - Retargeting,10000.0,40000.0,5.0
mcp-Google_Drive-read_file_content-1790081135253.txt,Sarvey Insurance,Sarvey Insurance,,impression,2026-07-24,2027-01-31,CTV - Retargeting,5000.0,30000.0,10.0
mcp-Google_Drive-read_file_content-1790081135253.txt,Sarvey Insurance,Sarvey Insurance,,impression,2026-07-24,2027-01-31,CTV - Behavioral,20000.0,120000.0,10.0
mcp-Google_Drive-read_file_content-1790081135253.txt,Shirey Overhead Doors,Shirey Overhead Doors,,impression,2026-01-27,2026-09-15,CTV - Retargeting,1000.0,8000.0,14.0
mcp-Google_Drive-read_file_content-1790081135253.txt,Shirey Overhead Doors,Shirey Overhead Doors,,event,2026-09-15,2026-12-31,Performance Max - Garage Door Repair/Homeowner,2000.0,6000.0,1500.0
mcp-Google_Drive-read_file_content-1790081135253.txt,TTSR #54264,TTSR #54264,54264,impression,2025-09-15,2026-12-31,FB Display- Retargeting,10000.0,30000.0,3.5
mcp-Google_Drive-read_file_content-1790081135253.txt,TTSR #54264,TTSR #54264,54264,impression,2025-09-15,2026-12-31,FB Display- Categories,50000.0,150000.0,3.5
mcp-Google_Drive-read_file_content-1790081135253.txt,American 250 PA Monroe County Commission #56319,American 250 PA Monroe County Commission #56319,56319,impression,2026-09-24,2026-10-24,A - AI,10000.0,10000.0,10.0
mcp-Google_Drive-read_file_content-1790081135253.txt,American 250 PA Monroe County Commission #56319,American 250 PA Monroe County Commission #56319,56319,impression,2026-09-24,2026-10-24,A - Behavioral,10000.0,10000.0,10.0
mcp-Google_Drive-read_file_content-1790081135253.txt,Brookside Homes - Stroudsburg,Brookside Homes,,impression,2026-02-04,2026-12-31,FB - Retargeting,10000.0,110000.0,1.52
mcp-Google_Drive-read_file_content-1790081135253.txt,Brookside Homes - Stroudsburg,Brookside Homes,,impression,2026-02-04,2026-12-31,FB - Categories,33640.0,370040.0,1.52
mcp-Google_Drive-read_file_content-1790081135253.txt,EIO Waste & Recycling Solutions Inc,EIO Waste & Recycling Solutions Inc,,impression,2026-06-01,2026-08-31,SM - Retargeting,500.0,500.0,3.0
mcp-Google_Drive-read_file_content-1790081135253.txt,EIO Waste & Recycling Solutions Inc,EIO Waste & Recycling Solutions Inc,,impression,2026-06-01,2026-08-31,SM - Behavioral,49500.0,49500.0,3.0
mcp-Google_Drive-read_file_content-1790081135253.txt,EIO Waste & Recycling Solutions Inc,EIO Waste & Recycling Solutions Inc,,impression,2026-06-01,2026-08-31,SM - AI,49500.0,49500.0,3.0
mcp-Google_Drive-read_file_content-1790081135253.txt,EIO Waste & Recycling Solutions Inc,EIO Waste & Recycling Solutions Inc,,impression,2026-06-01,2026-08-31,SM - Retargeting Lookalike,500.0,500.0,3.0
mcp-Google_Drive-read_file_content-1790081135253.txt,LPSCU Life,LPSCU Life,,event,2026-07-01,2026-12-31,Performance Max - Life Insurance,1500.0,9000.0,2250.0
mcp-Google_Drive-read_file_content-1790081135253.txt,Monroe County Leti,Monroe County Leti,,impression,2026-01-22,2026-12-31,A - AI,10000.0,120000.0,13.0
mcp-Google_Drive-read_file_content-1790081135253.txt,Monroe County Leti,Monroe County Leti,,impression,2026-01-22,2026-12-31,A - Behavioral,10000.0,120000.0,13.0
mcp-Google_Drive-read_file_content-1790081135253.txt,"Randy Nolf, DDS","Randy Nolf, DDS",,event,2026-07-21,2026-12-31,Performance Max - Dental Services,1500.0,9000.0,2250.0
mcp-Google_Drive-read_file_content-1790081135253.txt,Blue River Promotions,Blue River Promotions,,impression,2026-08-08,2026-09-07,SM- Behavioral Targeting,150000.0,150000.0,3.0
mcp-Google_Drive-read_file_content-1790081135253.txt,Blue River Promotions,Blue River Promotions,,impression,2026-08-08,2026-09-07,SM- Website Retargeting,25000.0,25000.0,3.0
mcp-Google_Drive-read_file_content-1790081135253.txt,Blue River Promotions,Blue River Promotions,,impression,2026-08-08,2026-09-07,SM- Website Retargeting Lookalike,25000.0,25000.0,3.0
mcp-Google_Drive-read_file_content-1790081135253.txt,Santa Fe International Film Festival,Santa Fe International Film Festival,,impression,2026-09-14,2026-10-15,CTV Website Retargeting - amazon,500.0,500.0,20.0
mcp-Google_Drive-read_file_content-1790081135253.txt,Santa Fe International Film Festival,Santa Fe International Film Festival,,impression,2026-09-14,2026-10-15,Video Website Retargeting - amazon,500.0,500.0,6.0
mcp-Google_Drive-read_file_content-1790081135253.txt,Santa Fe International Film Festival,Santa Fe International Film Festival,,impression,2026-09-14,2026-10-15,Video Behavorial - amazon,16500.0,16500.0,6.0
mcp-Google_Drive-read_file_content-1790081135253.txt,Santa Fe International Film Festival,Santa Fe International Film Festival,,impression,2026-09-14,2026-10-15,Video Product - amazon,16500.0,16500.0,6.0
mcp-Google_Drive-read_file_content-1790081135253.txt,Santa Fe International Film Festival,Santa Fe International Film Festival,,impression,2026-09-14,2026-10-15,CTV Product - amazon,8000.0,8000.0,15.0
mcp-Google_Drive-read_file_content-1790081135253.txt,Santa Fe International Film Festival,Santa Fe International Film Festival,,impression,2026-09-14,2026-10-15,CTV Behavorial - amazon,8000.0,8000.0,15.0
mcp-Google_Drive-read_file_content-1790081135253.txt,Santa Fe International Film Festival,Santa Fe International Film Festival,,impression,2026-09-14,2026-10-15,Category Targeting - MC,50000.0,50000.0,3.5
mcp-Google_Drive-read_file_content-1790081135253.txt,Santa Fe International Film Festival,Santa Fe International Film Festival,,impression,2026-09-14,2026-10-15,Geo- Fencing - MC,50000.0,50000.0,3.5
mcp-Google_Drive-read_file_content-1790081135253.txt,Santa Fe International Film Festival,Santa Fe International Film Festival,,impression,2026-09-14,2026-10-15,Geo - Retargeting - MC,50000.0,50000.0,3.5
mcp-Google_Drive-read_file_content-1790081135253.txt,Santa Fe International Film Festival,Santa Fe International Film Festival,,impression,2026-09-14,2026-10-15,Website Retargeting- MC,16666.0,16666.0,3.5
mcp-Google_Drive-read_file_content-1790081135253.txt,Gerald Malloy for Congress #55545,Gerald Malloy for Congress #55545,55545,impression,2026-08-07,2026-10-06,MC - Address Targeting,50000.0,100000.0,5.0
mcp-Google_Drive-read_file_content-1790081135253.txt,Gerald Malloy for Congress #55545,Gerald Malloy for Congress #55545,55545,impression,2026-08-07,2026-10-06,MC 0 Address Retargeting,50000.0,100000.0,5.0
mcp-Google_Drive-read_file_content-1790081135253.txt,Hedjak #50420,Hedjak #50420,50420,impression,2025-12-01,2026-03-01,Plus 5000 bonus impressions,,,
mcp-Google_Drive-read_file_content-1790081135253.txt,Hedjak #50420,Hedjak #50420,50420,impression,2025-12-01,2026-03-01,AZD - Retargeting,10000.0,30000.0,2.5
mcp-Google_Drive-read_file_content-1790081135253.txt,Hedjak #50420,Hedjak #50420,50420,impression,2025-12-01,2026-03-01,AZD - Behavioral,25000.0,75000.0,2.5
mcp-Google_Drive-read_file_content-1790081135253.txt,Hedjak #50420,Hedjak #50420,50420,impression,2025-12-01,2026-03-01,AZD - Product,25000.0,75000.0,2.5
mcp-Google_Drive-read_file_content-1790081135253.txt,Ace of Diamonds #51427,Ace of Diamonds #51427,51427,impression,2025-12-29,2026-12-27,Display - Retargeting,50000.0,600000.0,2.5
mcp-Google_Drive-read_file_content-1790081135253.txt,Hogan's Jewelers #52870,Hogan's Jewelers #52870,52870,impression,2026-03-02,2027-02-28,Display - Retargeting,3000.0,36000.0,2.5
mcp-Google_Drive-read_file_content-1790081135253.txt,TPB Resorts - The Breakers St. Ignace,TPB Resorts,,impression,2026-05-08,2026-12-07,DOOH - Venue Display,16666.0,116662.0,10.0
mcp-Google_Drive-read_file_content-1790081135253.txt,TPB Resorts - Kingsail #51619,TPB Resorts,51619,impression,2026-09-14,2026-12-13,SM - Behavioral,166666.0,499998.0,3.0
mcp-Google_Drive-read_file_content-1790081135253.txt,TPB Resorts - The Colonial Harbor Springs,TPB Resorts,,impression,2026-06-17,2026-10-04,Display - Behavioral,166666.0,666664.0,2.5
mcp-Google_Drive-read_file_content-1790081135253.txt,Yes Way Rosé,Yes Way Rosé,,impression,2025-07-03,2025-07-12,SM Behavioral,800000.0,800000.0,3.0
mcp-Google_Drive-read_file_content-1790081135253.txt,Yes Way Rosé,Yes Way Rosé,,impression,2025-07-03,2025-07-12,SM Geo-Fencing,3333.0,3333.0,3.0
mcp-Google_Drive-read_file_content-1790081135253.txt,Yes Way Rosé,Yes Way Rosé,,impression,2025-07-03,2025-07-12,SM Geo-Retargeting,30000.0,30000.0,3.0
mcp-Google_Drive-read_file_content-1790081135253.txt,CMOco,CMOco,,event,2026-09-14,2026-12-10,Performance Max,750.0,2250.0,562.5
mcp-Google_Drive-read_file_content-1790081135253.txt,Parade Pomps,Parade Pomps,,event,2026-08-17,2026-10-28,PMAX - Parade Floats/Party Planning/Retargeting,1500.0,4500.0,1125.0
mcp-Google_Drive-read_file_content-1790081135253.txt,Parkview Senior Living,Parkview Senior Living,,event,2026-07-07,2026-12-31,Performance Max,1500.0,9000.0,2250.0
mcp-Google_Drive-read_file_content-1790081135253.txt,Parkview Senior Living - Tullahoma,Parkview Senior Living,,event,2026-07-07,2026-12-31,Performance Max,1500.0,9000.0,2250.0
mcp-Google_Drive-read_file_content-1790081135253.txt,Parkview Senior Living (Social Mirror),Parkview Senior Living (Social Mirror),,impression,2026-07-01,2026-12-31,SM - AI,33333.0,200000.0,3.0
mcp-Google_Drive-read_file_content-1790081135253.txt,Parkview Senior Living (Social Mirror),Parkview Senior Living (Social Mirror),,impression,2026-07-01,2026-12-31,SM - Families with Adult Children/Gen X/Seniors,33333.0,200000.0,3.0
mcp-Google_Drive-read_file_content-1790081135253.txt,Parkview Senior Living (Social Mirror),Parkview Senior Living (Social Mirror),,impression,2026-07-01,2026-12-31,SM - Keyword,33333.0,200000.0,3.0
mcp-Google_Drive-read_file_content-1790081135253.txt,Parkview Senior Living (Social Mirror),Parkview Senior Living (Social Mirror),,impression,2026-07-01,2026-12-31,SM - Retargeting,,,
mcp-Google_Drive-read_file_content-1790081135253.txt,The Exchange (B2B),The Exchange (B2B),,impression,2026-07-01,2026-12-16,D - Matching,40000.0,200000.0,2.5
mcp-Google_Drive-read_file_content-1790081135253.txt,The Exchange (B2B),The Exchange (B2B),,impression,2026-07-01,2026-12-16,D - Lookalike,40000.0,200000.0,2.5
mcp-Google_Drive-read_file_content-1790081135253.txt,The Exchange (B2B),The Exchange (B2B),,impression,2026-07-01,2026-12-16,D - Retargeting,10000.0,50000.0,2.5
mcp-Google_Drive-read_file_content-1790081135253.txt,The Exchange (B2B),The Exchange (B2B),,impression,2026-07-01,2026-12-16,D - WVID,10000.0,50000.0,2.5
mcp-Google_Drive-read_file_content-1790081135253.txt,The Exchange (B2B),The Exchange (B2B),,impression,2026-07-01,2026-12-16,D - AI,,,
mcp-Google_Drive-read_file_content-1790081135253.txt,The Exchange (B2B),The Exchange (B2B),,impression,2026-07-01,2026-12-16,D - BEHAVIORAL,,,
mcp-Google_Drive-read_file_content-1790081135253.txt,The Exchange (B2B),The Exchange (B2B),,event,2026-07-01,2026-12-16,Performance Max,3500.0,17500.0,4375.0
mcp-Google_Drive-read_file_content-1790081135253.txt,American Society for Cell Biology (ASCB) #47209,American Society for Cell Biology (ASCB) #47209,47209,impression,2025-07-15,2025-10-08,SM Retargeting,23333.0,70000.0,2.0
mcp-Google_Drive-read_file_content-1790081135253.txt,American Society for Cell Biology (ASCB) #47209,American Society for Cell Biology (ASCB) #47209,47209,impression,2025-07-15,2025-10-08,SM Keyword,20000.0,60000.0,2.0
mcp-Google_Drive-read_file_content-1790081135253.txt,American Society for Cell Biology (ASCB) #47209,American Society for Cell Biology (ASCB) #47209,47209,impression,2025-07-15,2025-10-08,SM AI,40000.0,120000.0,2.0
mcp-Google_Drive-read_file_content-1790081135253.txt,DJG - American Society for Cell Biology (Cell Bio) #53093 PPC,DJG,53093,click,2026-07-24,2026-11-21,PPC,1000.0,4000.0,
mcp-Google_Drive-read_file_content-1790081135253.txt,DJG - Clean Currents for NHA #52161,DJG,52161,impression,2026-03-03,2026-09-03,SM - Retargeting,15625.0,93750.0,3.0
mcp-Google_Drive-read_file_content-1790081135253.txt,DJG - Clean Currents for NHA #52161,DJG,52161,impression,2026-03-03,2026-09-03,SM - Audience Matching,15625.0,93750.0,3.0
mcp-Google_Drive-read_file_content-1790081135253.txt,DJG - Clean Currents for NHA #52161,DJG,52161,impression,2026-03-03,2026-09-03,SM - B2B Behavioral,15625.0,93750.0,3.0
mcp-Google_Drive-read_file_content-1790081135253.txt,DJG - Clean Currents for NHA #52161,DJG,52161,impression,2026-03-03,2026-09-03,SM - AI,15625.0,93750.0,3.0
mcp-Google_Drive-read_file_content-1790081135253.txt,DJG - Clean Currents for NHA #52161,DJG,52161,impression,2026-03-03,2026-09-03,SM - Audience Lookalike,,,
mcp-Google_Drive-read_file_content-1790081135253.txt,DJG - Clean Currents for NHA #52161,DJG,52161,impression,2026-03-03,2026-09-03,SM - Content Targeting,,,
mcp-Google_Drive-read_file_content-1790081135253.txt,National Retail Federation (NRF) #50594,National Retail Federation (NRF) #50594,50594,impression,2026-08-17,2026-11-17,Meta - Categories,50000.0,150000.0,5.0
mcp-Google_Drive-read_file_content-1790081135253.txt,National Retail Federation (NRF) #50594,National Retail Federation (NRF) #50594,50594,impression,2026-08-17,2026-11-17,Meta - Retargeting,16666.0,49998.0,5.0
mcp-Google_Drive-read_file_content-1790081135253.txt,National Retail Federation (NRF) #50594,National Retail Federation (NRF) #50594,50594,impression,2026-08-17,2026-11-17,Meta - Custom Audience,50000.0,150000.0,5.0
mcp-Google_Drive-read_file_content-1790081135253.txt,National Retail Federation (NRF) #50594,National Retail Federation (NRF) #50594,50594,impression,2026-08-17,2026-11-17,Meta - Custom Audience Lookalike,50000.0,150000.0,5.0
mcp-Google_Drive-read_file_content-1790081135253.txt,National Retail Federation (NRF) #55704,National Retail Federation (NRF) #55704,55704,impression,2026-09-15,2026-10-02,SM - B2B Behaviors,100000.0,100000.0,5.0
mcp-Google_Drive-read_file_content-1790081135253.txt,National Retail Federation (NRF) #55704,National Retail Federation (NRF) #55704,55704,impression,2026-09-15,2026-10-02,SM - Content,100000.0,100000.0,5.0
mcp-Google_Drive-read_file_content-1790081135253.txt,National Retail Federation (NRF) #55704,National Retail Federation (NRF) #55704,55704,impression,2026-09-15,2026-10-02,SM - GF,75000.0,75000.0,5.0
mcp-Google_Drive-read_file_content-1790081135253.txt,National Retail Federation (NRF) #55704,National Retail Federation (NRF) #55704,55704,impression,2026-09-15,2026-10-02,SM - GR,75000.0,75000.0,5.0
mcp-Google_Drive-read_file_content-1790081135253.txt,National Retail Federation (NRF) #55704,National Retail Federation (NRF) #55704,55704,impression,2026-09-15,2026-10-02,SM - Retargeting,25000.0,25000.0,5.0
mcp-Google_Drive-read_file_content-1790081135253.txt,Society of Women Engineers (WE Conference) #52824,Society of Women Engineers (WE Conference) #52824,52824,impression,2026-07-31,2026-10-31,SM - Retargeting,20833.0,62500.0,3.0
mcp-Google_Drive-read_file_content-1790081135253.txt,Society of Women Engineers (WE Conference) #52824,Society of Women Engineers (WE Conference) #52824,52824,impression,2026-07-31,2026-10-31,SM - Audience Lookalike,20833.0,62500.0,3.5
mcp-Google_Drive-read_file_content-1790081135253.txt,Society of Women Engineers (WE Conference) #52824,Society of Women Engineers (WE Conference) #52824,52824,impression,2026-07-31,2026-10-31,SM - B2B Behavioral,20833.0,62500.0,3.5
mcp-Google_Drive-read_file_content-1790081135253.txt,Society of Women Engineers (WE Conference) #52824,Society of Women Engineers (WE Conference) #52824,52824,impression,2026-07-31,2026-10-31,SM - Content Targeting,20833.0,62500.0,3.0
mcp-Google_Drive-read_file_content-1790081135253.txt,Society of Women Engineers (WE Conference) #52824,Society of Women Engineers (WE Conference) #52824,52824,impression,2026-07-31,2026-10-31,SM - Retargeting Lookalike,,,
mcp-Google_Drive-read_file_content-1790081135253.txt,Society of Women Engineers (WE Conference) #52824,Society of Women Engineers (WE Conference) #52824,52824,click,2026-08-03,2026-10-31,LI - Category,700.0,2025.0,1.05
mcp-Google_Drive-read_file_content-1790081135253.txt,Society of Women Engineers (WE Conference) #52824,Society of Women Engineers (WE Conference) #52824,52824,click,2026-08-03,2026-10-31,LI - Custom Audience Matching,700.0,2025.0,1.05
mcp-Google_Drive-read_file_content-1790081135253.txt,Society of Women Engineers (WE Conference) #52824,Society of Women Engineers (WE Conference) #52824,52824,click,2026-08-03,2026-10-31,LI - Website Retargeting,250.0,900.0,1.05
mcp-Google_Drive-read_file_content-1790081135253.txt,Bennie Tinson,Bennie Tinson,,impression,2026-09-11,2026-11-03,FB/IG Retargeting,5000.0,10000.0,3.5
mcp-Google_Drive-read_file_content-1790081135253.txt,Bennie Tinson,Bennie Tinson,,impression,2026-09-11,2026-11-03,FB/IG Matching,55000.0,110000.0,3.5
mcp-Google_Drive-read_file_content-1790081135253.txt,Martinez JM for City Council 2026 #56019,Martinez JM for City Council 2026 #56019,56019,impression,2026-09-09,2026-11-02,FB/IG Retargeting English,10000.0,20000.0,3.5
mcp-Google_Drive-read_file_content-1790081135253.txt,Martinez JM for City Council 2026 #56019,Martinez JM for City Council 2026 #56019,56019,impression,2026-09-09,2026-11-02,FB/IG Matching English,35000.0,70000.0,3.5
mcp-Google_Drive-read_file_content-1790081135253.txt,Martinez JM for City Council 2026 #56019,Martinez JM for City Council 2026 #56019,56019,impression,2026-09-09,2026-11-02,FB/IG Retargeting Spanish,2500.0,5000.0,3.5
mcp-Google_Drive-read_file_content-1790081135253.txt,Martinez JM for City Council 2026 #56019,Martinez JM for City Council 2026 #56019,56019,impression,2026-09-09,2026-11-02,FB/IG Matching Spanish,12500.0,25000.0,3.5
mcp-Google_Drive-read_file_content-1790081135253.txt,The Foundation PAC,The Foundation PAC,,impression,2026-09-09,2026-11-03,Custom Audience Matching CTV Restricted,11250.0,22500.0,13.5
mcp-Google_Drive-read_file_content-1790081135253.txt,The Foundation PAC,The Foundation PAC,,impression,2026-09-09,2026-11-03,Custom Audience Matching Video Restricted,26250.0,52500.0,7.5
mcp-Google_Drive-read_file_content-1790081135253.txt,American Plastics - Jefferson City #54770,American Plastics,54770,impression,2026-07-06,2026-09-30,MC - Geo-Fencing,21666.0,64998.0,3.5
mcp-Google_Drive-read_file_content-1790081135253.txt,American Plastics - Jefferson City #54770,American Plastics,54770,impression,2026-07-06,2026-09-30,MC - Geo-Retargeting,20000.0,60000.0,3.5
mcp-Google_Drive-read_file_content-1790081135253.txt,Better Business Bureau of St. Louis #51730,Better Business Bureau of St. Louis #51730,51730,impression,2026-02-01,2026-10-31,SM - B2B Behavioral,166666.0,1499994.0,4.5
mcp-Google_Drive-read_file_content-1790081135253.txt,EMC - Better Business Bureau of Eastern Missouri & Southern Illinois #51845,EMC,51845,impression,2026-07-01,2026-12-31,SM - B2B Behavioral,71428.0,428568.0,4.5
mcp-Google_Drive-read_file_content-1790081135253.txt,Mad Hatter Chimney Cleaning #50267,Mad Hatter Chimney Cleaning #50267,50267,impression,2026-01-04,2026-02-28,Video - Geo-Retargeting,,,6.0
mcp-Google_Drive-read_file_content-1790081135253.txt,Mad Hatter Chimney Cleaning #50267,Mad Hatter Chimney Cleaning #50267,50267,impression,2026-01-04,2026-02-28,Video - Behavioral,100000.0,200000.0,6.0
mcp-Google_Drive-read_file_content-1790081135253.txt,Mad Hatter Chimney Cleaning #50267,Mad Hatter Chimney Cleaning #50267,50267,impression,2026-01-04,2026-12-31,Display - Retargeting,1000.0,12000.0,2.5
mcp-Google_Drive-read_file_content-1790081135253.txt,Mad Hatter Chimney Cleaning #50179 PPC,Mad Hatter Chimney Cleaning #50179 PPC,50179,click,2025-01-01,2025-12-31,PPC - Keywords,1750.0,21000.0,102.94
mcp-Google_Drive-read_file_content-1790081135253.txt,Mad Hatter Chimney Cleaning #50267,Mad Hatter Chimney Cleaning #50267,50267,impression,2026-01-04,2026-02-28,Video - Geo-Retargeting,,,6.0
mcp-Google_Drive-read_file_content-1790081135253.txt,Mad Hatter Chimney Cleaning #50267,Mad Hatter Chimney Cleaning #50267,50267,impression,2026-01-04,2026-02-28,Video - Behavioral,100000.0,200000.0,6.0
mcp-Google_Drive-read_file_content-1790081135253.txt,Revity Credit Union #52594,Revity Credit Union #52594,52594,impression,2026-03-02,2026-12-31,Display - Retargeting,5000.0,50000.0,2.5
mcp-Google_Drive-read_file_content-1790081135253.txt,Revity Credit Union #52594,Revity Credit Union #52594,52594,impression,2026-03-02,2026-12-31,Display - Behavioral,145000.0,1450000.0,2.5
mcp-Google_Drive-read_file_content-1790081135253.txt,Revity Credit Union - Grant Campaign #54887,Revity Credit Union,54887,impression,2026-07-02,2026-12-31,SM - Behavioral,66666.0,399996.0,3.0
mcp-Google_Drive-read_file_content-1790081135253.txt,Revity Credit Union - Grant Campaign #54887,Revity Credit Union,54887,impression,2026-07-02,2026-12-31,SM - AI,66666.0,399996.0,3.0
mcp-Google_Drive-read_file_content-1790081135253.txt,St. Louis Muny Theater in Forest Park #55107,St. Louis Muny Theater in Forest Park #55107,55107,impression,2026-09-03,2026-09-25,SM - Behavioral,100000.0,100000.0,3.0
mcp-Google_Drive-read_file_content-1790081135253.txt,St. Louis Symphony Orchestra #55733,St. Louis Symphony Orchestra #55733,55733,impression,2026-08-17,2026-10-01,SM - Behavioral,15333.0,15333.0,3.0
mcp-Google_Drive-read_file_content-1790081135253.txt,St. Louis Symphony Orchestra #55733,St. Louis Symphony Orchestra #55733,55733,impression,2026-08-17,2026-10-01,SM - AI,18000.0,18000.0,3.0
mcp-Google_Drive-read_file_content-1790081135253.txt,St. Louis Symphony Orchestra #55733,St. Louis Symphony Orchestra #55733,55733,impression,2026-08-17,2026-10-01,Native - Behavioral,25000.0,25000.0,2.5
mcp-Google_Drive-read_file_content-1790081135253.txt,St. Louis Symphony Orchestra #55733,St. Louis Symphony Orchestra #55733,55733,impression,2026-08-17,2026-10-01,Native - AI,25000.0,25000.0,2.5
mcp-Google_Drive-read_file_content-1790081135253.txt,St. Louis Symphony Orchestra #55107,St. Louis Symphony Orchestra #55107,55107,impression,2026-07-16,2026-08-31,SM - Behavioral,50000.0,100000.0,3.0
mcp-Google_Drive-read_file_content-1790081135253.txt,St. Louis Symphony Orchestra #55107,St. Louis Symphony Orchestra #55107,55107,impression,2026-07-16,2026-08-31,SM - AI,50000.0,100000.0,3.0
mcp-Google_Drive-read_file_content-1790081135253.txt,St. Louis Symphony Orchestra #55107,St. Louis Symphony Orchestra #55107,55107,impression,2026-09-03,2026-09-27,SM - Behavioral,50000.0,50000.0,3.0
mcp-Google_Drive-read_file_content-1790081135253.txt,St. Louis Symphony Orchestra #55107,St. Louis Symphony Orchestra #55107,55107,impression,2026-09-03,2026-09-27,SM - AI,50000.0,50000.0,3.0
mcp-Google_Drive-read_file_content-1790081135253.txt,St. Louis Symphony Orchestra #55733,St. Louis Symphony Orchestra #55733,55733,impression,2026-08-18,2026-09-11,SM - Behavioral,50000.0,50000.0,3.0
mcp-Google_Drive-read_file_content-1790081135253.txt,St. Louis Symphony Orchestra #55733,St. Louis Symphony Orchestra #55733,55733,impression,2026-08-18,2026-09-11,SM - AI,50000.0,50000.0,3.0
mcp-Google_Drive-read_file_content-1790081135253.txt,St. Louis Symphony Orchestra #55733,St. Louis Symphony Orchestra #55733,55733,impression,2026-08-19,2026-09-11,Video - Behavioral,20000.0,20000.0,6.0
mcp-Google_Drive-read_file_content-1790081135253.txt,St. Louis Symphony Orchestra #55733,St. Louis Symphony Orchestra #55733,55733,impression,2026-08-19,2026-09-11,Video - AI,20000.0,20000.0,6.0
mcp-Google_Drive-read_file_content-1790081135253.txt,St. Louis Symphony Orchestra #55733,St. Louis Symphony Orchestra #55733,55733,impression,2026-08-24,2026-09-11,MC - Geo-Fencing,20000.0,20000.0,3.5
mcp-Google_Drive-read_file_content-1790081135253.txt,St. Louis Symphony Orchestra #55733,St. Louis Symphony Orchestra #55733,55733,impression,2026-08-24,2026-09-11,MC - Categories,30000.0,30000.0,3.5
mcp-Google_Drive-read_file_content-1790081135253.txt,Total Access Urgent Care #54460,Total Access Urgent Care #54460,54460,impression,2026-07-06,2026-08-31,SM - Behavioral,222222.0,444444.0,3.0
mcp-Google_Drive-read_file_content-1790081135253.txt,Tigers Community Credit Union #43523,Tigers Community Credit Union #43523,43523,impression,2025-04-22,2025-04-30,SM - Retargeting,10000.0,10000.0,1.75
mcp-Google_Drive-read_file_content-1790081135253.txt,Tigers Community Credit Union #51363,Tigers Community Credit Union #51363,51363,impression,2026-04-01,2026-07-31,MC - Categories,150000.0,600000.0,3.5
mcp-Google_Drive-read_file_content-1790081135253.txt,West Community Credit Union #43343,West Community Credit Union #43343,43343,impression,2026-04-01,2026-12-31,SM - Behavioral,75000.0,675000.0,3.0
mcp-Google_Drive-read_file_content-1790081135253.txt,"Clear Choice Exteriors - Des Moines, Iowa #54801",Clear Choice Exteriors,54801,impression,2026-06-18,2026-10-16,MC - Categories,100000.0,400000.0,3.5
mcp-Google_Drive-read_file_content-1790081135253.txt,"Clear Choice Exteriors - Des Moines, Iowa #54801",Clear Choice Exteriors,54801,impression,2026-06-18,2026-10-16,MC - GF,50000.0,200000.0,3.5
mcp-Google_Drive-read_file_content-1790081135253.txt,"Clear Choice Exteriors - Des Moines, Iowa #54801",Clear Choice Exteriors,54801,impression,2026-06-18,2026-10-16,MC - GR,25000.0,100000.0,3.5
mcp-Google_Drive-read_file_content-1790081135253.txt,"Clear Choice Exteriors - Des Moines, Iowa #54801",Clear Choice Exteriors,54801,impression,2026-06-18,2026-10-16,MC - Site Retargeting,25000.0,100000.0,3.5
mcp-Google_Drive-read_file_content-1790081135253.txt,Twin Brook Furniture,Twin Brook Furniture,,event,2026-04-16,2026-12-31,Performance Max,1500.0,13500.0,3375.0
mcp-Google_Drive-read_file_content-1790081135253.txt,Twin Brook Furniture,Twin Brook Furniture,,impression,2026-07-01,2026-12-31,Mechanicsville,,,
mcp-Google_Drive-read_file_content-1790081135253.txt,Twin Brook Furniture,Twin Brook Furniture,,impression,2026-07-01,2026-12-31,FB/IG - Retargeting,10000.0,60000.0,5.0
mcp-Google_Drive-read_file_content-1790081135253.txt,Twin Brook Furniture,Twin Brook Furniture,,impression,2026-07-01,2026-12-31,FB/IG - Premium,30000.0,180000.0,5.0
mcp-Google_Drive-read_file_content-1790081135253.txt,Twin Brook Furniture,Twin Brook Furniture,,impression,2026-07-01,2026-12-31,Cockeysville,,,
mcp-Google_Drive-read_file_content-1790081135253.txt,Twin Brook Furniture,Twin Brook Furniture,,impression,2026-07-01,2026-12-31,FB/IG - Retargeting,10000.0,60000.0,5.0
mcp-Google_Drive-read_file_content-1790081135253.txt,Twin Brook Furniture,Twin Brook Furniture,,impression,2026-07-01,2026-12-31,FB/IG - Premium,30000.0,180000.0,5.0
mcp-Google_Drive-read_file_content-1790081135253.txt,JJM - Bulldog Winch #55052,JJM,55052,event,2026-08-01,2027-07-31,PMAX - Retargeting,500.0,6000.0,3000.0
mcp-Google_Drive-read_file_content-1790081135253.txt,Bulldog Winch #55052,Bulldog Winch #55052,55052,impression,2026-08-03,2027-07-31,MC - Categories,62500.0,750000.0,3.5
mcp-Google_Drive-read_file_content-1790081135253.txt,Bulldog Winch #56270,Bulldog Winch #56270,56270,impression,2026-09-16,2026-09-30,Dis - Behavioral,100000.0,100000.0,2.5
mcp-Google_Drive-read_file_content-1790081135253.txt,Bulldog Winch #56270,Bulldog Winch #56270,56270,impression,2026-09-16,2026-09-30,Dis - Keyword,100000.0,100000.0,2.5
mcp-Google_Drive-read_file_content-1790081135253.txt,Bulldog Winch #56270,Bulldog Winch #56270,56270,impression,2026-09-16,2026-09-30,Dis - Site Retargeting,7272.0,7272.0,2.5
mcp-Google_Drive-read_file_content-1790081135253.txt,Bulldog Winch #56270,Bulldog Winch #56270,56270,impression,2026-09-16,2026-09-30,Dis - Behavioral,170000.0,170000.0,2.5
mcp-Google_Drive-read_file_content-1790081135253.txt,Bulldog Winch #56270,Bulldog Winch #56270,56270,impression,2026-09-16,2026-09-30,Dis - Keyword,170000.0,170000.0,2.5
mcp-Google_Drive-read_file_content-1790081135253.txt,Bulldog Winch #56270,Bulldog Winch #56270,56270,impression,2026-09-16,2026-09-30,Dis - Site Retargeting,5454.0,5454.0,2.5
mcp-Google_Drive-read_file_content-1790081135253.txt,Bulldog Winch #56270,Bulldog Winch #56270,56270,impression,2026-09-16,2026-09-30,Dis - Behavioral,60000.0,60000.0,2.5
mcp-Google_Drive-read_file_content-1790081135253.txt,Bulldog Winch #56270,Bulldog Winch #56270,56270,impression,2026-09-16,2026-09-30,Dis - Keyword,60000.0,60000.0,2.5
mcp-Google_Drive-read_file_content-1790081135253.txt,Bulldog Winch #56270,Bulldog Winch #56270,56270,impression,2026-09-16,2026-09-30,Dis - Site Retargeting,18181.0,18181.0,2.5
mcp-Google_Drive-read_file_content-1790081135253.txt,Armonia Kitchen,Armonia Kitchen,,impression,2026-03-18,2026-06-16,SM - AI,60000.0,180000.0,2.5
mcp-Google_Drive-read_file_content-1790081135253.txt,Armonia Kitchen,Armonia Kitchen,,impression,2026-03-18,2026-06-16,SM - B,25000.0,75000.0,2.5
mcp-Google_Drive-read_file_content-1790081135253.txt,Armonia Kitchen,Armonia Kitchen,,impression,2026-03-18,2026-06-16,SM - KW,12000.0,36000.0,2.5
mcp-Google_Drive-read_file_content-1790081135253.txt,Armonia Kitchen,Armonia Kitchen,,impression,2026-03-18,2026-06-16,SM - R,3000.0,9000.0,2.5
mcp-Google_Drive-read_file_content-1790081135253.txt,Belmont Park - Family,Belmont Park,,impression,2026-02-27,2026-12-31,SM - AI,50000.0,500000.0,3.0
mcp-Google_Drive-read_file_content-1790081135253.txt,Belmont Park - Family,Belmont Park,,impression,2026-02-27,2026-12-31,SM - B,20000.0,200000.0,3.0
mcp-Google_Drive-read_file_content-1790081135253.txt,Belmont Park - Family,Belmont Park,,impression,2026-02-27,2026-12-31,SM - KW,15000.0,150000.0,3.0
mcp-Google_Drive-read_file_content-1790081135253.txt,Belmont Park - Family,Belmont Park,,impression,2026-02-27,2026-12-31,SM - Retargeting,5000.0,50000.0,3.0
mcp-Google_Drive-read_file_content-1790081135253.txt,Belmont Park - Family,Belmont Park,,impression,2026-02-27,2026-12-31,SM - Matching,10000.0,100000.0,3.0
mcp-Google_Drive-read_file_content-1790081135253.txt,Belmont Park - Family,Belmont Park,,impression,2026-02-27,2026-12-31,SM - Lookalike,10000.0,100000.0,3.0
mcp-Google_Drive-read_file_content-1790081135253.txt,BP Pmax,BP Pmax,,event,2026-07-23,2026-12-31,PMAX - Search/Cat,4900.0,29400.0,7350.0
mcp-Google_Drive-read_file_content-1790081135253.txt,BP Pmax,BP Pmax,,event,2026-07-23,2026-12-31,PMAX - Ret,100.0,600.0,150.0
mcp-Google_Drive-read_file_content-1790081135253.txt,Lakehouse Pmax,Lakehouse Pmax,,event,2026-07-15,2026-12-31,PMAX - Search/Cat,2400.0,14400.0,3600.0
mcp-Google_Drive-read_file_content-1790081135253.txt,Lakehouse Pmax,Lakehouse Pmax,,event,2026-07-15,2026-12-31,PMAX - Ret,100.0,600.0,150.0
mcp-Google_Drive-read_file_content-1790081135253.txt,Lakehouse Pmax,Lakehouse Pmax,,event,2026-07-15,2026-12-31,PMAX - Search/Cat,1400.0,8400.0,2100.0
mcp-Google_Drive-read_file_content-1790081135253.txt,Lakehouse Pmax,Lakehouse Pmax,,event,2026-07-15,2026-12-31,PMAX - Ret,100.0,600.0,150.0
mcp-Google_Drive-read_file_content-1790081135253.txt,Synergy OH Pmax,Synergy OH Pmax,,event,2026-07-15,2027-06-30,PMAX - Search/Cat,3000.0,36000.0,9000.0
mcp-Google_Drive-read_file_content-1790081135253.txt,Synergy OH Pmax,Synergy OH Pmax,,event,2026-07-15,2027-06-30,PMAX - Ret,0.0,0.0,0.0
mcp-Google_Drive-read_file_content-1790081135253.txt,Otay Ranch Pmax,Otay Ranch Pmax,,event,2026-06-16,2026-09-30,PMAX - Search,2630.0,10520.0,2630.0
mcp-Google_Drive-read_file_content-1790081135253.txt,Otay Ranch Pmax,Otay Ranch Pmax,,event,2026-06-16,2026-09-30,PMAX - Ret,100.0,400.0,100.0
mcp-Google_Drive-read_file_content-1790081135253.txt,Belmont Park - OA,Belmont Park,,impression,2026-03-12,2026-03-22,OA - AI,27003.0,27003.0,12.0
mcp-Google_Drive-read_file_content-1790081135253.txt,Belmont Park - OA,Belmont Park,,impression,2026-03-12,2026-03-22,OA - B,14001.0,14001.0,12.0
mcp-Google_Drive-read_file_content-1790081135253.txt,Belmont Park - OA,Belmont Park,,impression,2026-03-12,2026-03-22,OA - R,2996.0,2996.0,12.0
mcp-Google_Drive-read_file_content-1790081135253.txt,Belmont Park - Video,Belmont Park,,impression,2026-04-01,2026-07-31,V - AI,32666.0,130664.0,6.0
mcp-Google_Drive-read_file_content-1790081135253.txt,Belmont Park - Video,Belmont Park,,impression,2026-04-01,2026-07-31,V - B,20000.0,80000.0,6.5
mcp-Google_Drive-read_file_content-1790081135253.txt,Belmont Park - Video,Belmont Park,,impression,2026-04-01,2026-07-31,V - KW,5000.0,20000.0,6.0
mcp-Google_Drive-read_file_content-1790081135253.txt,Belmont Park - Video,Belmont Park,,impression,2026-04-01,2026-07-31,V - R,2000.0,8000.0,6.0
mcp-Google_Drive-read_file_content-1790081135253.txt,Belmont Park - Video,Belmont Park,,impression,2026-04-01,2026-07-31,V - CM,4000.0,16000.0,6.0
mcp-Google_Drive-read_file_content-1790081135253.txt,Belmont Park - Video,Belmont Park,,impression,2026-04-01,2026-07-31,V - CL,2000.0,8000.0,6.0
mcp-Google_Drive-read_file_content-1790081135253.txt,Belmont Park - Video,Belmont Park,,impression,2026-04-01,2026-07-31,V - WVID Feed,2000.0,8000.0,6.0
mcp-Google_Drive-read_file_content-1790081135253.txt,Belmont Park - SM OTT,Belmont Park,,impression,2026-04-02,2026-08-31,SM OTT - AI,15370.0,76850.0,14.0
mcp-Google_Drive-read_file_content-1790081135253.txt,Belmont Park - SM OTT,Belmont Park,,impression,2026-04-02,2026-08-31,SM OTT - B,8000.0,40000.0,14.0
mcp-Google_Drive-read_file_content-1790081135253.txt,Belmont Park - SM OTT,Belmont Park,,impression,2026-04-02,2026-08-31,SM OTT - CM,4000.0,20000.0,14.0
mcp-Google_Drive-read_file_content-1790081135253.txt,Belmont Park - SM OTT,Belmont Park,,impression,2026-04-02,2026-08-31,SM OTT - CL,2000.0,10000.0,14.0
mcp-Google_Drive-read_file_content-1790081135253.txt,Belmont Park - SM OTT,Belmont Park,,impression,2026-04-02,2026-08-31,SM OTT - R,2000.0,10000.0,14.0
mcp-Google_Drive-read_file_content-1790081135253.txt,Belmont Park - MC,Belmont Park,,impression,2025-03-04,2025-04-30,MC - Cat,100000.0,200000.0,3.5
mcp-Google_Drive-read_file_content-1790081135253.txt,Belmont Park - MC,Belmont Park,,impression,2025-03-04,2025-04-30,MC - GF,20000.0,40000.0,3.5
mcp-Google_Drive-read_file_content-1790081135253.txt,Belmont Park - MC,Belmont Park,,impression,2025-03-04,2025-04-30,MC - GR,15000.0,30000.0,3.5
mcp-Google_Drive-read_file_content-1790081135253.txt,Belmont Park - MC,Belmont Park,,impression,2025-03-04,2025-04-30,MC - GRL,50000.0,100000.0,3.5
mcp-Google_Drive-read_file_content-1790081135253.txt,Belmont Park - MC,Belmont Park,,impression,2025-03-04,2025-04-30,MC - R,15000.0,30000.0,3.5
mcp-Google_Drive-read_file_content-1790081135253.txt,Collective Heads - Cumulus Media (Dallas–Fort Worth) WBAP News Talk,Collective Heads,,impression,2026-02-16,2026-05-31,SM - CP,20000.0,80000.0,3.0
mcp-Google_Drive-read_file_content-1790081135253.txt,Collective Heads - Cumulus Media (Dallas–Fort Worth) WBAP News Talk,Collective Heads,,impression,2026-02-16,2026-05-31,SM - R,13333.0,53332.0,3.0
mcp-Google_Drive-read_file_content-1790081135253.txt,Collective Heads - Cumulus Media (Dallas–Fort Worth) WBAP News Talk,Collective Heads,,impression,2026-02-12,2026-02-28,SM - B,35000.0,35000.0,3.5
mcp-Google_Drive-read_file_content-1790081135253.txt,Collective Heads - Cumulus Media (Dallas–Fort Worth) WBAP News Talk,Collective Heads,,impression,2026-02-12,2026-02-28,SM - R,6818.0,6818.0,3.0
mcp-Google_Drive-read_file_content-1790081135253.txt,Collective Heads - Cumulus Media (Dallas–Fort Worth) WBAP News Talk,Collective Heads,,impression,2026-02-12,2026-02-28,SM - Matching,10000.0,10000.0,3.0
mcp-Google_Drive-read_file_content-1790081135253.txt,Collective Heads - Cumulus Media (Dallas–Fort Worth) WBAP News Talk,Collective Heads,,impression,2026-02-12,2026-02-28,SM - Lookalike,5000.0,5000.0,3.0
mcp-Google_Drive-read_file_content-1790081135253.txt,CBF Productions - Surfers Point Live,CBF Productions,,impression,,,sm - b,75627.0,75627.0,3.5
mcp-Google_Drive-read_file_content-1790081135253.txt,CBF Productions - Surfers Point Live,CBF Productions,,impression,,,sm - k,68627.0,68627.0,3.0
mcp-Google_Drive-read_file_content-1790081135253.txt,CBF Productions - Surfers Point Live,CBF Productions,,impression,,,sm - r,68627.0,68627.0,3.0
mcp-Google_Drive-read_file_content-1790081135253.txt,KLOS,KLOS,,impression,2026-04-02,,SM - CP,28600.0,286000.0,3.0
mcp-Google_Drive-read_file_content-1790081135253.txt,KLOS,KLOS,,impression,2026-04-02,,SM - R,5000.0,50000.0,3.0
mcp-Google_Drive-read_file_content-1790081135253.txt,Collective Heads - Bonneville Denver - KYGO 98.5 Country,Collective Heads,,impression,2026-03-31,2026-06-30,SM - CP,25333.0,75999.0,3.0
mcp-Google_Drive-read_file_content-1790081135253.txt,Collective Heads - Bonneville Denver - KYGO 98.5 Country,Collective Heads,,impression,2026-03-31,2026-06-30,SM - R,9000.0,27000.0,3.0
mcp-Google_Drive-read_file_content-1790081135253.txt,Collective Heads - Bonneville Denver - KYGO 98.5 Country (SPANISH),Collective Heads,,impression,2026-03-31,2026-06-30,SM - CP,25333.0,75999.0,3.0
mcp-Google_Drive-read_file_content-1790081135253.txt,Collective Heads - Bonneville Denver - KYGO 98.5 Country (SPANISH),Collective Heads,,impression,2026-03-31,2026-06-30,SM - R,9000.0,27000.0,3.0
mcp-Google_Drive-read_file_content-1790081135253.txt,Power 106,Power 106,,impression,2026-04-02,,SM - CP,28600.0,286000.0,3.0
mcp-Google_Drive-read_file_content-1790081135253.txt,Power 106,Power 106,,impression,2026-04-02,,SM - R,5000.0,50000.0,3.0
mcp-Google_Drive-read_file_content-1790081135253.txt,Collective Heads - Cumulus Dallas (Dallas–Fort Worth) KTCK The Ticket/Sports,Collective Heads,,impression,2026-03-02,2026-03-31,OA - B,44000.0,44000.0,14.0
mcp-Google_Drive-read_file_content-1790081135253.txt,Collective Heads - Cumulus Dallas (Dallas–Fort Worth) KTCK The Ticket/Sports,Collective Heads,,impression,2026-03-02,2026-03-31,OA - Matching,9000.0,9000.0,14.0
mcp-Google_Drive-read_file_content-1790081135253.txt,Collective Heads - Cumulus Dallas (Dallas–Fort Worth) KTCK The Ticket/Sports,Collective Heads,,impression,2026-03-02,2026-03-31,OA - Lookalike,4000.0,4000.0,14.0
mcp-Google_Drive-read_file_content-1790081135253.txt,Collective Heads - Nassau-Suffolk (WALK-FM) Hot AC,Collective Heads,,impression,2026-02-09,2026-05-01,SM - CP,20000.0,60000.0,3.0
mcp-Google_Drive-read_file_content-1790081135253.txt,Collective Heads - Nassau-Suffolk (WALK-FM) Hot AC,Collective Heads,,impression,2026-02-09,2026-05-01,SM - R,13333.0,39999.0,3.0
mcp-Google_Drive-read_file_content-1790081135253.txt,Collective Heads - Cumulus Media (Dallas KPLX 99.5 The Wolf),Collective Heads,,impression,2026-02-19,2026-02-28,SM - B,8001.0,8001.0,3.5
mcp-Google_Drive-read_file_content-1790081135253.txt,Collective Heads - Cumulus Media (Dallas KPLX 99.5 The Wolf),Collective Heads,,impression,2026-02-19,2026-02-28,SM - R,3000.0,3000.0,3.0
mcp-Google_Drive-read_file_content-1790081135253.txt,Collective Heads - Cumulus Media (Dallas KPLX 99.5 The Wolf),Collective Heads,,impression,2026-02-19,2026-02-28,SM - Matching,2000.0,2000.0,3.0
mcp-Google_Drive-read_file_content-1790081135253.txt,Collective Heads - Cumulus Media (Dallas KPLX 99.5 The Wolf),Collective Heads,,impression,2026-02-19,2026-02-28,SM - Lookalike,2000.0,2000.0,3.0
mcp-Google_Drive-read_file_content-1790081135253.txt,Collective Heads - Cumulus Media (Dallas KSCS New Country 96.3),Collective Heads,,impression,2026-02-20,2026-02-28,SM - B,8002.0,8002.0,3.5
mcp-Google_Drive-read_file_content-1790081135253.txt,Collective Heads - Cumulus Media (Dallas KSCS New Country 96.3),Collective Heads,,impression,2026-02-20,2026-02-28,SM - R,3000.0,3000.0,3.0
mcp-Google_Drive-read_file_content-1790081135253.txt,Collective Heads - Cumulus Media (Dallas KSCS New Country 96.3),Collective Heads,,impression,2026-02-20,2026-02-28,SM - Matching,2000.0,2000.0,3.0
mcp-Google_Drive-read_file_content-1790081135253.txt,Collective Heads - Cumulus Media (Dallas KSCS New Country 96.3),Collective Heads,,impression,2026-02-20,2026-02-28,SM - Lookalike,2000.0,2000.0,3.0
mcp-Google_Drive-read_file_content-1790081135253.txt,HomeFed - Cota Vera,HomeFed,,impression,2026-02-20,2026-02-28,SM - Retargeting,4000.0,4000.0,3.0
mcp-Google_Drive-read_file_content-1790081135253.txt,HomeFed - Cota Vera,HomeFed,,impression,2026-02-20,2026-02-28,SM - Keyword,6000.0,6000.0,3.0
mcp-Google_Drive-read_file_content-1790081135253.txt,HomeFed - Cota Vera,HomeFed,,impression,2026-02-20,2026-02-28,SM - Behavioral,10000.0,10000.0,3.0
mcp-Google_Drive-read_file_content-1790081135253.txt,HomeFed - Cota Vera,HomeFed,,impression,2026-02-20,2026-02-28,SM - AI,12000.0,12000.0,3.0
mcp-Google_Drive-read_file_content-1790081135253.txt,Homefed - Escaya,Homefed,,impression,2026-01-01,2026-12-31,SM - Mobile Cross Platform,10000.0,120000.0,3.0
mcp-Google_Drive-read_file_content-1790081135253.txt,Homefed - Market Common,Homefed,,impression,2026-04-03,2026-08-31,SM - GF,,,3.0
mcp-Google_Drive-read_file_content-1790081135253.txt,Homefed - Market Common,Homefed,,impression,2026-04-03,2026-08-31,SM - GR,,,3.0
mcp-Google_Drive-read_file_content-1790081135253.txt,Homefed - Market Common,Homefed,,impression,2026-04-03,2026-08-31,SM - R,5000.0,25000.0,3.0
mcp-Google_Drive-read_file_content-1790081135253.txt,Homefed - Market Common,Homefed,,impression,2026-04-03,2026-08-31,SM - B,60000.0,300000.0,3.0
mcp-Google_Drive-read_file_content-1790081135253.txt,Homefed - Market Common,Homefed,,impression,2026-04-03,2026-08-31,SM - AI,90000.0,450000.0,3.0
mcp-Google_Drive-read_file_content-1790081135253.txt,Homefed - Market Common,Homefed,,impression,2026-04-03,2026-08-31,SM - KW,12300.0,61500.0,3.0
mcp-Google_Drive-read_file_content-1790081135253.txt,Homefed - SweetBay,Homefed,,impression,2026-01-02,2026-06-30,SM - Mobile Cross Platform,,,3.0
mcp-Google_Drive-read_file_content-1790081135253.txt,Homefed - SweetBay,Homefed,,impression,2026-01-02,2026-06-30,SM - AI Mobile Cross Platform,15000.0,15000.0,3.0
mcp-Google_Drive-read_file_content-1790081135253.txt,LMSD – 91X Secret Contest 2026 50685,LMSD – 91X Secret Contest 2026 50685,,impression,2026-01-01,2026-03-31,SM - CP,11428.0,34285.0,3.0
mcp-Google_Drive-read_file_content-1790081135253.txt,LMSD – 91X Secret Contest 2026 50685,LMSD – 91X Secret Contest 2026 50685,,impression,2026-01-01,2026-03-31,SM - WR,59999.0,179998.0,3.0
mcp-Google_Drive-read_file_content-1790081135253.txt,LMSD – MAGIC Secret Contest 2026 50684,LMSD – MAGIC Secret Contest 2026 50684,,impression,2026-01-01,2026-03-31,SM - CP,11428.0,34285.0,3.0
mcp-Google_Drive-read_file_content-1790081135253.txt,LMSD – MAGIC Secret Contest 2026 50684,LMSD – MAGIC Secret Contest 2026 50684,,impression,2026-01-01,2026-03-31,SM - WR,59999.0,179998.0,3.0
mcp-Google_Drive-read_file_content-1790081135253.txt,LMSD – Z90 Secret Contest 2026 50683,LMSD – Z90 Secret Contest 2026 50683,,impression,2026-01-01,2026-03-31,SM - CP,11428.0,34285.0,3.0
mcp-Google_Drive-read_file_content-1790081135253.txt,LMSD – Z90 Secret Contest 2026 50683,LMSD – Z90 Secret Contest 2026 50683,,impression,2026-01-01,2026-03-31,SM - WR,59999.0,179998.0,3.0
mcp-Google_Drive-read_file_content-1790081135253.txt,91x Nielsen,91x Nielsen,,impression,2025-01-13,2025-01-31,OA - B,30000.0,300000.0,10.0
mcp-Google_Drive-read_file_content-1790081135253.txt,Z90 Nielsen,Z90 Nielsen,,impression,2025-12-09,2025-10-31,OA - B,30000.0,330000.0,10.0
mcp-Google_Drive-read_file_content-1790081135253.txt,Magic Nielsen,Magic Nielsen,,impression,2024-12-06,2025-10-31,OA - B,30000.0,330000.0,10.0
mcp-Google_Drive-read_file_content-1790081135253.txt,SeaWorld 52108,SeaWorld 52108,,impression,2026-02-06,2026-07-31,SM - AI,50000.0,300000.0,3.0
mcp-Google_Drive-read_file_content-1790081135253.txt,SeaWorld 52108,SeaWorld 52108,,impression,2026-02-06,2026-07-31,SM - B,30000.0,180000.0,3.0
mcp-Google_Drive-read_file_content-1790081135253.txt,SeaWorld 52108,SeaWorld 52108,,impression,2026-02-06,2026-07-31,SM - Matching,12000.0,72000.0,3.0
mcp-Google_Drive-read_file_content-1790081135253.txt,SeaWorld 52108,SeaWorld 52108,,impression,2026-02-06,2026-07-31,SM - Lookalike,12000.0,72000.0,3.0
mcp-Google_Drive-read_file_content-1790081135253.txt,SeaWorld 52108,SeaWorld 52108,,impression,2026-02-06,2026-07-31,SM - KW,21000.0,126000.0,3.0
mcp-Google_Drive-read_file_content-1790081135253.txt,SeaWorld - EVENTS 52114,SeaWorld,,impression,2026-02-12,2026-04-12,SM - AI,20000.0,40000.0,3.0
mcp-Google_Drive-read_file_content-1790081135253.txt,SeaWorld - EVENTS 52114,SeaWorld,,impression,2026-02-12,2026-04-12,SM - CP,13333.0,26666.0,3.0
mcp-Google_Drive-read_file_content-1790081135253.txt,SeaWorld - EVENTS 52114,SeaWorld,,impression,2026-02-12,2026-04-12,V - AI,12000.0,24000.0,6.0
mcp-Google_Drive-read_file_content-1790081135253.txt,SeaWorld - EVENTS 52114,SeaWorld,,impression,2026-02-12,2026-04-12,V - CP,8000.0,16000.0,6.0
mcp-Google_Drive-read_file_content-1790081135253.txt,USD - IT,USD,,impression,2026-03-20,2026-06-15,SM CTV - AI,27000.0,81000.0,12.5
mcp-Google_Drive-read_file_content-1790081135253.txt,USD - IT,USD,,impression,2026-03-20,2026-06-15,SM CTV - B2B,16375.0,49125.0,13.0
mcp-Google_Drive-read_file_content-1790081135253.txt,USD - IT,USD,,impression,2026-03-20,2026-06-15,SM CTV - R,4000.0,12000.0,12.5
mcp-Google_Drive-read_file_content-1790081135253.txt,USD - Medical Terminolgy 52314,USD,,impression,2026-03-06,2023-05-31,SM CTV - AI,28000.0,84000.0,14.0
mcp-Google_Drive-read_file_content-1790081135253.txt,USD - Medical Terminolgy 52314,USD,,impression,2026-03-06,2023-05-31,SM CTV - B2B,16387.0,49161.0,13.5
mcp-Google_Drive-read_file_content-1790081135253.txt,USD - Medical Terminolgy 52314,USD,,impression,2026-03-06,2023-05-31,SM CTV - R,4000.0,12000.0,14.0
mcp-Google_Drive-read_file_content-1790081135253.txt,USD - TEACHERS #52317,USD,52317,impression,2026-03-06,2023-05-31,SM CTV - AI,30000.0,90000.0,14.5
mcp-Google_Drive-read_file_content-1790081135253.txt,USD - TEACHERS #52317,USD,52317,impression,2026-03-06,2023-05-31,SM CTV - B,22541.0,67623.0,14.5
mcp-Google_Drive-read_file_content-1790081135253.txt,USD - TEACHERS #52317,USD,52317,impression,2026-03-06,2023-05-31,SM CTV - R,4000.0,12000.0,14.5
mcp-Google_Drive-read_file_content-1790081135253.txt,BMB Construction LLC #55664,BMB Construction LLC #55664,55664,impression,2026-08-25,2027-02-23,SM - AI,33333.0,200000.0,3.0
mcp-Google_Drive-read_file_content-1790081135253.txt,BMB Construction LLC #55664,BMB Construction LLC #55664,55664,impression,2026-08-25,2027-02-23,SM - KW,33333.0,200000.0,3.0
mcp-Google_Drive-read_file_content-1790081135253.txt,Burzynski Clinic #55728,Burzynski Clinic #55728,55728,impression,2026-08-20,2027-02-19,SM - Behavioral,33333.0,200000.0,3.0
mcp-Google_Drive-read_file_content-1790081135253.txt,Burzynski Clinic #55728,Burzynski Clinic #55728,55728,impression,2026-08-20,2027-02-19,SM - Retargeting,33333.0,200000.0,3.0
mcp-Google_Drive-read_file_content-1790081135253.txt,Freedom Boat Club of North Texas,Freedom Boat Club of North Texas,,impression,2026-03-14,2026-06-14,OTT - AI,12000.0,108000.0,12.0
mcp-Google_Drive-read_file_content-1790081135253.txt,Freedom Boat Club of North Texas,Freedom Boat Club of North Texas,,impression,2026-03-14,2026-06-14,OTT - Behavioral,12000.0,108000.0,12.0
mcp-Google_Drive-read_file_content-1790081135253.txt,Freedom Boat Club of North Texas,Freedom Boat Club of North Texas,,impression,2026-03-14,2026-06-14,OTT - Retargeting,1000.0,9000.0,12.0
mcp-Google_Drive-read_file_content-1790081135253.txt,Freedom Boat Club of North Texas,Freedom Boat Club of North Texas,,event,2026-09-08,2026-09-30,Performance Max,2100.0,2100.0,525.0
mcp-Google_Drive-read_file_content-1790081135253.txt,Grayson County Animal Emergency Clinic,Grayson County Animal Emergency Clinic,,event,2026-07-01,2026-12-31,Performance Max,2000.0,12000.0,3000.0
mcp-Google_Drive-read_file_content-1790081135253.txt,Houston Concierge Medicine #54985,Houston Concierge Medicine #54985,54985,impression,2026-07-16,2025-10-14,SM - Behavioral,50000.0,150000.0,3.0
mcp-Google_Drive-read_file_content-1790081135253.txt,Houston Concierge Medicine #54985,Houston Concierge Medicine #54985,54985,impression,2026-07-16,2025-10-14,SM - Retargeting,50000.0,150000.0,3.0
mcp-Google_Drive-read_file_content-1790081135253.txt,Hunt the Globe #54860,Hunt the Globe #54860,54860,impression,2026-08-01,2026-10-31,CTV Behavioral,25000.0,75000.0,12.0
mcp-Google_Drive-read_file_content-1790081135253.txt,Hunt the Globe #54860,Hunt the Globe #54860,54860,impression,2026-08-01,2026-10-31,CTV Retargeting,,,
mcp-Google_Drive-read_file_content-1790081135253.txt,Jerome Westheimer Center for the Performing Arts,Jerome Westheimer Center for the Performing Arts,,impression,2026-07-23,2026-04-14,SM - AI,33333.0,333333.0,3.0
mcp-Google_Drive-read_file_content-1790081135253.txt,Jerome Westheimer Center for the Performing Arts,Jerome Westheimer Center for the Performing Arts,,impression,2026-07-23,2026-04-14,SM - Behavioral,33333.0,333333.0,3.0
mcp-Google_Drive-read_file_content-1790081135253.txt,Jerome Westheimer Center for the Performing Arts,Jerome Westheimer Center for the Performing Arts,,impression,2026-07-23,2026-04-14,SM - Retargeting,33333.0,333333.0,3.0
mcp-Google_Drive-read_file_content-1790081135253.txt,Kerr-Bilt Trailers #50360,Kerr-Bilt Trailers #50360,50360,event,2026-05-15,2026-12-31,Performance Max,2500.0,20000.0,5000.0
mcp-Google_Drive-read_file_content-1790081135253.txt,Kerr-Bilt Trailers,Kerr-Bilt Trailers,,impression,2026-03-04,2026-09-04,TEXAS,,,
mcp-Google_Drive-read_file_content-1790081135253.txt,Kerr-Bilt Trailers,Kerr-Bilt Trailers,,impression,2026-03-04,2026-09-04,SM - Behavioral,34000.0,340000.0,3.0
mcp-Google_Drive-read_file_content-1790081135253.txt,Kerr-Bilt Trailers,Kerr-Bilt Trailers,,impression,2026-03-04,2026-09-04,SM - Retargeting,8000.0,80000.0,3.0
mcp-Google_Drive-read_file_content-1790081135253.txt,KB House of Guns #52752,KB House of Guns #52752,52752,impression,2026-07-01,2026-12-31,CTV AI,10000.0,60000.0,12.0
mcp-Google_Drive-read_file_content-1790081135253.txt,KB House of Guns #52752,KB House of Guns #52752,52752,impression,2026-07-01,2026-12-31,CTV Behavioral,12222.0,73332.0,12.0
mcp-Google_Drive-read_file_content-1790081135253.txt,K-B Grindhouse #55348,K-B Grindhouse #55348,55348,impression,2026-08-01,2026-12-31,CTV Behavioral,25000.0,125000.0,12.0
mcp-Google_Drive-read_file_content-1790081135253.txt,Knight Furniture #54861,Knight Furniture #54861,54861,impression,2026-09-01,2025-11-30,CTV AI,20000.0,60000.0,12.0
mcp-Google_Drive-read_file_content-1790081135253.txt,Knight Furniture #54861,Knight Furniture #54861,54861,impression,2026-09-01,2025-11-30,CTV Behavioral,5000.0,15000.0,12.0
mcp-Google_Drive-read_file_content-1790081135253.txt,Mackey's Home Furnishings,Mackey's Home Furnishings,,impression,2025-11-03,2025-11-01,SM - AI,20000.0,240000.0,3.0
mcp-Google_Drive-read_file_content-1790081135253.txt,Premiere Baby Imaging Sonogram Studio,Premiere Baby Imaging Sonogram Studio,,impression,2025-12-10,2026-12-10,SM - AI,35000.0,420000.0,3.0
mcp-Google_Drive-read_file_content-1790081135253.txt,Roni's Mac Bar,Roni's Mac Bar,,impression,2026-08-15,2026-11-15,Category Targeting- FB/IG,20000.0,60000.0,3.5
mcp-Google_Drive-read_file_content-1790081135253.txt,Texoma Roofing & Construction #52543,Texoma Roofing & Construction #52543,52543,event,2026-03-06,2026-12-31,Commercial Roofing,,,
mcp-Google_Drive-read_file_content-1790081135253.txt,Texoma Roofing & Construction #52543,Texoma Roofing & Construction #52543,52543,event,2026-03-06,2026-12-31,Performance Max,1000.0,10000.0,2500.0
mcp-Google_Drive-read_file_content-1790081135253.txt,T&M Paintless Dent Repair #51194,T&M Paintless Dent Repair #51194,51194,impression,2026-06-01,2026-11-01,SM - AI,25000.0,125000.0,2.5
mcp-Google_Drive-read_file_content-1790081135253.txt,T&M Paintless Dent Repair #51194,T&M Paintless Dent Repair #51194,51194,impression,2026-06-01,2026-11-01,SM - Behavioral,50000.0,250000.0,2.5
mcp-Google_Drive-read_file_content-1790081135253.txt,T&M Paintless Dent Repair #51194,T&M Paintless Dent Repair #51194,51194,impression,2026-06-01,2026-11-01,SM - Retargeting,25000.0,125000.0,2.5
mcp-Google_Drive-read_file_content-1790081135253.txt,Wise Wolf Gold and Silver Exchange #55035,Wise Wolf Gold and Silver Exchange #55035,55035,impression,2026-09-15,2027-03-14,SM - Behavioral,50000.0,300000.0,2.5
mcp-Google_Drive-read_file_content-1790081135253.txt,Wise Wolf Gold and Silver Exchange #55035,Wise Wolf Gold and Silver Exchange #55035,55035,impression,2026-09-15,2027-03-14,SM - KW,50000.0,300000.0,2.5
mcp-Google_Drive-read_file_content-1790081135253.txt,Wise Wolf Gold and Silver Exchange #55035,Wise Wolf Gold and Silver Exchange #55035,55035,impression,2026-09-15,2027-03-14,SM - Retargeting,33333.0,200000.0,2.5
mcp-Google_Drive-read_file_content-1790081135253.txt,Ally Disability #50805,Ally Disability #50805,50805,impression,2026-02-04,2026-12-31,FB Custom Audience Lookalike,11111.0,122222.0,2.16
mcp-Google_Drive-read_file_content-1790081135253.txt,Ally Disability #50805,Ally Disability #50805,50805,impression,2026-02-04,2026-12-31,FB Cross Platform,11111.0,122222.0,2.16
mcp-Google_Drive-read_file_content-1790081135253.txt,Ally Disability #50805,Ally Disability #50805,50805,event,2026-09-03,2026-10-31,PMax,1500.0,3000.0,750.0
mcp-Google_Drive-read_file_content-1790081135253.txt,Back Office Solutions #52366,Back Office Solutions #52366,52366,event,2026-07-01,2026-09-30,Performance Max,1500.0,4500.0,1125.0
mcp-Google_Drive-read_file_content-1790081135253.txt,Braden’s Furniture,Braden’s Furniture,,impression,2026-08-27,2026-09-10,AZ - Prime CTV,30000.0,30000.0,16.81
mcp-Google_Drive-read_file_content-1790081135253.txt,Braden’s Furniture,Braden’s Furniture,,impression,2026-08-27,2026-09-10,AZ - Retargeting CTV,3333.0,3333.0,16.81
mcp-Google_Drive-read_file_content-1790081135253.txt,Braden’s Furniture,Braden’s Furniture,,impression,2026-08-27,2026-09-10,AZ - Behavioral Video,60000.0,60000.0,16.81
mcp-Google_Drive-read_file_content-1790081135253.txt,Braden’s Furniture,Braden’s Furniture,,impression,2026-08-27,2026-09-10,AZ - Retargeting Video,6667.0,6667.0,16.81
mcp-Google_Drive-read_file_content-1790081135253.txt,Braden’s Furniture,Braden’s Furniture,,impression,2026-08-27,2026-09-10,Behavioral CTV,20000.0,20000.0,12.0
mcp-Google_Drive-read_file_content-1790081135253.txt,Braden’s Furniture,Braden’s Furniture,,impression,2026-08-27,2026-09-10,Retargeting CTV,4444.0,4444.0,12.0
mcp-Google_Drive-read_file_content-1790081135253.txt,Braden’s Furniture,Braden’s Furniture,,impression,2026-08-27,2026-09-10,Retargeting Lookalike CTV,20000.0,20000.0,12.0
mcp-Google_Drive-read_file_content-1790081135253.txt,Braden’s Furniture,Braden’s Furniture,,impression,2026-08-27,2026-09-10,Behavioral Video,40000.0,40000.0,6.0
mcp-Google_Drive-read_file_content-1790081135253.txt,Braden’s Furniture,Braden’s Furniture,,impression,2026-08-27,2026-09-10,Retargeting Video,8889.0,8889.0,6.0
mcp-Google_Drive-read_file_content-1790081135253.txt,Braden’s Furniture,Braden’s Furniture,,impression,2026-08-27,2026-09-10,Retargeting Lookalike Video,40000.0,40000.0,6.0
mcp-Google_Drive-read_file_content-1790081135253.txt,Braden’s Furniture,Braden’s Furniture,,impression,2026-08-27,2026-09-10,Category Youtube Reservation,36111.0,36111.0,45.0
mcp-Google_Drive-read_file_content-1790081135253.txt,CIty Heating and Air,CIty Heating and Air,,event,2026-01-01,2026-12-31,Performance Max - HVAC Repair near me/Heating Repair,2300.0,27600.0,6900.0
mcp-Google_Drive-read_file_content-1790081135253.txt,Fisher Tire,Fisher Tire,,impression,2025-02-12,2025-06-30,AZ - Behavioral CTV,8000.0,64000.0,10.5
mcp-Google_Drive-read_file_content-1790081135253.txt,Fisher Tire,Fisher Tire,,impression,2025-02-12,2025-06-30,AZ - Retargeting CTV,1000.0,8000.0,10.5
mcp-Google_Drive-read_file_content-1790081135253.txt,Fisher Tire,Fisher Tire,,event,2026-09-11,2026-12-31,Performance Max - Tires/Auto Parts & Accessories,1805.0,7220.0,1805.0
mcp-Google_Drive-read_file_content-1790081135253.txt,Granite Garage Floors,Granite Garage Floors,,click,2026-08-01,2026-08-31,Keyword,1000.0,3000.0,0.41
mcp-Google_Drive-read_file_content-1790081135253.txt,Granite Garage Floors,Granite Garage Floors,,click,2026-08-01,2026-08-31,Call Ads,400.0,1200.0,0.15
mcp-Google_Drive-read_file_content-1790081135253.txt,Granite Garage Floors #44949,Granite Garage Floors #44949,44949,event,2026-08-01,2026-09-30,Permormance Max,1500.0,4500.0,1125.0
mcp-Google_Drive-read_file_content-1790081135253.txt,IBEW 760,IBEW 760,,impression,2025-01-05,2026-12-31,FB - Category,17333.0,207996.0,6.96
mcp-Google_Drive-read_file_content-1790081135253.txt,Jellystone Park Mark Twain Lake #52591,Jellystone Park Mark Twain Lake #52591,52591,impression,2026-04-13,2026-09-30,AZ - Behavioral CTV,14667.0,88000.0,8.66
mcp-Google_Drive-read_file_content-1790081135253.txt,Jellystone Park Mark Twain Lake #52591,Jellystone Park Mark Twain Lake #52591,52591,impression,2026-04-13,2026-09-30,AZ - Product Targeting CTV,1000.0,6000.0,8.66
mcp-Google_Drive-read_file_content-1790081135253.txt,Jellystone Park Mark Twain Lake #52591,Jellystone Park Mark Twain Lake #52591,52591,impression,2026-04-13,2026-09-30,AZ - Retargeting CTV,1000.0,6000.0,8.66
mcp-Google_Drive-read_file_content-1790081135253.txt,Jellystone Park Mark Twain Lake #52591,Jellystone Park Mark Twain Lake #52591,52591,impression,2026-04-13,2026-09-30,AZ - Behavioral Video,15000.0,90000.0,10.83
mcp-Google_Drive-read_file_content-1790081135253.txt,Jellystone Park Mark Twain Lake #52591,Jellystone Park Mark Twain Lake #52591,52591,impression,2026-04-13,2026-09-30,AZ - Products Targeting Video,15000.0,90000.0,10.83
mcp-Google_Drive-read_file_content-1790081135253.txt,Jellystone Park Mark Twain Lake #52591,Jellystone Park Mark Twain Lake #52591,52591,impression,2026-04-13,2026-09-30,AZ - Retargeting Video,3333.0,20000.0,10.83
mcp-Google_Drive-read_file_content-1790081135253.txt,Junk Bee Gone LLC #50864,Junk Bee Gone LLC #50864,50864,impression,2026-09-18,2026-09-30,D Behavioral,25000.0,25000.0,2.5
mcp-Google_Drive-read_file_content-1790081135253.txt,Junk Bee Gone LLC #50864,Junk Bee Gone LLC #50864,50864,impression,2026-09-18,2026-09-30,D Retargeting,28000.0,28000.0,2.5
mcp-Google_Drive-read_file_content-1790081135253.txt,Junk Bee Gone LLC,Junk Bee Gone LLC,,event,2026-04-01,2026-07-31,Commercial Business,,,
mcp-Google_Drive-read_file_content-1790081135253.txt,Junk Bee Gone LLC,Junk Bee Gone LLC,,event,2026-04-01,2026-07-31,Performance Max,1500.0,7500.0,1875.0
mcp-Google_Drive-read_file_content-1790081135253.txt,Junk Bee Gone LLC,Junk Bee Gone LLC,,click,2026-09-04,2026-09-30,Keyword - Dumpsters,3520.21,3520.21,0.91
mcp-Google_Drive-read_file_content-1790081135253.txt,Junk Bee Gone LLC,Junk Bee Gone LLC,,click,2026-09-04,2026-09-30,Keyword - Demo,213.35,213.35,0.42
mcp-Google_Drive-read_file_content-1790081135253.txt,Junk Bee Gone LLC,Junk Bee Gone LLC,,click,2026-09-04,2026-09-30,Keyword - Full Service,6933.74,6933.74,1.85
mcp-Google_Drive-read_file_content-1790081135253.txt,Junk Bee Gone LLC,Junk Bee Gone LLC,,click,2026-09-04,2026-09-30,Keyword - Call,,,
mcp-Google_Drive-read_file_content-1790081135253.txt,Laborers Local 818,Laborers Local 818,,impression,2026-04-01,2026-01-31,MC - Behavioral,30000.0,300000.0,3.5
mcp-Google_Drive-read_file_content-1790081135253.txt,Laborers Local 818,Laborers Local 818,,impression,2026-04-01,2026-01-31,MC - Geo-Fencing,20000.0,200000.0,3.5
mcp-Google_Drive-read_file_content-1790081135253.txt,Little Lake Pet Lodge #48827,Little Lake Pet Lodge #48827,48827,impression,2026-09-04,2026-12-31,AZ CTV Behavioral,3000.0,12000.0,9.81
mcp-Google_Drive-read_file_content-1790081135253.txt,Little Lake Pet Lodge #48827,Little Lake Pet Lodge #48827,48827,impression,2026-09-04,2026-12-31,AZ CTV Product,3000.0,12000.0,9.81
mcp-Google_Drive-read_file_content-1790081135253.txt,Little Lake Pet Lodge #48827,Little Lake Pet Lodge #48827,48827,impression,2026-09-04,2026-12-31,AZ CTV Retargeting,2333.0,9333.0,9.81
mcp-Google_Drive-read_file_content-1790081135253.txt,Little Lake Pet Lodge #48827,Little Lake Pet Lodge #48827,48827,impression,2026-09-04,2026-12-31,AZ Video Behavioral,5000.0,20000.0,9.87
mcp-Google_Drive-read_file_content-1790081135253.txt,Little Lake Pet Lodge #48827,Little Lake Pet Lodge #48827,48827,impression,2026-09-04,2026-12-31,AZ Video Product,5000.0,20000.0,9.87
mcp-Google_Drive-read_file_content-1790081135253.txt,Little Lake Pet Lodge #48827,Little Lake Pet Lodge #48827,48827,impression,2026-09-04,2026-12-31,AZ Video Retargeting,6667.0,26667.0,9.87
mcp-Google_Drive-read_file_content-1790081135253.txt,Milligan Vein,Milligan Vein,,impression,2026-07-01,2026-12-31,YouTube+ Categories,62500.0,375000.0,8.8
mcp-Google_Drive-read_file_content-1790081135253.txt,Milligan Vein,Milligan Vein,,click,2026-09-01,2026-12-31,Keyword,2016.0,8064.0,0.16
mcp-Google_Drive-read_file_content-1790081135253.txt,Milligan Vein #44767,Milligan Vein #44767,44767,event,2026-09-01,2026-12-31,Permormance Max,2800.0,11200.0,2800.0
mcp-Google_Drive-read_file_content-1790081135253.txt,New Phase Research #56011,New Phase Research #56011,56011,impression,2026-09-01,2026-09-30,Native Behavioral,25000.0,25000.0,2.5
mcp-Google_Drive-read_file_content-1790081135253.txt,New Phase Research #56011,New Phase Research #56011,56011,impression,2026-09-01,2026-09-30,Native GF,25000.0,25000.0,2.5
mcp-Google_Drive-read_file_content-1790081135253.txt,New Phase Research #56011,New Phase Research #56011,56011,impression,2026-09-01,2026-09-30,Native GR,25000.0,25000.0,2.5
mcp-Google_Drive-read_file_content-1790081135253.txt,New Phase Research #56011,New Phase Research #56011,56011,impression,2026-09-01,2026-09-30,Native Retargeting,25000.0,25000.0,2.5
mcp-Google_Drive-read_file_content-1790081135253.txt,Pellissippi State College,Pellissippi State College,,impression,2026-06-01,2026-09-30,SM Behavioral,33333.0,133333.0,2.5
mcp-Google_Drive-read_file_content-1790081135253.txt,Pellissippi State College,Pellissippi State College,,impression,2026-06-01,2026-09-30,SM Keyword,33333.0,133333.0,2.5
mcp-Google_Drive-read_file_content-1790081135253.txt,Plumb Creek Pet Lodge #54625,Plumb Creek Pet Lodge #54625,54625,impression,2026-06-15,2026-12-31,MC - Category,35000.0,210000.0,3.5
mcp-Google_Drive-read_file_content-1790081135253.txt,Plumb Creek Pet Lodge #54625,Plumb Creek Pet Lodge #54625,54625,impression,2026-06-15,2026-12-31,MC - Geofencing,30000.0,180000.0,3.5
mcp-Google_Drive-read_file_content-1790081135253.txt,Plumb Creek Pet Lodge #54625,Plumb Creek Pet Lodge #54625,54625,impression,2026-06-15,2026-12-31,MC - Georetargeting,30000.0,180000.0,3.5
mcp-Google_Drive-read_file_content-1790081135253.txt,Plumb Creek Pet Lodge #54625,Plumb Creek Pet Lodge #54625,54625,impression,2026-06-15,2026-12-31,MC - Retargeting,5000.0,30000.0,3.5
mcp-Google_Drive-read_file_content-1790081135253.txt,Senior Financial,Senior Financial,,impression,2026-01-14,2026-08-31,CTV - Behavioral,22809.0,205281.0,14.0
mcp-Google_Drive-read_file_content-1790081135253.txt,Senior Financial,Senior Financial,,impression,2026-01-14,2026-08-31,CTV - Retargeting,1000.0,9000.0,14.0
mcp-Google_Drive-read_file_content-1790081135253.txt,Stellar Medical Aesthetics #46283,Stellar Medical Aesthetics #46283,46283,impression,2026-08-01,2026-12-31,SM - Content,33333.0,166667.0,3.0
mcp-Google_Drive-read_file_content-1790081135253.txt,Stellar Medical Aesthetics #46283,Stellar Medical Aesthetics #46283,46283,impression,2026-08-01,2026-12-31,SM - Behavioral,33333.0,166667.0,3.0
mcp-Google_Drive-read_file_content-1790081135253.txt,Stellar Medical Aesthetics #46283,Stellar Medical Aesthetics #46283,46283,impression,2026-08-01,2026-12-31,SM - Retargeting,33333.0,166667.0,3.0
mcp-Google_Drive-read_file_content-1790081135253.txt,Stellar Medical Aesthetics #46283,Stellar Medical Aesthetics #46283,46283,impression,2026-08-01,2026-12-31,SM - Retargeting Lookalike,33333.0,166667.0,3.0
mcp-Google_Drive-read_file_content-1790081135253.txt,Ted Russell Ford,Ted Russell Ford,,impression,2026-09-14,2026-09-30,SM - Behavorial Targeting,56000.0,56000.0,3.0
mcp-Google_Drive-read_file_content-1790081135253.txt,Ted Russell Ford,Ted Russell Ford,,impression,2026-09-14,2026-09-30,SM - Website Retargeting,5000.0,5000.0,3.0
mcp-Google_Drive-read_file_content-1790081135253.txt,Ted Russell Lincoln #53990,Ted Russell Lincoln #53990,53990,impression,2026-09-15,2026-09-30,AZ Prime CTV,8333.0,8333.0,25.0
mcp-Google_Drive-read_file_content-1790081135253.txt,Ted Russell Lincoln #53990,Ted Russell Lincoln #53990,53990,impression,2026-09-15,2026-09-30,AZ Behavioral Video,5000.0,5000.0,12.0
mcp-Google_Drive-read_file_content-1790081135253.txt,Ted Russell Lincoln #53990,Ted Russell Lincoln #53990,53990,impression,2026-09-15,2026-09-30,AZ Product Video,5000.0,5000.0,12.0
mcp-Google_Drive-read_file_content-1790081135253.txt,Ted Russell Lincoln #53990,Ted Russell Lincoln #53990,53990,impression,2026-09-15,2026-09-30,AZ Retargeting Video,6667.0,6667.0,12.0
mcp-Google_Drive-read_file_content-1790081135253.txt,Triple F Elite Sports #49837,Triple F Elite Sports #49837,49837,impression,2026-08-01,2026-12-31,TikTok Behavioral/Hashtag,85000.0,425000.0,2.22
mcp-Google_Drive-read_file_content-1790081135253.txt,Triple F Elite Sports #49837,Triple F Elite Sports #49837,49837,impression,2026-08-01,2026-12-31,TikTok Retargeting,15000.0,75000.0,2.22
mcp-Google_Drive-read_file_content-1790081135253.txt,Triple F Elite Sports,Triple F Elite Sports,,event,2026-08-01,2026-08-31,"Branding, Youth, LTAD",,,
mcp-Google_Drive-read_file_content-1790081135253.txt,Triple F Elite Sports,Triple F Elite Sports,,event,2026-08-01,2026-08-31,Performance Max,2775.0,2775.0,693.75
mcp-Google_Drive-read_file_content-1790081135253.txt,Triple F Elite Training-Blount County,Triple F Elite Training-Blount County,,event,2026-08-06,2026-12-31,Performance Max,1500.0,7500.0,1875.0
mcp-Google_Drive-read_file_content-1790081135253.txt,Watts Bar Lake Jellystone Park,Watts Bar Lake Jellystone Park,,impression,2026-08-03,2026-09-30,AZ - Behavioral CTV,10000.0,20000.0,7.59
mcp-Google_Drive-read_file_content-1790081135253.txt,Watts Bar Lake Jellystone Park,Watts Bar Lake Jellystone Park,,impression,2026-08-03,2026-09-30,AZ - Product Targeting CTV,5000.0,10000.0,7.59
mcp-Google_Drive-read_file_content-1790081135253.txt,Watts Bar Lake Jellystone Park,Watts Bar Lake Jellystone Park,,impression,2026-08-03,2026-09-30,AZ - Retargeting CTV,1667.0,3333.0,7.59
mcp-Google_Drive-read_file_content-1790081135253.txt,Watts Bar Lake Jellystone Park,Watts Bar Lake Jellystone Park,,impression,2026-08-03,2026-09-30,AZ - Behavioral Video,20000.0,40000.0,7.86
mcp-Google_Drive-read_file_content-1790081135253.txt,Watts Bar Lake Jellystone Park,Watts Bar Lake Jellystone Park,,impression,2026-08-03,2026-09-30,AZ - Products Targeting Video,10000.0,20000.0,7.86
mcp-Google_Drive-read_file_content-1790081135253.txt,Watts Bar Lake Jellystone Park,Watts Bar Lake Jellystone Park,,impression,2026-08-03,2026-09-30,AZ - Retargeting Video,3333.0,6667.0,7.86
mcp-Google_Drive-read_file_content-1790081135253.txt,Valor Roofing #54129,Valor Roofing #54129,54129,impression,2026-07-01,2026-09-30,MC - Category,25000.0,75000.0,3.5
mcp-Google_Drive-read_file_content-1790081135253.txt,Valor Roofing #54129,Valor Roofing #54129,54129,impression,2026-07-01,2026-09-30,MC - Geo-Fencing,25000.0,75000.0,3.5
mcp-Google_Drive-read_file_content-1790081135253.txt,Valor Roofing #54129,Valor Roofing #54129,54129,impression,2026-07-01,2026-09-30,MC - Geo-Retargeting,25000.0,75000.0,3.5
mcp-Google_Drive-read_file_content-1790081135253.txt,Valor Roofing #54129,Valor Roofing #54129,54129,impression,2026-07-01,2026-09-30,MC - Retargeting,25000.0,75000.0,3.5
mcp-Google_Drive-read_file_content-1790081135253.txt,Valor Roofing #54129,Valor Roofing #54129,54129,click,2026-09-01,2026-09-30,Keyword,5602.0,5602.0,0.46
mcp-Google_Drive-read_file_content-1790081135253.txt,Valor Roofing #54129,Valor Roofing #54129,54129,event,2026-08-01,2026-11-30,Performance Max,2500.0,10000.0,2500.0
mcp-Google_Drive-read_file_content-1790081135253.txt,American Theater (The) #50679,American Theater (The) #50679,50679,impression,2026-03-11,2026-12-31,CTV - Retargeting,10417.0,52083.0,12.0
mcp-Google_Drive-read_file_content-1790081135253.txt,American Theater (The) #50679,American Theater (The) #50679,50679,impression,2026-03-11,2026-12-31,CTV - Behavioral,10417.0,52083.0,12.0
mcp-Google_Drive-read_file_content-1790081135253.txt,American Theater (The) #50679,American Theater (The) #50679,50679,impression,2026-03-11,2026-12-31,CTV - AI,10417.0,52083.0,12.0
mcp-Google_Drive-read_file_content-1790081135253.txt,American Theater (The) #50679,American Theater (The) #50679,50679,impression,2026-03-11,2026-12-31,reach,,,
mcp-Google_Drive-read_file_content-1790081135253.txt,"Atlantic Plumbing, Heating & Air Conditioning, Inc. #55244","Atlantic Plumbing, Heating & Air Conditioning, Inc. #55244",55244,impression,2026-09-01,2027-08-31,SM - Retargeting,22727.0,272726.0,3.0
mcp-Google_Drive-read_file_content-1790081135253.txt,D'NuVi Wellness & Hydration #55579,D'NuVi Wellness & Hydration #55579,55579,event,2026-10-01,2027-09-30,PMAX - Search/Category/Retargeting,1000.0,12000.0,3000.0
mcp-Google_Drive-read_file_content-1790081135253.txt,Dominion Floor Covering #44781 - 117795,Dominion Floor Covering #44781,44781,impression,2026-01-01,2026-12-31,CTV - AI,8500.0,102000.0,14.0
mcp-Google_Drive-read_file_content-1790081135253.txt,Doumar's Cones & Barbecue,Doumar's Cones & Barbecue,,impression,2026-10-01,2026-12-31,MC - Geo-Fencing,22222.0,66666.0,3.5
mcp-Google_Drive-read_file_content-1790081135253.txt,Doumar's Cones & Barbecue,Doumar's Cones & Barbecue,,impression,2026-10-01,2026-12-31,MC - Geo-Retargeting,22222.0,66666.0,3.5
mcp-Google_Drive-read_file_content-1790081135253.txt,Doumar's Cones & Barbecue,Doumar's Cones & Barbecue,,impression,2026-10-01,2026-12-31,MC - Category,22222.0,66666.0,3.5
mcp-Google_Drive-read_file_content-1790081135253.txt,Drain Dudes #56073,Drain Dudes #56073,56073,click,2026-09-17,2027-08-31,PPC - Keyword,1750.0,21000.0,0.0
mcp-Google_Drive-read_file_content-1790081135253.txt,Dryer Vent Wizard #54397,Dryer Vent Wizard #54397,54397,impression,2026-09-01,2027-08-31,SM - Retargeting,22222.0,266664.0,3.0
mcp-Google_Drive-read_file_content-1790081135253.txt,Dynamo Electric,Dynamo Electric,,event,2026-07-01,2026-12-31,PMAX - Search/Category/Retargeting,1000.0,6000.0,1500.0
mcp-Google_Drive-read_file_content-1790081135253.txt,DTF Virginia #56049,DTF Virginia #56049,56049,event,2026-09-01,2026-09-15,PMAX - Search,1200.0,1200.0,300.0
mcp-Google_Drive-read_file_content-1790081135253.txt,Eastern Floor Covering,Eastern Floor Covering,,impression,2026-01-13,2026-12-31,CTV - AI,10000.0,120000.0,14.0
mcp-Google_Drive-read_file_content-1790081135253.txt,LOCK  NOR - FitPhil Zone #54846,LOCK  NOR,54846,event,2026-07-01,2026-09-30,PMAX - Search/Category,1700.0,5100.0,1275.0
mcp-Google_Drive-read_file_content-1790081135253.txt,Ram Jack of Eastern VA PPC,Ram Jack of Eastern VA PPC,,click,2026-07-07,2026-12-31,PPC - Keyword,2828.0,16968.0,1.18
mcp-Google_Drive-read_file_content-1790081135253.txt,Getem Services #54322,Getem Services #54322,54322,impression,2026-08-12,2026-12-31,SM - Behavioral,40000.0,200000.0,3.0
mcp-Google_Drive-read_file_content-1790081135253.txt,Getem Services #54322,Getem Services #54322,54322,impression,2026-08-12,2026-12-31,SM - Retargeting,40000.0,200000.0,3.0
mcp-Google_Drive-read_file_content-1790081135253.txt,Getem Services #54322,Getem Services #54322,54322,impression,2026-08-12,2026-12-31,SM - Keyword,40000.0,200000.0,3.0
mcp-Google_Drive-read_file_content-1790081135253.txt,Getem Services #54322,Getem Services #54322,54322,impression,2026-08-12,2026-12-31,SM - AI,40000.0,200000.0,3.0
mcp-Google_Drive-read_file_content-1790081135253.txt,GYMGUYZ,GYMGUYZ,,impression,2026-04-02,2026-09-30,SM - B2B Behavioral,17647.0,105882.0,3.5
mcp-Google_Drive-read_file_content-1790081135253.txt,GYMGUYZ,GYMGUYZ,,impression,2026-04-02,2026-09-30,SM - Retargeting,17647.0,105882.0,3.0
mcp-Google_Drive-read_file_content-1790081135253.txt,GYMGUYZ,GYMGUYZ,,impression,2026-04-02,2026-09-30,SM - Keyword,17647.0,105882.0,3.0
mcp-Google_Drive-read_file_content-1790081135253.txt,GYMGUYZ,GYMGUYZ,,impression,2026-04-02,2026-09-30,SM - AI,17647.0,105882.0,3.0
mcp-Google_Drive-read_file_content-1790081135253.txt,GYMGUYZ #51987,GYMGUYZ #51987,51987,event,2026-09-21,2026-12-15,PMAX - Search/Category/Retarg,1200.0,3600.0,900.0
mcp-Google_Drive-read_file_content-1790081135253.txt,Hampton University Proton Cancer Institute #55836,Hampton University Proton Cancer Institute #55836,55836,impression,2026-09-01,2026-10-31,CTV - AI,6250.0,12500.0,12.0
mcp-Google_Drive-read_file_content-1790081135253.txt,Hampton University Proton Cancer Institute #55836,Hampton University Proton Cancer Institute #55836,55836,impression,2026-09-01,2026-10-31,CTV - Retargeting,6250.0,12500.0,12.0
mcp-Google_Drive-read_file_content-1790081135253.txt,Hampton University Proton Cancer Institute #55836,Hampton University Proton Cancer Institute #55836,55836,impression,2026-09-01,2026-10-31,CTV - Behavioral,6250.0,12500.0,12.0
mcp-Google_Drive-read_file_content-1790081135253.txt,Hampton University Proton Cancer Institute #55836,Hampton University Proton Cancer Institute #55836,55836,impression,2026-09-01,2026-10-31,CTV - Content,6250.0,12500.0,12.0
mcp-Google_Drive-read_file_content-1790081135253.txt,HUFFMAN & HUFFMAN #48376,HUFFMAN & HUFFMAN #48376,48376,impression,2026-09-03,2027-01-31,Target 1,,,
mcp-Google_Drive-read_file_content-1790081135253.txt,HUFFMAN & HUFFMAN #48376,HUFFMAN & HUFFMAN #48376,48376,impression,2026-09-03,2027-01-31,SM - Behavioral,16667.0,83333.0,3.0
mcp-Google_Drive-read_file_content-1790081135253.txt,HUFFMAN & HUFFMAN #48376,HUFFMAN & HUFFMAN #48376,48376,impression,2026-09-03,2027-01-31,SM - Keyword,16667.0,83333.0,3.0
mcp-Google_Drive-read_file_content-1790081135253.txt,HUFFMAN & HUFFMAN #48376,HUFFMAN & HUFFMAN #48376,48376,impression,2026-09-03,2027-01-31,SM - Retargeting,16667.0,83333.0,3.0
mcp-Google_Drive-read_file_content-1790081135253.txt,LABS TO GO #53277,LABS TO GO #53277,53277,impression,2026-04-13,2026-06-30,SM - Retargeting,1000.0,3000.0,3.0
mcp-Google_Drive-read_file_content-1790081135253.txt,LABS TO GO #53277,LABS TO GO #53277,53277,impression,2026-04-13,2026-06-30,SM - Behavioral,39500.0,118500.0,3.0
mcp-Google_Drive-read_file_content-1790081135253.txt,LABS TO GO #53277,LABS TO GO #53277,53277,impression,2026-04-13,2026-06-30,SM  - Keyword,39500.0,118500.0,3.0
mcp-Google_Drive-read_file_content-1790081135253.txt,Lemmata Chiropractic,Lemmata Chiropractic,,impression,2026-01-09,2027-01-08,SM - Chiropractic - Behavioral,40000.0,480000.0,3.0
mcp-Google_Drive-read_file_content-1790081135253.txt,Long Jewelers - VB Blvd,Long Jewelers,,impression,2026-03-25,2026-03-31,SM - B,38000.0,38000.0,3.0
mcp-Google_Drive-read_file_content-1790081135253.txt,Long Jewelers - VB Blvd,Long Jewelers,,impression,2026-03-25,2026-03-31,SM - AI,60000.0,60000.0,3.0
mcp-Google_Drive-read_file_content-1790081135253.txt,Long Jewelers - VB Blvd,Long Jewelers,,impression,2026-03-25,2026-03-31,SM - R,2000.0,2000.0,3.0
mcp-Google_Drive-read_file_content-1790081135253.txt,Norfolk State University #55395,Norfolk State University #55395,55395,impression,2026-09-19,2026-10-10,SM - Retargeting,44444.0,44444.0,3.0
mcp-Google_Drive-read_file_content-1790081135253.txt,Norfolk State University #55395,Norfolk State University #55395,55395,impression,2026-09-19,2026-10-10,SM - Behavioral,44444.0,44444.0,3.0
mcp-Google_Drive-read_file_content-1790081135253.txt,Norfolk State University #55395,Norfolk State University #55395,55395,impression,2026-09-19,2026-10-10,SM - Keyword,44444.0,44444.0,3.0
mcp-Google_Drive-read_file_content-1790081135253.txt,Quality HVAC & Electrical #54251,Quality HVAC & Electrical #54251,54251,impression,2026-08-08,2027-06-30,Video - Retargeting,11111.0,,8.0
mcp-Google_Drive-read_file_content-1790081135253.txt,Quality HVAC & Electrical #54251,Quality HVAC & Electrical #54251,54251,impression,2026-08-08,2027-06-30,Video - Behavioral,11111.0,,8.0
mcp-Google_Drive-read_file_content-1790081135253.txt,Ram Jack of Eastern Virginia,Ram Jack of Eastern Virginia,,event,2025-01-01,2026-07-31,Permormance Max - Foundation Repair/Crawl Space,1750.0,12250.0,3062.5
mcp-Google_Drive-read_file_content-1790081135253.txt,Solo,Solo,,impression,2026-06-10,2026-10-06,SM - Retargeting,71111.0,213333.0,3.0
mcp-Google_Drive-read_file_content-1790081135253.txt,Solo,Solo,,impression,2026-06-10,2026-10-06,SM - Keyword,71111.0,213333.0,3.0
mcp-Google_Drive-read_file_content-1790081135253.txt,Solo,Solo,,impression,2026-06-10,2026-10-06,SM - Behavioral,71111.0,213333.0,3.0
mcp-Google_Drive-read_file_content-1790081135253.txt,Solo,Solo,,impression,2026-06-10,2026-10-06,Monthly impr. hidden here,,,
mcp-Google_Drive-read_file_content-1790081135253.txt,Solo,Solo,,impression,2026-06-10,2026-10-06,^^^^^,,,
mcp-Google_Drive-read_file_content-1790081135253.txt,The Roofing Company,The Roofing Company,,impression,2026-07-01,2026-07-31,SM - Retargeting,21667.0,21667.0,3.0
mcp-Google_Drive-read_file_content-1790081135253.txt,The Roofing Company,The Roofing Company,,impression,2026-07-01,2026-07-31,SM - Behavioral,16667.0,16667.0,3.0
mcp-Google_Drive-read_file_content-1790081135253.txt,The Voice Aaron Phillips,The Voice Aaron Phillips,,impression,2025-12-19,2026-05-31,SM - B2B Retargeting,956.0,5736.0,3.0
mcp-Google_Drive-read_file_content-1790081135253.txt,The Voice Aaron Phillips,The Voice Aaron Phillips,,impression,2025-12-19,2026-05-31,SM - B2B Behavioral,74159.0,444954.0,4.5
mcp-Google_Drive-read_file_content-1790081135253.txt,The Voice Aaron Phillips,The Voice Aaron Phillips,,impression,2025-12-19,2026-05-31,SM - B2B Keyword,13120.0,78720.0,3.0
mcp-Google_Drive-read_file_content-1790081135253.txt,The Voice Aaron Phillips,The Voice Aaron Phillips,,impression,2025-12-19,2026-05-31,492.35,88235.0,529410.0,3.5
mcp-Google_Drive-read_file_content-1790081135253.txt,The Voice Aaron Phillips,The Voice Aaron Phillips,,impression,2025-12-19,2026-05-31,Monthly impr. hidden here,,,
mcp-Google_Drive-read_file_content-1790081135253.txt,Virginia Line-X Truck accessories and Undercoating,Virginia Line-X Truck accessories and Undercoating,,impression,2026-01-01,2026-12-31,CTV - AI,8000.0,96000.0,14.0
mcp-Google_Drive-read_file_content-1790081135253.txt,VersAbility BRAND #54297,VersAbility BRAND #54297,54297,impression,2026-10-01,2027-06-30,CTV - B2B Behavioral,14219.0,127968.0,12.5
mcp-Google_Drive-read_file_content-1790081135253.txt,VersAbility BRAND #54297,VersAbility BRAND #54297,54297,impression,2026-10-01,2027-06-30,CTV - Retargeting,14219.0,127968.0,12.0
mcp-Google_Drive-read_file_content-1790081135253.txt,VersAbility BRAND #54297,VersAbility BRAND #54297,54297,impression,2026-10-01,2027-06-30,Video - B2B Behavioral,28437.0,255937.0,6.5
mcp-Google_Drive-read_file_content-1790081135253.txt,VersAbility DONATE #54298,VersAbility DONATE #54298,54298,impression,2026-10-01,2027-06-30,CTV - B2B Behavioral,8333.0,75000.0,12.5
mcp-Google_Drive-read_file_content-1790081135253.txt,VersAbility DONATE #54298,VersAbility DONATE #54298,54298,impression,2026-10-01,2027-06-30,CTV - Retargeting,8333.0,75000.0,12.0
mcp-Google_Drive-read_file_content-1790081135253.txt,VersAbility DONATE #54298,VersAbility DONATE #54298,54298,impression,2026-10-01,2027-06-30,Video - B2B Behavioral,16667.0,150000.0,6.5
mcp-Google_Drive-read_file_content-1790081135253.txt,VersAbility TECH #54294,VersAbility TECH #54294,54294,impression,2026-10-01,2027-06-30,SM - B2B Behavioral,13889.0,124998.0,3.5
mcp-Google_Drive-read_file_content-1790081135253.txt,VersAbility TECH #54294,VersAbility TECH #54294,54294,impression,2026-10-01,2027-06-30,SM - Retargeting,13889.0,124998.0,3.0
mcp-Google_Drive-read_file_content-1790081135253.txt,VersAbility TECH #54294,VersAbility TECH #54294,54294,impression,2026-10-01,2027-06-30,SM - Keyword,13889.0,124998.0,3.0
mcp-Google_Drive-read_file_content-1790081135253.txt,Ram Jack of Eastern Virginia,Ram Jack of Eastern Virginia,,event,2025-01-01,2026-07-31,Permormance Max - Foundation Repair/Crawl Space,1750.0,12250.0,3062.5
mcp-Google_Drive-read_file_content-1790081135253.txt,Wine and Design Newport News #56075,Wine and Design Newport News #56075,56075,impression,2026-09-07,2026-11-30,CTV - Behav,12500.0,37500.0,12.0
mcp-Google_Drive-read_file_content-1790081135253.txt,Wine and Design Newport News #56075,Wine and Design Newport News #56075,56075,impression,2026-09-07,2026-11-30,CTV - Retarg,12500.0,37500.0,12.0
mcp-Google_Drive-read_file_content-1790081135253.txt,Wine and Design Newport News #56075,Wine and Design Newport News #56075,56075,impression,2026-09-07,2026-11-30,SM - Behav,100000.0,300000.0,3.0
mcp-Google_Drive-read_file_content-1790081135253.txt,Daiso - Multi Markets,Daiso,,impression,2026-08-04,2026-11-03,"Waco, TX_English EXTENSION",,,
mcp-Google_Drive-read_file_content-1790081135253.txt,Daiso - Multi Markets,Daiso,,impression,2026-08-04,2026-11-03,FBIG Premium,40000.0,120000.0,3.5
mcp-Google_Drive-read_file_content-1790081135253.txt,Daiso - Multi Markets,Daiso,,impression,2026-08-04,2026-11-03,FBIG Premium Retargeting,8166.0,24498.0,3.5
mcp-Google_Drive-read_file_content-1790081135253.txt,KWKW,KWKW,,impression,2026-09-15,2026-10-14,SM - Behavioral,50000.0,50000.0,3.0
mcp-Google_Drive-read_file_content-1790081135253.txt,KWKW,KWKW,,impression,2026-09-15,2026-10-14,SM - Keyword,50000.0,50000.0,3.0
mcp-Google_Drive-read_file_content-1790081135253.txt,KWKW,KWKW,,impression,2026-09-15,2026-10-14,SM - Retargeting,7142.0,7142.0,3.0
mcp-Google_Drive-read_file_content-1790081135469.txt,"International Brotherhood of Electrical Workers, Local Union 611","International Brotherhood of Electrical Workers, Local Union 611",,impression,2026-04-17,2026-12-31,CTV - Retargeting,46292.0,416625.0,12.0
mcp-Google_Drive-read_file_content-1790081135469.txt,"International Brotherhood of Electrical Workers, Local Union 611","International Brotherhood of Electrical Workers, Local Union 611",,impression,2026-04-17,2026-12-31,CTV - Behavioral,46292.0,416625.0,12.0
mcp-Google_Drive-read_file_content-1790081135469.txt,"International Brotherhood of Electrical Workers, Local Union 611","International Brotherhood of Electrical Workers, Local Union 611",,impression,2026-04-17,2026-12-31,CTV - AI,46292.0,416625.0,12.0
mcp-Google_Drive-read_file_content-1790081135469.txt,Bloomsburg Foundation - Advanced Student Housing #55726,Bloomsburg Foundation,55726,impression,2026-08-18,2026-09-30,Cats MC,25000.0,50000.0,3.5
mcp-Google_Drive-read_file_content-1790081135469.txt,Bloomsburg Foundation - Advanced Student Housing #55726,Bloomsburg Foundation,55726,impression,2026-08-18,2026-09-30,Geo-Fencing MC,25000.0,50000.0,3.5
mcp-Google_Drive-read_file_content-1790081135469.txt,Bloomsburg Foundation - Advanced Student Housing #55726,Bloomsburg Foundation,55726,impression,2026-08-18,2026-09-30,Geo-Retargeting MC,25000.0,50000.0,3.5
mcp-Google_Drive-read_file_content-1790081135469.txt,Bloomsburg Foundation - Advanced Student Housing #55726,Bloomsburg Foundation,55726,impression,2026-08-18,2026-09-30,Site Retargeting MC,25000.0,50000.0,3.5
mcp-Google_Drive-read_file_content-1790081135469.txt,CH Waltz #54199,CH Waltz #54199,54199,impression,2026-05-09,2026-09-30,Cats MC,25000.0,125000.0,4.0
mcp-Google_Drive-read_file_content-1790081135469.txt,CH Waltz #54199,CH Waltz #54199,54199,impression,2026-05-09,2026-09-30,Geo-Fencing MC,25000.0,125000.0,4.0
mcp-Google_Drive-read_file_content-1790081135469.txt,CH Waltz #54199,CH Waltz #54199,54199,impression,2026-05-09,2026-09-30,Geo-Retargeting MC,25000.0,125000.0,4.0
mcp-Google_Drive-read_file_content-1790081135469.txt,CH Waltz #54199,CH Waltz #54199,54199,impression,2026-05-09,2026-09-30,Site Retargeting MC,25000.0,125000.0,4.0
mcp-Google_Drive-read_file_content-1790081135469.txt,7MOU PA - Clearfield County Career and Technology Center #53194,7MOU PA,53194,impression,2026-09-01,2026-11-30,AI SM CTV,10000.0,30000.0,14.0
mcp-Google_Drive-read_file_content-1790081135469.txt,7MOU PA - Clearfield County Career and Technology Center #53194,7MOU PA,53194,impression,2026-09-01,2026-11-30,Behavioral SM CTV,10000.0,30000.0,14.0
mcp-Google_Drive-read_file_content-1790081135469.txt,7MOU PA - Clearfield County Career and Technology Center #53194,7MOU PA,53194,impression,2026-09-01,2026-11-30,Retargeting SM CTV,5000.0,15000.0,14.0
mcp-Google_Drive-read_file_content-1790081135469.txt,Clearwater Pools and Spas #54938,Clearwater Pools and Spas #54938,54938,impression,2026-08-05,2026-10-31,AI SM,20000.0,60000.0,3.0
mcp-Google_Drive-read_file_content-1790081135469.txt,Clearwater Pools and Spas #54938,Clearwater Pools and Spas #54938,54938,impression,2026-08-05,2026-10-31,Geo-Fencing SM,20000.0,60000.0,3.0
mcp-Google_Drive-read_file_content-1790081135469.txt,Clearwater Pools and Spas #54938,Clearwater Pools and Spas #54938,54938,impression,2026-08-05,2026-10-31,Geo-Retargeting SM,20000.0,60000.0,3.0
mcp-Google_Drive-read_file_content-1790081135469.txt,Clearwater Pools and Spas #54938,Clearwater Pools and Spas #54938,54938,impression,2026-08-05,2026-10-31,Behavioral SM,20000.0,60000.0,3.0
mcp-Google_Drive-read_file_content-1790081135469.txt,Clearwater Pools and Spas #54938,Clearwater Pools and Spas #54938,54938,impression,2026-08-05,2026-10-31,Retargeting SM,20000.0,60000.0,3.0
mcp-Google_Drive-read_file_content-1790081135469.txt,Lebanon Family Health Services #54105,Lebanon Family Health Services #54105,54105,impression,2026-05-05,2026-10-31,Cats TikTok,96800.0,580800.0,5.49
mcp-Google_Drive-read_file_content-1790081135469.txt,River Valley Builders #52182,River Valley Builders #52182,52182,event,2026-02-01,2026-07-31,PMax,2000.0,12000.0,3000.0
mcp-Google_Drive-read_file_content-1790081135469.txt,W&L Mazda #54871,W&L Mazda #54871,54871,impression,2026-07-15,2026-12-31,AI Audio,10000.0,60000.0,13.0
mcp-Google_Drive-read_file_content-1790081135469.txt,W&L Mazda #54871,W&L Mazda #54871,54871,impression,2026-07-15,2026-12-31,Behavioral Audio,10000.0,60000.0,13.0
mcp-Google_Drive-read_file_content-1790081135469.txt,W&L Mazda #54871,W&L Mazda #54871,54871,impression,2026-07-15,2026-12-31,Retargeting Audio,10000.0,60000.0,13.0
mcp-Google_Drive-read_file_content-1790081135469.txt,W&L Nissan #54873,W&L Nissan #54873,54873,impression,2026-07-15,2026-12-31,AI Audio,10000.0,60000.0,13.0
mcp-Google_Drive-read_file_content-1790081135469.txt,W&L Nissan #54873,W&L Nissan #54873,54873,impression,2026-07-15,2026-12-31,Behavioral Audio,10000.0,60000.0,13.0
mcp-Google_Drive-read_file_content-1790081135469.txt,W&L Nissan #54873,W&L Nissan #54873,54873,impression,2026-07-15,2026-12-31,Retargeting Audio,10000.0,60000.0,13.0
mcp-Google_Drive-read_file_content-1790081135469.txt,Bloom Heating,Bloom Heating,,event,2026-09-07,2026-12-31,Performance Max - Search Terms/Retargeting,2500.0,10000.0,2500.0
mcp-Google_Drive-read_file_content-1790081135469.txt,BTE,BTE,,impression,2026-08-14,2026-09-18,SM - R,3333.0,3333.0,3.0
mcp-Google_Drive-read_file_content-1790081135469.txt,BTE,BTE,,impression,2026-08-14,2026-09-18,SM - B,50000.0,50000.0,3.0
mcp-Google_Drive-read_file_content-1790081135469.txt,Brookside Homes Grange & Bloomsburg Fair,Brookside Homes Grange & Bloomsburg Fair,,impression,2026-08-21,2026-10-31,MC Event - 8/21-8/29 Geo-Fencing,20000.0,20000.0,5.0
mcp-Google_Drive-read_file_content-1790081135469.txt,Brookside Homes Grange & Bloomsburg Fair,Brookside Homes Grange & Bloomsburg Fair,,impression,2026-08-21,2026-10-31,MC Event - 9/25-10/3 Geo-Fencing,20000.0,20000.0,5.0
mcp-Google_Drive-read_file_content-1790081135469.txt,Brookside Homes Grange & Bloomsburg Fair,Brookside Homes Grange & Bloomsburg Fair,,impression,2026-08-21,2026-10-31,MC Event - Geo-Retargeting Grange,20000.0,20000.0,3.5
mcp-Google_Drive-read_file_content-1790081135469.txt,Brookside Homes Grange & Bloomsburg Fair,Brookside Homes Grange & Bloomsburg Fair,,impression,2026-08-21,2026-10-31,MC Event - Geo-Retargeting Bloomsburg,20000.0,20000.0,3.5
mcp-Google_Drive-read_file_content-1790081135469.txt,Budget Blinds Selinsgrove,Budget Blinds Selinsgrove,,impression,2026-07-13,2025-12-31,SM - R,5000.0,30000.0,3.0
mcp-Google_Drive-read_file_content-1790081135469.txt,Budget Blinds Selinsgrove,Budget Blinds Selinsgrove,,impression,2026-07-13,2025-12-31,SM - K,15000.0,90000.0,3.0
mcp-Google_Drive-read_file_content-1790081135469.txt,Budget Blinds Selinsgrove,Budget Blinds Selinsgrove,,impression,2026-07-13,2025-12-31,SM - B,40000.0,240000.0,3.0
mcp-Google_Drive-read_file_content-1790081135469.txt,Budget Blinds Selinsgrove,Budget Blinds Selinsgrove,,impression,2026-07-13,2025-12-31,SM - AI,40000.0,240000.0,3.0
mcp-Google_Drive-read_file_content-1790081135469.txt,CENTURY 21 1st Choice Realty,CENTURY 21 1st Choice Realty,,impression,2026-07-01,2026-12-31,SM - B,4000.0,24000.0,3.0
mcp-Google_Drive-read_file_content-1790081135469.txt,CENTURY 21 1st Choice Realty,CENTURY 21 1st Choice Realty,,impression,2026-07-01,2026-12-31,SM - K,36000.0,216000.0,3.0
mcp-Google_Drive-read_file_content-1790081135469.txt,CENTURY 21 1st Choice Realty,CENTURY 21 1st Choice Realty,,impression,2026-07-01,2026-12-31,SM - AI,60000.0,360000.0,3.0
mcp-Google_Drive-read_file_content-1790081135469.txt,CH Waltz Outdoor & RV Grange Fair,CH Waltz Outdoor & RV Grange Fair,,impression,2026-08-21,2026-09-30,MC Event - Geo-Fencing,25000.0,25000.0,5.0
mcp-Google_Drive-read_file_content-1790081135469.txt,CH Waltz Outdoor & RV Grange Fair,CH Waltz Outdoor & RV Grange Fair,,impression,2026-08-21,2026-09-30,MC Event - Geo-Retargeting,35000.0,35000.0,3.5
mcp-Google_Drive-read_file_content-1790081135469.txt,Columbia-Montour Visitors Bureau,Columbia-Montour Visitors Bureau,,impression,2026-09-08,2026-10-05,D - R,20000.0,20000.0,2.5
mcp-Google_Drive-read_file_content-1790081135469.txt,Columbia-Montour Visitors Bureau,Columbia-Montour Visitors Bureau,,impression,2026-09-08,2026-10-05,D - K,180000.0,180000.0,2.5
mcp-Google_Drive-read_file_content-1790081135469.txt,Columbia-Montour Visitors Bureau,Columbia-Montour Visitors Bureau,,impression,2026-09-08,2026-10-05,D - B,100000.0,100000.0,2.5
mcp-Google_Drive-read_file_content-1790081135469.txt,Comfort Specialist,Comfort Specialist,,impression,2026-07-15,2026-07-31,CTV - R,1250.0,1250.0,12.0
mcp-Google_Drive-read_file_content-1790081135469.txt,Comfort Specialist,Comfort Specialist,,impression,2026-07-15,2026-07-31,CTV - B,30000.0,30000.0,12.0
mcp-Google_Drive-read_file_content-1790081135469.txt,dollar tree distribution Berwick,dollar tree distribution Berwick,,impression,2026-09-16,2026-02-28,MC - Geo-Retargeting,33333.0,200000.0,3.5
mcp-Google_Drive-read_file_content-1790081135469.txt,dollar tree distribution Berwick,dollar tree distribution Berwick,,impression,2026-09-16,2026-02-28,MC - Geo-Fencing,33333.0,200000.0,3.5
mcp-Google_Drive-read_file_content-1790081135469.txt,dollar tree distribution Berwick,dollar tree distribution Berwick,,impression,2026-09-16,2026-02-28,MC - Category,33333.0,200000.0,3.5
mcp-Google_Drive-read_file_content-1790081135469.txt,dollar tree distribution Berwick,dollar tree distribution Berwick,,impression,2026-09-16,2026-02-28,MC - Site Retargeting,33333.0,200000.0,3.5
mcp-Google_Drive-read_file_content-1790081135469.txt,Engles Greenhouse,Engles Greenhouse,,event,2026-04-03,2026-09-24,Performance Max - Search Terms,1500.0,7500.0,1875.0
mcp-Google_Drive-read_file_content-1790081135469.txt,Fisher's Epoxy,Fisher's Epoxy,,event,2026-03-27,2026-09-30,Performance Max - Search Terms,1500.0,9000.0,2250.0
mcp-Google_Drive-read_file_content-1790081135469.txt,Gratz Fair,Gratz Fair,,impression,2026-08-17,2026-09-18,SM - B,50000.0,50000.0,3.0
mcp-Google_Drive-read_file_content-1790081135469.txt,Gratz Fair,Gratz Fair,,impression,2026-08-17,2026-09-18,SM - AI,50000.0,50000.0,3.0
mcp-Google_Drive-read_file_content-1790081135469.txt,Integrity Patio Accents,Integrity Patio Accents,,event,2026-01-05,2026-09-30,Performance Max - Search Terms,1500.0,13500.0,3375.0
mcp-Google_Drive-read_file_content-1790081135469.txt,Iron and Ivy at The Rusty Rail,Iron and Ivy at The Rusty Rail,,impression,2026-08-20,2027-01-31,SM - R,5000.0,30000.0,3.0
mcp-Google_Drive-read_file_content-1790081135469.txt,Iron and Ivy at The Rusty Rail,Iron and Ivy at The Rusty Rail,,impression,2026-08-20,2027-01-31,SM - K,35000.0,210000.0,3.0
mcp-Google_Drive-read_file_content-1790081135469.txt,Iron and Ivy at The Rusty Rail,Iron and Ivy at The Rusty Rail,,impression,2026-08-20,2027-01-31,SM - B,60000.0,360000.0,3.0
mcp-Google_Drive-read_file_content-1790081135469.txt,JAGHousing,JAGHousing,,impression,2026-08-18,2026-11-15,SM - R,5000.0,15000.0,3.0
mcp-Google_Drive-read_file_content-1790081135469.txt,JAGHousing,JAGHousing,,impression,2026-08-18,2026-11-15,SM - B,75000.0,225000.0,3.0
mcp-Google_Drive-read_file_content-1790081135469.txt,JAGHousing,JAGHousing,,impression,2026-08-18,2026-11-15,SM - GF,10000.0,30000.0,3.0
mcp-Google_Drive-read_file_content-1790081135469.txt,JAGHousing,JAGHousing,,impression,2026-08-18,2026-11-15,SM - GR,10000.0,30000.0,3.0
mcp-Google_Drive-read_file_content-1790081135469.txt,JAGHousing,JAGHousing,,impression,2026-08-18,2026-11-15,MC - Geo-Retargeting,30000.0,90000.0,3.5
mcp-Google_Drive-read_file_content-1790081135469.txt,JAGHousing,JAGHousing,,impression,2026-08-18,2026-11-15,MC - Geo-Fencing,30000.0,90000.0,3.5
mcp-Google_Drive-read_file_content-1790081135469.txt,JAGHousing,JAGHousing,,impression,2026-08-18,2026-11-15,MC - Category,30000.0,90000.0,3.5
mcp-Google_Drive-read_file_content-1790081135469.txt,JAGHousing,JAGHousing,,impression,2026-08-18,2026-11-15,MC - Site Retargeting,10000.0,30000.0,3.5
mcp-Google_Drive-read_file_content-1790081135469.txt,JBM Tent Rentals,JBM Tent Rentals,,event,2026-06-11,2026-09-30,Performance Max - Search Terms,1500.0,6000.0,1500.0
mcp-Google_Drive-read_file_content-1790081135469.txt,JBM Tent Rentals,JBM Tent Rentals,,impression,2026-04-13,2026-09-30,D - R,10000.0,60000.0,2.5
mcp-Google_Drive-read_file_content-1790081135469.txt,JBM Tent Rentals,JBM Tent Rentals,,impression,2026-04-13,2026-09-30,D - B,70000.0,420000.0,2.5
mcp-Google_Drive-read_file_content-1790081135469.txt,JBM Tent Rentals,JBM Tent Rentals,,impression,2026-04-13,2026-09-30,D - K,70000.0,420000.0,2.5
mcp-Google_Drive-read_file_content-1790081135469.txt,KVS Computers,KVS Computers,,impression,2026-09-01,2026-02-28,SM - B,44235.0,265410.0,3.0
mcp-Google_Drive-read_file_content-1790081135469.txt,KVS Computers,KVS Computers,,impression,2026-09-01,2026-02-28,SM - AI,44000.0,264000.0,3.0
mcp-Google_Drive-read_file_content-1790081135469.txt,KVS Computers,KVS Computers,,event,2026-09-01,2026-02-28,Performance Max - Search Terms,2500.0,15000.0,3750.0
mcp-Google_Drive-read_file_content-1790081135469.txt,Lewisburg Liquidators,Lewisburg Liquidators,,impression,2026-06-02,2026-08-31,MC - Geo-Retargeting,30000.0,90000.0,3.5
mcp-Google_Drive-read_file_content-1790081135469.txt,Lewisburg Liquidators,Lewisburg Liquidators,,impression,2026-06-02,2026-08-31,MC - Geo-Fencing,30000.0,90000.0,3.5
mcp-Google_Drive-read_file_content-1790081135469.txt,Lewisburg Liquidators,Lewisburg Liquidators,,impression,2026-06-02,2026-08-31,MC - Category,30000.0,90000.0,3.5
mcp-Google_Drive-read_file_content-1790081135469.txt,Lewisburg Liquidators,Lewisburg Liquidators,,impression,2026-06-02,2026-08-31,MC - Retargeting,10000.0,30000.0,3.5
mcp-Google_Drive-read_file_content-1790081135469.txt,Little Mexico Campground,Little Mexico Campground,,event,2026-06-18,2026-09-30,Performance Max - Search Terms,2000.0,8000.0,2000.0
mcp-Google_Drive-read_file_content-1790081135469.txt,Meck-Tech Inc,Meck-Tech Inc,,event,2026-06-23,2026-12-31,Performance Max - Search Terms,1500.0,9000.0,2250.0
mcp-Google_Drive-read_file_content-1790081135469.txt,Orontes Yogurt,Orontes Yogurt,,impression,2026-09-03,2026-11-30,MC - Geo-Retargeting,30000.0,90000.0,3.5
mcp-Google_Drive-read_file_content-1790081135469.txt,Patton Collision Center PMAX,Patton Collision Center PMAX,,event,2026-08-01,2026-10-31,Performance Max - Search Theme,1500.0,4500.0,1125.0
mcp-Google_Drive-read_file_content-1790081135469.txt,Patton Logistics,Patton Logistics,,event,2026-06-23,2026-07-31,Performance Max - Search Terms,6000.0,6000.0,1500.0
mcp-Google_Drive-read_file_content-1790081135469.txt,River Valley Builders Facebook,River Valley Builders Facebook,,impression,2026-08-01,2026-12-31,FB - R,4000.0,20000.0,3.5
mcp-Google_Drive-read_file_content-1790081135469.txt,Roto Rooter,Roto Rooter,,event,2026-07-31,2026-12-31,Performance Max - Search Terms/Retargeting,2500.0,12500.0,3125.0
mcp-Google_Drive-read_file_content-1790081135469.txt,Roto Rooter Williamsport,Roto Rooter Williamsport,,event,2026-08-12,2026-12-31,Performance Max - Search Terms/Retargeting,2000.0,10000.0,2500.0
mcp-Google_Drive-read_file_content-1790081135469.txt,Secure Fence LLC,Secure Fence LLC,,event,2026-04-01,2026-09-30,Performance Max - Search Terms/Retargeting,1500.0,9000.0,2250.0
mcp-Google_Drive-read_file_content-1790081135469.txt,SRVVB Philly Cycling Classic,SRVVB Philly Cycling Classic,,impression,2026-08-28,2026-09-30,MC Event - Geo-Fencing,25000.0,25000.0,5.0
mcp-Google_Drive-read_file_content-1790081135469.txt,SRVVB Philly Cycling Classic,SRVVB Philly Cycling Classic,,impression,2026-08-28,2026-09-30,MC Event - Geo-Retargeting,35000.0,35000.0,3.5
mcp-Google_Drive-read_file_content-1790081135469.txt,SRVVB LLWS,SRVVB LLWS,,impression,2026-08-14,2026-09-14,MC E - GF,30000.0,30000.0,5.0
mcp-Google_Drive-read_file_content-1790081135469.txt,SRVVB LLWS,SRVVB LLWS,,impression,2026-08-14,2026-09-14,MC E - GR,30000.0,30000.0,3.5
mcp-Google_Drive-read_file_content-1790081135469.txt,The Home Store Facebook,The Home Store Facebook,,impression,2026-08-01,2026-12-31,FB - R,4000.0,20000.0,3.5
mcp-Google_Drive-read_file_content-1790081135469.txt,United Plate Glass,United Plate Glass,,impression,2026-09-11,2026-11-30,YT TV - R,2000.0,6000.0,3.5
mcp-Google_Drive-read_file_content-1790081135469.txt,United Plate Glass,United Plate Glass,,impression,2026-09-11,2026-11-30,YT TV - C,23000.0,69000.0,3.5
mcp-Google_Drive-read_file_content-1790081135469.txt,Weis Center,Weis Center,,impression,2026-09-01,2026-02-28,SM - B,30000.0,180000.0,3.0
mcp-Google_Drive-read_file_content-1790081135469.txt,Weis Center,Weis Center,,impression,2026-09-01,2026-02-28,SM - K,40000.0,240000.0,3.0
mcp-Google_Drive-read_file_content-1790081135469.txt,Weis Center,Weis Center,,impression,2026-09-01,2026-02-28,SM - AI,30000.0,180000.0,3.0
mcp-Google_Drive-read_file_content-1790081135469.txt,Bellefonte Historical Railroad Society,Bellefonte Historical Railroad Society,,impression,2026-09-14,2026-10-12,SM - GR,10000.0,10000.0,3.0
mcp-Google_Drive-read_file_content-1790081135469.txt,Bellefonte Historical Railroad Society,Bellefonte Historical Railroad Society,,impression,2026-09-14,2026-10-12,SM - GF,10000.0,10000.0,3.0
mcp-Google_Drive-read_file_content-1790081135469.txt,Big Valley Cabinets,Big Valley Cabinets,,impression,2026-08-17,2026-11-14,D - R,5000.0,15000.0,2.5
mcp-Google_Drive-read_file_content-1790081135469.txt,Big Valley Cabinets,Big Valley Cabinets,,impression,2026-08-17,2026-11-14,D - B,100000.0,300000.0,2.5
mcp-Google_Drive-read_file_content-1790081135469.txt,Big Valley Cabinets,Big Valley Cabinets,,impression,2026-08-17,2026-11-14,D - Content,75000.0,225000.0,2.5
mcp-Google_Drive-read_file_content-1790081135469.txt,Big Valley Cabinets,Big Valley Cabinets,,impression,2026-08-17,2026-11-14,D - GR,,,2.5
mcp-Google_Drive-read_file_content-1790081135469.txt,Big Valley Cabinets,Big Valley Cabinets,,impression,2026-08-17,2026-11-14,D - GF,,,2.5
mcp-Google_Drive-read_file_content-1790081135469.txt,Fullington Auto Bus Co.,Fullington Auto Bus Co.,,impression,2026-08-18,2026-11-16,SM - R,5000.0,15000.0,3.0
mcp-Google_Drive-read_file_content-1790081135469.txt,Fullington Auto Bus Co.,Fullington Auto Bus Co.,,impression,2026-08-18,2026-11-16,SM - B,50000.0,150000.0,3.0
mcp-Google_Drive-read_file_content-1790081135469.txt,Fullington Auto Bus Co.,Fullington Auto Bus Co.,,impression,2026-08-18,2026-11-16,SM - Content,45000.0,135000.0,3.0
mcp-Google_Drive-read_file_content-1790081135469.txt,Glenn O. Hawbaker Inc,Glenn O. Hawbaker Inc,,impression,2026-07-01,2026-09-30,SM - R,5000.0,15000.0,3.0
mcp-Google_Drive-read_file_content-1790081135469.txt,Karch Landscaping & Excavating LLC,Karch Landscaping & Excavating LLC,,impression,2026-07-08,2026-09-30,FB - R,4000.0,12000.0,3.5
mcp-Google_Drive-read_file_content-1790081135469.txt,McLanahan's Penn State Room,McLanahan's Penn State Room,,impression,2026-09-03,2026-11-30,MC - Geo-Retargeting,30000.0,90000.0,3.5
mcp-Google_Drive-read_file_content-1790081135469.txt,Mifflin County School District -SC,Mifflin County School District -SC,,impression,2026-06-08,2026-09-08,SM - B,25000.0,75000.0,3.0
mcp-Google_Drive-read_file_content-1790081135469.txt,Moss Farm Film & Arts Invitational,Moss Farm Film & Arts Invitational,,impression,2026-09-14,2026-10-02,MC - Geo-Retargeting,40000.0,40000.0,3.5
mcp-Google_Drive-read_file_content-1790081135469.txt,Moss Farm Film & Arts Invitational,Moss Farm Film & Arts Invitational,,impression,2026-09-14,2026-10-02,MC - Geo-Fencing,63333.0,63333.0,3.5
mcp-Google_Drive-read_file_content-1790081135469.txt,Penn State Greater Allegheny,Penn State Greater Allegheny,,impression,2026-09-08,2026-11-30,SM - B,5000.0,15000.0,3.0
mcp-Google_Drive-read_file_content-1790081135469.txt,North Club Health and Fitness,North Club Health and Fitness,,impression,2026-08-28,2026-11-30,MC - Geo-Retargeting,30000.0,90000.0,3.5
mcp-Google_Drive-read_file_content-1790081135469.txt,State College Friends School,State College Friends School,,impression,2026-09-14,2026-10-02,SM - GR,10000.0,10000.0,3.0
mcp-Google_Drive-read_file_content-1790081135469.txt,State College Friends School,State College Friends School,,impression,2026-09-14,2026-10-02,SM - GF,10000.0,10000.0,3.0
mcp-Google_Drive-read_file_content-1790081135469.txt,State College Spikes,State College Spikes,,impression,2026-08-10,2026-08-31,SM - B,40000.0,40000.0,3.0
mcp-Google_Drive-read_file_content-1790081135469.txt,State College Spikes,State College Spikes,,impression,2026-08-10,2026-08-31,SM - AI,40000.0,40000.0,3.0
mcp-Google_Drive-read_file_content-1790081135469.txt,State College Spikes,State College Spikes,,impression,2026-08-10,2026-08-31,SM - GF,10000.0,10000.0,3.0
mcp-Google_Drive-read_file_content-1790081135469.txt,State College Spikes,State College Spikes,,impression,2026-08-10,2026-08-31,SM - GR,10000.0,10000.0,3.0
mcp-Google_Drive-read_file_content-1790081135469.txt,The Grange Fair,The Grange Fair,,impression,2026-07-06,2026-08-23,SM - R,10000.0,20000.0,3.0
mcp-Google_Drive-read_file_content-1790081135469.txt,The Student Bookstore,The Student Bookstore,,impression,2026-09-01,2026-12-31,MC - Geo-Retargeting,50000.0,200000.0,3.5
mcp-Google_Drive-read_file_content-1790081135469.txt,The Student Bookstore,The Student Bookstore,,impression,2026-09-01,2026-12-31,MC - Geo-Fencing,50000.0,200000.0,3.5
mcp-Google_Drive-read_file_content-1790081135469.txt,The Student Bookstore,The Student Bookstore,,impression,2026-09-01,2026-12-31,MC - Category,50000.0,200000.0,3.5
mcp-Google_Drive-read_file_content-1790081135469.txt,The Student Bookstore,The Student Bookstore,,impression,2026-09-01,2026-12-31,MC - Site Retargeting,50000.0,200000.0,3.5
mcp-Google_Drive-read_file_content-1790081135469.txt,The Student Bookstore,The Student Bookstore,,impression,2026-09-01,2026-12-31,D - R,5000.0,20000.0,2.5
mcp-Google_Drive-read_file_content-1790081135469.txt,The Student Bookstore,The Student Bookstore,,impression,2026-09-01,2026-12-31,D - B,45000.0,180000.0,2.5
mcp-Google_Drive-read_file_content-1790081135469.txt,The Student Book Store Summer,The Student Book Store Summer,,impression,2026-06-01,2026-08-31,MC - Geo-Retargeting,30000.0,90000.0,3.5
mcp-Google_Drive-read_file_content-1790081135469.txt,The Student Book Store Summer,The Student Book Store Summer,,impression,2026-06-01,2026-08-31,MC - Geo-Fencing,30000.0,90000.0,3.5
mcp-Google_Drive-read_file_content-1790081135469.txt,The Student Book Store Summer,The Student Book Store Summer,,impression,2026-06-01,2026-08-31,MC - Category,30000.0,90000.0,3.5
mcp-Google_Drive-read_file_content-1790081135469.txt,The Student Book Store Summer,The Student Book Store Summer,,impression,2026-06-01,2026-08-31,MC - Site Retargeting,30000.0,90000.0,3.5
mcp-Google_Drive-read_file_content-1790081135469.txt,Trinity Plastics Incorporated,Trinity Plastics Incorporated,,impression,2026-05-15,2026-08-16,SM - R,,,3.5
mcp-Google_Drive-read_file_content-1790081135469.txt,Trinity Plastics Incorporated,Trinity Plastics Incorporated,,impression,2026-05-15,2026-08-16,SM - B,88235.0,264705.0,3.5
mcp-Google_Drive-read_file_content-1790081135469.txt,Trinity Plastics Incorporated,Trinity Plastics Incorporated,,impression,2026-05-15,2026-08-16,SM - GF,,,3.5
mcp-Google_Drive-read_file_content-1790081135469.txt,Trinity Plastics Incorporated,Trinity Plastics Incorporated,,impression,2026-05-15,2026-08-16,SM - GR,,,3.5
mcp-Google_Drive-read_file_content-1790081135469.txt,ASI Insulation & Abatement #54126,ASI Insulation & Abatement #54126,54126,impression,2026-06-22,2026-09-27,Native - B2B Retargeting,41667.0,125000.0,3.0
mcp-Google_Drive-read_file_content-1790081135469.txt,Green Couch,Green Couch,,impression,2026-08-17,2027-08-15,SM - B2B Behavioral,54000.0,648000.0,3.5
mcp-Google_Drive-read_file_content-1790081135469.txt,Jet PreCooler #54165,Jet PreCooler #54165,54165,impression,2026-06-22,2026-09-27,Native - B2B Retargeting,41667.0,125000.0,3.0
mcp-Google_Drive-read_file_content-1790081135469.txt,VSCU KC #52263,VSCU KC #52263,52263,impression,2026-08-31,2026-09-13,LI #124539,,,
mcp-Google_Drive-read_file_content-1790081135469.txt,VSCU KC #52263,VSCU KC #52263,52263,impression,2026-08-31,2026-09-13,Audio - Behavioral,10000.0,10000.0,13.0
mcp-Google_Drive-read_file_content-1790081135469.txt,VSCU KC #52263,VSCU KC #52263,52263,impression,2026-08-31,2026-09-13,Audio - AI,14444.0,14444.0,13.0
mcp-Google_Drive-read_file_content-1790081135469.txt,VSCU TC KC,VSCU TC KC,,impression,2026-08-31,2026-09-13,HELOC #124546,,,
mcp-Google_Drive-read_file_content-1790081135469.txt,VSCU TC KC,VSCU TC KC,,impression,2026-08-31,2026-09-13,Audio - Behavioral,11111.0,11111.0,13.0
mcp-Google_Drive-read_file_content-1790081135469.txt,VSCU TC KC,VSCU TC KC,,impression,2026-08-31,2026-09-13,Audio - AI,11111.0,11111.0,13.0
mcp-Google_Drive-read_file_content-1790081135469.txt,VSCU KC #52268,VSCU KC #52268,52268,impression,2026-08-31,2026-09-13,LI #124546,,,
mcp-Google_Drive-read_file_content-1790081135469.txt,VSCU KC #52268,VSCU KC #52268,52268,impression,2026-08-31,2026-09-13,Audio - Behavioral,11111.0,11111.0,13.0
mcp-Google_Drive-read_file_content-1790081135469.txt,VSCU KC #52268,VSCU KC #52268,52268,impression,2026-08-31,2026-09-13,Audio - AI,11111.0,11111.0,13.0
mcp-Google_Drive-read_file_content-1790081135469.txt,VSCU TC KC,VSCU TC KC,,impression,2026-06-01,2026-06-14,HELOC #127419,,,
mcp-Google_Drive-read_file_content-1790081135469.txt,VSCU TC KC,VSCU TC KC,,impression,2026-06-01,2026-06-14,Audio - Behavioral,11111.0,11111.0,13.0
mcp-Google_Drive-read_file_content-1790081135469.txt,VSCU TC KC,VSCU TC KC,,impression,2026-06-01,2026-06-14,Audio - AI,11111.0,11111.0,13.0
mcp-Google_Drive-read_file_content-1790081135469.txt,VSCU SC,VSCU SC,,impression,2026-08-31,2026-09-13,LI #124560,,,
mcp-Google_Drive-read_file_content-1790081135469.txt,VSCU SC,VSCU SC,,impression,2026-08-31,2026-09-13,Audio - Behavioral,18888.0,18888.0,13.0
mcp-Google_Drive-read_file_content-1790081135469.txt,VSCU SC,VSCU SC,,impression,2026-08-31,2026-09-13,Audio - AI,20000.0,20000.0,13.0
mcp-Google_Drive-read_file_content-1790081135469.txt,VSCU SJC,VSCU SJC,,impression,2026-02-11,2026-02-22,OA - AI,19444.0,19444.0,13.0
mcp-Google_Drive-read_file_content-1790081135469.txt,VSCU SJC,VSCU SJC,,impression,2026-02-11,2026-02-22,OA - Behavioral,19444.0,19444.0,13.0
mcp-Google_Drive-read_file_content-1790081135469.txt,Black Hawk College,Black Hawk College,,impression,2026-09-01,2026-11-30,TT - Category/Hashtag,9333.0,27999.0,3.0
mcp-Google_Drive-read_file_content-1790081135469.txt,Davis County Hospital & Clinics,Davis County Hospital & Clinics,,impression,2026-09-01,2026-11-30,SM - AI,30000.0,90000.0,2.0
mcp-Google_Drive-read_file_content-1790081135469.txt,Ellsworth Community College,Ellsworth Community College,,impression,2026-09-01,2026-09-30,MC Event - Retargeting,19445.0,19445.0,3.5
mcp-Google_Drive-read_file_content-1790081135469.txt,Ellsworth Community College,Ellsworth Community College,,impression,2026-09-01,2026-09-30,MC Event - Geo-Fencing,100000.0,100000.0,5.0
mcp-Google_Drive-read_file_content-1790081135469.txt,Mike Fereday Heating + Cooling,Mike Fereday Heating + Cooling,,impression,2026-10-01,2026-11-30,MC - Retargeting,10000.0,20000.0,3.5
mcp-Google_Drive-read_file_content-1790081135469.txt,Mike Fereday Heating + Cooling,Mike Fereday Heating + Cooling,,impression,2026-10-01,2026-11-30,MC - Winter Temperature Weather Trigger,41111.0,82222.0,3.5
mcp-Google_Drive-read_file_content-1790081135469.txt,Kirkwood Community College,Kirkwood Community College,,impression,2026-08-10,2026-08-31,AZ CTV - Prime Genre,27778.0,27778.0,19.62
mcp-Google_Drive-read_file_content-1790081135469.txt,Kirkwood Community College,Kirkwood Community College,,impression,2026-08-10,2026-08-31,AZ V  - Behavioral,55555.0,55555.0,36.12
mcp-Google_Drive-read_file_content-1790081135469.txt,Kirkwood Community College - Adult Learner - Non-Trad,Kirkwood Community College,,impression,2026-08-01,2026-10-31,MC - Retargeting,73333.0,219999.0,5.0
mcp-Google_Drive-read_file_content-1790081135469.txt,Demlang Builders #44528,Demlang Builders #44528,44528,impression,2025-08-01,2025-09-30,Behavioral Display,50000.0,100000.0,1.5
mcp-Google_Drive-read_file_content-1790081135469.txt,Demlang Builders #44528,Demlang Builders #44528,44528,impression,2025-08-01,2025-09-30,Geo-Fencing Display,25000.0,50000.0,1.5
mcp-Google_Drive-read_file_content-1790081135469.txt,Demlang Builders #44528,Demlang Builders #44528,44528,impression,2025-08-01,2025-09-30,Lookalike Display,50000.0,100000.0,1.5
mcp-Google_Drive-read_file_content-1790081135469.txt,Demlang Builders #44528,Demlang Builders #44528,44528,impression,2025-08-01,2025-09-30,Retargeting Display,25000.0,50000.0,1.5
mcp-Google_Drive-read_file_content-1790081135469.txt,EWH SBA #48497,EWH SBA #48497,48497,impression,2025-09-01,2025-11-30,AI SM,25000.0,75000.0,1.75
mcp-Google_Drive-read_file_content-1790081135469.txt,PJ's Plumbing #54491,PJ's Plumbing #54491,54491,impression,2026-07-01,2026-09-30,AI CTV,19000.0,57000.0,12.0
mcp-Google_Drive-read_file_content-1790081135469.txt,PJ's Plumbing #54491,PJ's Plumbing #54491,54491,impression,2026-07-01,2026-09-30,Behavioral CTV,15000.0,45000.0,12.0
mcp-Google_Drive-read_file_content-1790081135469.txt,PJ's Plumbing #54491,PJ's Plumbing #54491,54491,impression,2026-07-01,2026-09-30,Behavioral Video,30000.0,90000.0,6.0
mcp-Google_Drive-read_file_content-1790081135469.txt,PJ's Plumbing #54491,PJ's Plumbing #54491,54491,impression,2026-07-01,2026-09-30,Keyword Video,30000.0,90000.0,6.0
mcp-Google_Drive-read_file_content-1790081135469.txt,PJ's Plumbing #54491,PJ's Plumbing #54491,54491,impression,2026-07-01,2026-09-30,Retargeting CTV,1000.0,3000.0,12.0
mcp-Google_Drive-read_file_content-1790081135469.txt,PJ's Plumbing #54491,PJ's Plumbing #54491,54491,impression,2026-07-01,2026-09-30,Retargeting Video,5000.0,15000.0,6.0
mcp-Google_Drive-read_file_content-1790081135469.txt,UNISIG Deep Hole Drilling Systems #53122,UNISIG Deep Hole Drilling Systems #53122,53122,impression,2026-04-02,2026-06-30,Behavioral B2B Display,50000.0,150000.0,3.0
mcp-Google_Drive-read_file_content-1790081135469.txt,UNISIG Deep Hole Drilling Systems #53122,UNISIG Deep Hole Drilling Systems #53122,53122,impression,2026-04-02,2026-06-30,Geo-Fencing Display,10000.0,30000.0,3.0
mcp-Google_Drive-read_file_content-1790081135469.txt,UNISIG Deep Hole Drilling Systems #53122,UNISIG Deep Hole Drilling Systems #53122,53122,impression,2026-04-02,2026-06-30,Geo-Retargeting Display,40000.0,120000.0,3.0
mcp-Google_Drive-read_file_content-1790081135469.txt,UNISIG Deep Hole Drilling Systems #53122,UNISIG Deep Hole Drilling Systems #53122,53122,impression,2026-04-02,2026-06-30,Lookalike Display,40000.0,120000.0,3.0
mcp-Google_Drive-read_file_content-1790081135469.txt,UNISIG Deep Hole Drilling Systems #53122,UNISIG Deep Hole Drilling Systems #53122,53122,impression,2026-04-02,2026-06-30,Retargeting Display,10000.0,30000.0,3.0
mcp-Google_Drive-read_file_content-1790081135469.txt,Waukesha State Bank #43728,Waukesha State Bank #43728,43728,impression,2025-10-01,2025-10-31,AI Display - Checking KT,30000.0,30000.0,1.5
mcp-Google_Drive-read_file_content-1790081135469.txt,White House of Music #47398,White House of Music #47398,47398,impression,2025-08-19,2025-08-31,AI SM - Lessons,25000.0,25000.0,1.75
mcp-Google_Drive-read_file_content-1790081135469.txt,White House of Music #47398,White House of Music #47398,47398,impression,2025-08-19,2025-08-31,Geo-Fencing SM - Lessons,25000.0,25000.0,1.75
mcp-Google_Drive-read_file_content-1790081135469.txt,White House of Music #47398,White House of Music #47398,47398,impression,2025-08-19,2025-08-31,Lookalike SM - Lessons,25000.0,25000.0,1.75
mcp-Google_Drive-read_file_content-1790081135469.txt,BITO Storage Solutions US,BITO Storage Solutions US,,click,2026-09-10,2026-10-24,PPC Keywords Automated Storage,562.5,562.5,
mcp-Google_Drive-read_file_content-1790081135469.txt,BITO Storage Solutions US,BITO Storage Solutions US,,click,2026-09-10,2026-10-24,PPC Keywords Conveyor & Low Noise,562.5,562.5,
mcp-Google_Drive-read_file_content-1790081135469.txt,Cross Country Communications B2B #38054,Cross Country Communications B2B #38054,38054,impression,2024-04-01,2024-12-31,AI SM,30000.0,270000.0,2.0
mcp-Google_Drive-read_file_content-1790081135469.txt,Cross Country Communications B2B #38054,Cross Country Communications B2B #38054,38054,impression,2024-04-01,2024-12-31,Behavioral SM,30000.0,270000.0,2.0
mcp-Google_Drive-read_file_content-1790081135469.txt,Cross Country Communications B2B #38054,Cross Country Communications B2B #38054,38054,impression,2024-04-01,2024-12-31,Keyword SM,20000.0,180000.0,2.0
mcp-Google_Drive-read_file_content-1790081135469.txt,Cross Country Communications B2B #38054,Cross Country Communications B2B #38054,38054,impression,2024-04-01,2024-12-31,Retargeting SM,8235.0,74115.0,2.0
mcp-Google_Drive-read_file_content-1790081135469.txt,Cross Country Communications B2B #38054,Cross Country Communications B2B #38054,38054,impression,2024-04-01,2024-12-31,AI SM,30000.0,270000.0,2.0
mcp-Google_Drive-read_file_content-1790081135469.txt,Cross Country Communications B2B #38054,Cross Country Communications B2B #38054,38054,impression,2024-04-01,2024-12-31,Behavioral SM,30000.0,270000.0,2.0
mcp-Google_Drive-read_file_content-1790081135469.txt,Cross Country Communications B2B #38054,Cross Country Communications B2B #38054,38054,impression,2024-04-01,2024-12-31,Keyword SM,20000.0,180000.0,2.0
mcp-Google_Drive-read_file_content-1790081135469.txt,Cross Country Communications B2B #38054,Cross Country Communications B2B #38054,38054,impression,2024-04-01,2024-12-31,Retargeting SM,8235.0,74115.0,2.0
mcp-Google_Drive-read_file_content-1790081135469.txt,Cypress Basin Hospice #42905,Cypress Basin Hospice #42905,42905,impression,2026-01-01,2026-12-31,B2B,,,
mcp-Google_Drive-read_file_content-1790081135469.txt,Empathia,Empathia,,impression,2024-03-18,2024-04-18,MC event 18,5000.0,5000.0,5.0
mcp-Google_Drive-read_file_content-1790081135469.txt,Empathia,Empathia,,impression,2024-03-18,2024-04-18,MC event 19,5000.0,5000.0,5.0
mcp-Google_Drive-read_file_content-1790081135469.txt,Empathia,Empathia,,impression,2024-03-18,2024-04-18,MC event 20,5000.0,5000.0,5.0
mcp-Google_Drive-read_file_content-1790081135469.txt,Empathia,Empathia,,impression,2024-03-18,2024-04-18,MC event 21,5000.0,5000.0,5.0
mcp-Google_Drive-read_file_content-1790081135469.txt,Empathia,Empathia,,impression,2024-03-18,2024-04-18,MC Event Geo-Retargeting,55000.0,55000.0,3.5
mcp-Google_Drive-read_file_content-1790081135469.txt,Bullet Liner #28279,Bullet Liner #28279,28279,impression,2022-11-01,2022-11-30,MC Event 11.1,5000.0,5000.0,5.0
mcp-Google_Drive-read_file_content-1790081135469.txt,Bullet Liner #28279,Bullet Liner #28279,28279,impression,2022-11-01,2022-11-30,MC Event 11.2,5000.0,5000.0,5.0
mcp-Google_Drive-read_file_content-1790081135469.txt,Bullet Liner #28279,Bullet Liner #28279,28279,impression,2022-11-01,2022-11-30,MC Event 11.3,5000.0,5000.0,5.0
mcp-Google_Drive-read_file_content-1790081135469.txt,Bullet Liner #28279,Bullet Liner #28279,28279,impression,2022-11-01,2022-11-30,MC Event 11.4,5000.0,5000.0,5.0
mcp-Google_Drive-read_file_content-1790081135469.txt,Bullet Liner #28279,Bullet Liner #28279,28279,impression,2022-11-01,2022-11-30,MC Event Geo-Retargeting,40000.0,40000.0,3.5
mcp-Google_Drive-read_file_content-1790081135469.txt,Bullet Liner #28279,Bullet Liner #28279,28279,impression,2024-03-06,2024-04-06,MC Event 3/6,5000.0,5000.0,5.0
mcp-Google_Drive-read_file_content-1790081135469.txt,Bullet Liner #28279,Bullet Liner #28279,28279,impression,2024-03-06,2024-04-06,MC Event 3/7,5000.0,5000.0,5.0
mcp-Google_Drive-read_file_content-1790081135469.txt,Bullet Liner #28279,Bullet Liner #28279,28279,impression,2024-03-06,2024-04-06,MC Event 3/8,5000.0,5000.0,5.0
mcp-Google_Drive-read_file_content-1790081135469.txt,Bullet Liner #28279,Bullet Liner #28279,28279,impression,2024-03-06,2024-04-06,MC Event Geo-Retargeting,45000.0,45000.0,3.5
mcp-Google_Drive-read_file_content-1790081135469.txt,Hasa Tradeshow - Charlotte #27780,Hasa Tradeshow,27780,impression,2022-10-06,2022-11-06,MC Event 10.6,10000.0,10000.0,5.0
mcp-Google_Drive-read_file_content-1790081135469.txt,Hasa Tradeshow - Charlotte #27780,Hasa Tradeshow,27780,impression,2022-10-06,2022-11-06,MC Event 10.7,10000.0,10000.0,5.0
mcp-Google_Drive-read_file_content-1790081135469.txt,Hasa Tradeshow - Charlotte #27780,Hasa Tradeshow,27780,impression,2022-10-06,2022-11-06,MC Event Geo-Retargeting,40000.0,40000.0,3.5
mcp-Google_Drive-read_file_content-1790081135469.txt,Hasa Tradeshow - Monteray #27774,Hasa Tradeshow,27774,impression,2022-10-06,2022-11-06,MC Event 10.6,6667.0,6667.0,5.0
mcp-Google_Drive-read_file_content-1790081135469.txt,Hasa Tradeshow - Monteray #27774,Hasa Tradeshow,27774,impression,2022-10-06,2022-11-06,MC Event 10.7,6667.0,6667.0,5.0
mcp-Google_Drive-read_file_content-1790081135469.txt,Hasa Tradeshow - Monteray #27774,Hasa Tradeshow,27774,impression,2022-10-06,2022-11-06,MC Event 10.8,6667.0,6667.0,5.0
mcp-Google_Drive-read_file_content-1790081135469.txt,Hasa Tradeshow - Monteray #27774,Hasa Tradeshow,27774,impression,2022-10-06,2022-11-06,MC Event Geo-Retargeting,40000.0,40000.0,3.5
mcp-Google_Drive-read_file_content-1790081135469.txt,Hasa Tradeshow - Monteray #34180,Hasa Tradeshow,34180,impression,2023-09-14,2023-10-14,MC Event 9.14,6000.0,6000.0,5.0
mcp-Google_Drive-read_file_content-1790081135469.txt,Hasa Tradeshow - Monteray #34180,Hasa Tradeshow,34180,impression,2023-09-14,2023-10-14,MC Event 9.15,6000.0,6000.0,5.0
mcp-Google_Drive-read_file_content-1790081135469.txt,Hasa Tradeshow - Monteray #34180,Hasa Tradeshow,34180,impression,2023-09-14,2023-10-14,MC Event Geo-Retargeting,48000.0,48000.0,3.5
mcp-Google_Drive-read_file_content-1790081135469.txt,HASA Trade Show Event Targeting #28280,HASA Trade Show Event Targeting #28280,28280,impression,2022-11-15,2022-12-14,MC Event 10.15,6667.0,6667.0,5.0
mcp-Google_Drive-read_file_content-1790081135469.txt,HASA Trade Show Event Targeting #28280,HASA Trade Show Event Targeting #28280,28280,impression,2022-11-15,2022-12-14,MC Event 10.16,6667.0,6667.0,5.0
mcp-Google_Drive-read_file_content-1790081135469.txt,HASA Trade Show Event Targeting #28280,HASA Trade Show Event Targeting #28280,28280,impression,2022-11-15,2022-12-14,MC Event 10.17,6667.0,6667.0,5.0
mcp-Google_Drive-read_file_content-1790081135469.txt,HASA Trade Show Event Targeting #28280,HASA Trade Show Event Targeting #28280,28280,impression,2022-11-15,2022-12-14,MC Event Geo-Retargeting,40000.0,40000.0,3.5
mcp-Google_Drive-read_file_content-1790081135469.txt,HASA Tradeshow SW Pool and Spa,HASA Tradeshow SW Pool and Spa,,impression,2023-02-09,2023-03-09,MC Event 2.9,6667.0,6667.0,5.0
mcp-Google_Drive-read_file_content-1790081135469.txt,HASA Tradeshow SW Pool and Spa,HASA Tradeshow SW Pool and Spa,,impression,2023-02-09,2023-03-09,MC Event 2.10,6667.0,6667.0,5.0
mcp-Google_Drive-read_file_content-1790081135469.txt,HASA Tradeshow SW Pool and Spa,HASA Tradeshow SW Pool and Spa,,impression,2023-02-09,2023-03-09,MC Event 2.11,6667.0,6667.0,5.0
mcp-Google_Drive-read_file_content-1790081135469.txt,HASA Tradeshow SW Pool and Spa,HASA Tradeshow SW Pool and Spa,,impression,2023-02-09,2023-03-09,MC Event Geo-Retargeting,40000.0,40000.0,3.5
mcp-Google_Drive-read_file_content-1790081135469.txt,HASA Western Show,HASA Western Show,,impression,2023-03-23,2023-04-25,MC Event 3.23,6667.0,6667.0,5.0
mcp-Google_Drive-read_file_content-1790081135469.txt,HASA Western Show,HASA Western Show,,impression,2023-03-23,2023-04-25,MC Event 3.24,6667.0,6667.0,5.0
mcp-Google_Drive-read_file_content-1790081135469.txt,HASA Western Show,HASA Western Show,,impression,2023-03-23,2023-04-25,MC Event 3.25,6667.0,6667.0,5.0
mcp-Google_Drive-read_file_content-1790081135469.txt,HASA Western Show,HASA Western Show,,impression,2023-03-23,2023-04-25,MC Event Geo-Retargeting,40000.0,40000.0,3.5
mcp-Google_Drive-read_file_content-1790081135469.txt,Aloha Pools - Evansville #31095,Aloha Pools,31095,impression,2023-04-11,2023-05-11,FB Category,40000.0,40000.0,7.51
mcp-Google_Drive-read_file_content-1790081135469.txt,Aloha Pools - Evansville #31095,Aloha Pools,31095,impression,2023-04-11,2023-05-11,FB Retargeting,40000.0,40000.0,7.51
mcp-Google_Drive-read_file_content-1790081135469.txt,Aloha Pools - St. Louis #31091,Aloha Pools,31091,impression,2023-04-11,2023-05-11,FB Category,40000.0,40000.0,5.0
mcp-Google_Drive-read_file_content-1790081135469.txt,Aloha Pools - St. Louis #31091,Aloha Pools,31091,impression,2023-04-11,2023-05-11,FB Retargeting,40000.0,40000.0,5.0
mcp-Google_Drive-read_file_content-1790081135469.txt,ADAMA – Novali #55627,ADAMA – Novali #55627,55627,impression,2026-09-08,2026-11-30,Audio - Retargeting,2038.0,6114.0,13.5
mcp-Google_Drive-read_file_content-1790081135469.txt,ADAMA – Novali #55627,ADAMA – Novali #55627,55627,impression,2026-09-08,2026-11-30,Audio - B2B Behavioral,30000.0,90000.0,13.5
mcp-Google_Drive-read_file_content-1790081135469.txt,AMVAC,AMVAC,,impression,2026-09-01,2026-12-31,Audio - Behavorial,100000.0,400000.0,13.0
mcp-Google_Drive-read_file_content-1790081135469.txt,Brunswick County Fair #56054,Brunswick County Fair #56054,56054,impression,2026-09-26,2026-10-24,SM - Retargeting,5000.0,5000.0,3.0
mcp-Google_Drive-read_file_content-1790081135469.txt,Brunswick County Fair #56054,Brunswick County Fair #56054,56054,impression,2026-09-26,2026-10-24,SM - Behavioral,95000.0,95000.0,3.0
mcp-Google_Drive-read_file_content-1790081135469.txt,Carolina Preparatory Academy #54415,Carolina Preparatory Academy #54415,54415,impression,2026-09-15,2027-01-31,YouTube+ Retargeting,7500.0,37500.0,5.0
mcp-Google_Drive-read_file_content-1790081135469.txt,Carolina Preparatory Academy #54415,Carolina Preparatory Academy #54415,54415,impression,2026-09-15,2027-01-31,YouTube+ Categories,80000.0,400000.0,5.0
mcp-Google_Drive-read_file_content-1790081135469.txt,Currituck County Tourism #55183,Currituck County Tourism #55183,55183,impression,2026-08-21,2026-10-21,AND,,,
mcp-Google_Drive-read_file_content-1790081135469.txt,Currituck County Tourism #55183,Currituck County Tourism #55183,55183,impression,2026-08-21,2026-10-21,Audio - Behavioral,96153.0,192306.0,13.5
mcp-Google_Drive-read_file_content-1790081135469.txt,Curtis Media #49513,Curtis Media #49513,49513,impression,2026-07-31,2027-01-31,AND/B2B,,,
mcp-Google_Drive-read_file_content-1790081135469.txt,Curtis Media #49513,Curtis Media #49513,49513,impression,2026-07-31,2027-01-31,SM - Retargeting,22222.0,133332.0,4.0
mcp-Google_Drive-read_file_content-1790081135469.txt,Curtis Media #49513,Curtis Media #49513,49513,impression,2026-07-31,2027-01-31,SM - KW,100000.0,600000.0,4.0
mcp-Google_Drive-read_file_content-1790081135469.txt,Curtis Media #49513,Curtis Media #49513,49513,impression,2026-07-31,2027-01-31,SM - B2B Behavioral,100000.0,600000.0,4.0
mcp-Google_Drive-read_file_content-1790081135469.txt,Durham Tech #50785,Durham Tech #50785,50785,impression,2026-07-13,2026-09-13,B2B,,,
mcp-Google_Drive-read_file_content-1790081135469.txt,Durham Tech #50785,Durham Tech #50785,50785,impression,2026-07-13,2026-09-13,SM - Retargeting,7647.0,15294.0,3.5
mcp-Google_Drive-read_file_content-1790081135469.txt,Durham Tech #50785,Durham Tech #50785,50785,impression,2026-07-13,2026-09-13,SM - KW,27500.0,55000.0,3.5
mcp-Google_Drive-read_file_content-1790081135469.txt,Durham Tech #50785,Durham Tech #50785,50785,impression,2026-07-13,2026-09-13,SM - B2B Behavioral,27500.0,55000.0,3.5
mcp-Google_Drive-read_file_content-1790081135469.txt,Durham Tech #50785,Durham Tech #50785,50785,impression,2026-07-13,2026-09-13,SM - GF,27500.0,55000.0,3.5
mcp-Google_Drive-read_file_content-1790081135469.txt,Durham Tech #50785,Durham Tech #50785,50785,impression,2026-07-13,2026-09-13,SM - GR,27500.0,55000.0,3.5
mcp-Google_Drive-read_file_content-1790081135469.txt,Durham Tech RTP BIO #54791,Durham Tech RTP BIO #54791,54791,impression,2026-07-13,2026-09-13,SM - Retargeting,10000.0,20000.0,3.0
mcp-Google_Drive-read_file_content-1790081135469.txt,Durham Tech RTP BIO #54791,Durham Tech RTP BIO #54791,54791,event,2026-07-13,2026-09-20,PMax - Retageting/Search Themes/Categories,1500.0,3000.0,750.0
mcp-Google_Drive-read_file_content-1790081135469.txt,Edenton Street United Methodist Church #50000,Edenton Street United Methodist Church #50000,50000,impression,2025-10-20,2026-02-17,PARENTS,,,
mcp-Google_Drive-read_file_content-1790081135469.txt,Edenton Street United Methodist Church #50000,Edenton Street United Methodist Church #50000,50000,impression,2025-10-20,2026-02-17,SM - Retargeting,7500.0,30000.0,
mcp-Google_Drive-read_file_content-1790081135469.txt,Edenton Street United Methodist Church #50000,Edenton Street United Methodist Church #50000,50000,impression,2025-10-20,2026-02-17,SM - GF,10000.0,40000.0,
mcp-Google_Drive-read_file_content-1790081135469.txt,Edenton Street United Methodist Church #50000,Edenton Street United Methodist Church #50000,50000,impression,2025-10-20,2026-02-17,SM - GR,10000.0,40000.0,
mcp-Google_Drive-read_file_content-1790081135469.txt,Edenton Street United Methodist Church #50000,Edenton Street United Methodist Church #50000,50000,impression,2025-10-20,2026-02-17,SM - KW,30000.0,120000.0,
mcp-Google_Drive-read_file_content-1790081135469.txt,Edenton Street United Methodist Church #50000,Edenton Street United Methodist Church #50000,50000,impression,2025-10-20,2026-02-17,SM - Behavioral,65000.0,260000.0,
mcp-Google_Drive-read_file_content-1790081135469.txt,Edenton Street United Methodist Church #50000,Edenton Street United Methodist Church #50000,50000,impression,2025-10-20,2026-02-17,SM - AI,65000.0,260000.0,
mcp-Google_Drive-read_file_content-1790081135469.txt,Edenton Street United Methodist Church #50000,Edenton Street United Methodist Church #50000,50000,impression,2025-10-20,2026-04-05,MC - Retargeting,542.0,3252.0,
mcp-Google_Drive-read_file_content-1790081135469.txt,Edenton Street United Methodist Church #50000,Edenton Street United Methodist Church #50000,50000,impression,2025-10-20,2026-04-05,MC - Categories,212000.0,1272000.0,
mcp-Google_Drive-read_file_content-1790081135469.txt,Edenton Street United Methodist Church #50000,Edenton Street United Methodist Church #50000,50000,impression,2025-10-20,2026-04-05,MC - GF,7933.0,47598.0,
mcp-Google_Drive-read_file_content-1790081135469.txt,Edenton Street United Methodist Church #50000,Edenton Street United Methodist Church #50000,50000,impression,2025-10-20,2026-04-05,MC - GR,68333.0,410000.0,
mcp-Google_Drive-read_file_content-1790081135469.txt,Edenton Street United Methodist Church #50000,Edenton Street United Methodist Church #50000,50000,impression,2025-10-20,2026-04-05,MC - GR Lookalike,68333.0,410000.0,
mcp-Google_Drive-read_file_content-1790081135469.txt,El Jimador #50005,El Jimador #50005,50005,impression,2025-12-08,2026-12-08,SM - Retargeting,500.0,6000.0,3.0
mcp-Google_Drive-read_file_content-1790081135469.txt,Franklin Street Pediatric Dentistry #48994,Franklin Street Pediatric Dentistry #48994,48994,impression,2025-10-01,2026-03-31,SM - Retargeting,3333.0,19998.0,
mcp-Google_Drive-read_file_content-1790081135469.txt,Franklin Street Pediatric Dentistry #48994,Franklin Street Pediatric Dentistry #48994,48994,impression,2025-10-01,2026-03-31,SM - GF,5000.0,30000.0,
mcp-Google_Drive-read_file_content-1790081135469.txt,Franklin Street Pediatric Dentistry #48994,Franklin Street Pediatric Dentistry #48994,48994,impression,2025-10-01,2026-03-31,SM - GR,5000.0,30000.0,
mcp-Google_Drive-read_file_content-1790081135469.txt,Franklin Street Pediatric Dentistry #48994,Franklin Street Pediatric Dentistry #48994,48994,impression,2025-10-01,2026-03-31,SM - KW,60000.0,360000.0,
mcp-Google_Drive-read_file_content-1790081135469.txt,Franklin Street Pediatric Dentistry #48994,Franklin Street Pediatric Dentistry #48994,48994,impression,2025-10-01,2026-03-31,SM - Behavioral,60000.0,360000.0,
mcp-Google_Drive-read_file_content-1790081135469.txt,Halifax Community College #47694,Halifax Community College #47694,47694,impression,2026-05-01,2026-09-30,CTV - Retargeting,714.0,3570.0,12.5
mcp-Google_Drive-read_file_content-1790081135469.txt,King's Auto #55128,King's Auto #55128,55128,impression,2026-09-04,2027-03-04,MC - GF,5000.0,30000.0,
mcp-Google_Drive-read_file_content-1790081135469.txt,King's Auto #55128,King's Auto #55128,55128,impression,2026-09-04,2027-03-04,MC - GR,61666.0,369996.0,
mcp-Google_Drive-read_file_content-1790081135469.txt,King's Auto #55128,King's Auto #55128,55128,event,2026-09-04,2027-03-04,PMax - Retageting/Search Themes/Categories,2000.0,12000.0,3000.0
mcp-Google_Drive-read_file_content-1790081135469.txt,Lafayette Village #55184,Lafayette Village #55184,55184,impression,2026-08-12,2026-12-31,SM - Retargeting,3333.0,16665.0,3.0
mcp-Google_Drive-read_file_content-1790081135469.txt,Lafayette Village #55184,Lafayette Village #55184,55184,impression,2026-08-12,2026-12-31,SM - KW,65000.0,325000.0,3.0
mcp-Google_Drive-read_file_content-1790081135469.txt,Lafayette Village #55184,Lafayette Village #55184,55184,impression,2026-08-12,2026-12-31,SM - Behavioral,65000.0,325000.0,3.0
mcp-Google_Drive-read_file_content-1790081135469.txt,Lawn Doctor Apex/Cary #47537,Lawn Doctor Apex/Cary #47537,47537,impression,2026-02-01,2026-05-31,APEX VICTOR,,,
mcp-Google_Drive-read_file_content-1790081135469.txt,Lawn Doctor Apex/Cary #47537,Lawn Doctor Apex/Cary #47537,47537,impression,2026-02-01,2026-05-31,MC - GF,16666.0,66664.0,
mcp-Google_Drive-read_file_content-1790081135469.txt,Lawn Doctor Apex/Cary #47537,Lawn Doctor Apex/Cary #47537,47537,impression,2026-02-01,2026-05-31,MC - GR,50000.0,200000.0,
mcp-Google_Drive-read_file_content-1790081135469.txt,Montessori School of Raleigh #54444,Montessori School of Raleigh #54444,54444,impression,2026-10-01,2026-02-28,FB/Insta Retargeting,10000.0,50000.0,5.0
mcp-Google_Drive-read_file_content-1790081135469.txt,Montessori School of Raleigh #54444,Montessori School of Raleigh #54444,54444,impression,2026-10-01,2026-02-28,FB/Insta Premium,50000.0,250000.0,5.0
mcp-Google_Drive-read_file_content-1790081135469.txt,Montessori School of Raleigh #54444,Montessori School of Raleigh #54444,54444,event,2026-10-01,2027-02-28,PMax - Retageting/Search Themes/Categories,1500.0,7500.0,1875.0
mcp-Google_Drive-read_file_content-1790081135469.txt,NC DEQ #54790,NC DEQ #54790,54790,impression,2026-09-01,2027-02-28,SM - Retargeting,87333.0,523998.0,3.0
mcp-Google_Drive-read_file_content-1790081135469.txt,NC Department of Agriculture #56105,NC Department of Agriculture #56105,56105,impression,2026-10-01,2026-11-12,N - Retargeting,10000.0,20000.0,2.5
mcp-Google_Drive-read_file_content-1790081135469.txt,NC Department of Agriculture #56105,NC Department of Agriculture #56105,56105,impression,2026-10-01,2026-11-12,N - KW,240000.0,480000.0,2.5
mcp-Google_Drive-read_file_content-1790081135469.txt,NC Department of Agriculture #56105,NC Department of Agriculture #56105,56105,impression,2026-10-01,2026-11-12,N - Behaveioral,240000.0,480000.0,2.5
mcp-Google_Drive-read_file_content-1790081135469.txt,NC Wine - Golden Gala #55487,NC Wine,55487,impression,2027-01-15,2027-02-27,FB/Insta Retargeting,10000.0,10000.0,5.0
mcp-Google_Drive-read_file_content-1790081135469.txt,NC Wine - Golden Gala #55487,NC Wine,55487,impression,2027-01-15,2027-02-27,FB/Insta Premium,55000.0,55000.0,5.0
mcp-Google_Drive-read_file_content-1790081135469.txt,NC Wine - Golden Gala #55487,NC Wine,55487,impression,2027-01-15,2027-02-27,FB/Insta Event,55000.0,55000.0,5.0
mcp-Google_Drive-read_file_content-1790081135469.txt,NC Wine - Passports #55482,NC Wine,55482,impression,2026-10-15,2026-12-20,CHARLOTTE,,,
mcp-Google_Drive-read_file_content-1790081135469.txt,NC Wine - Passports #55482,NC Wine,55482,impression,2026-10-15,2026-12-20,FB/Insta Retargeting,10000.0,20000.0,5.0
mcp-Google_Drive-read_file_content-1790081135469.txt,NC Wine - Passports #55482,NC Wine,55482,impression,2026-10-15,2026-12-20,FB/Insta Premium,35000.0,70000.0,5.0
mcp-Google_Drive-read_file_content-1790081135469.txt,NC Wine - Passports #55482,NC Wine,55482,impression,2026-10-15,2026-12-20,FB/Insta Event,35000.0,70000.0,5.0
mcp-Google_Drive-read_file_content-1790081135469.txt,NC Wine - TasteofNC Battleship #55486,NC Wine,55486,impression,2027-03-15,2027-05-05,COASTAL,,,
mcp-Google_Drive-read_file_content-1790081135469.txt,NC Wine - TasteofNC Battleship #55486,NC Wine,55486,impression,2027-03-15,2027-05-05,FB/Insta Retargeting,10000.0,20000.0,5.0
mcp-Google_Drive-read_file_content-1790081135469.txt,NC Wine - TasteofNC Battleship #55486,NC Wine,55486,impression,2027-03-15,2027-05-05,FB/Insta Premium,25000.0,50000.0,5.0
mcp-Google_Drive-read_file_content-1790081135469.txt,NC Wine - TasteofNC Battleship #55486,NC Wine,55486,impression,2027-03-15,2027-05-05,FB/Insta Event,25000.0,50000.0,5.0
mcp-Google_Drive-read_file_content-1790081135469.txt,NC Wine - Passports #55482,NC Wine,55482,impression,2027-03-15,2027-05-05,TRIANGLE,,,
mcp-Google_Drive-read_file_content-1790081135469.txt,NC Wine - Passports #55482,NC Wine,55482,impression,2027-03-15,2027-05-05,FB/Insta Retargeting,10000.0,20000.0,5.0
mcp-Google_Drive-read_file_content-1790081135469.txt,NC Wine - Passports #55482,NC Wine,55482,impression,2027-03-15,2027-05-05,FB/Insta Premium,25000.0,50000.0,5.0
mcp-Google_Drive-read_file_content-1790081135469.txt,NC Wine - Passports #55482,NC Wine,55482,impression,2027-03-15,2027-05-05,FB/Insta Event,25000.0,50000.0,5.0
mcp-Google_Drive-read_file_content-1790081135469.txt,NC Wine - TasteofNC Mountain #55483,NC Wine,55483,impression,2026-09-15,2026-10-15,CHARLOTTE,,,
mcp-Google_Drive-read_file_content-1790081135469.txt,NC Wine - TasteofNC Mountain #55483,NC Wine,55483,impression,2026-09-15,2026-10-15,FB/Insta Retargeting,10000.0,10000.0,5.0
mcp-Google_Drive-read_file_content-1790081135469.txt,NC Wine - TasteofNC Mountain #55483,NC Wine,55483,impression,2026-09-15,2026-10-15,FB/Insta Premium,75000.0,75000.0,5.0
mcp-Google_Drive-read_file_content-1790081135469.txt,NC Wine - TasteofNC Mountain #55483,NC Wine,55483,impression,2026-09-15,2026-10-15,FB/Insta Event,75000.0,75000.0,5.0
mcp-Google_Drive-read_file_content-1790081135469.txt,NC Wine - TasteofNC Mountain #55483,NC Wine,55483,impression,2026-09-15,2026-10-15,SOUTH CAROLINA,,,
mcp-Google_Drive-read_file_content-1790081135469.txt,NC Wine - TasteofNC Mountain #55483,NC Wine,55483,impression,2026-09-15,2026-10-15,FB/Insta Retargeting,10000.0,10000.0,5.0
mcp-Google_Drive-read_file_content-1790081135469.txt,NC Wine - TasteofNC Mountain #55483,NC Wine,55483,impression,2026-09-15,2026-10-15,FB/Insta Premium,35000.0,35000.0,5.0
mcp-Google_Drive-read_file_content-1790081135469.txt,NC Wine - TasteofNC Mountain #55483,NC Wine,55483,impression,2026-09-15,2026-10-15,FB/Insta Event,35000.0,35000.0,5.0
mcp-Google_Drive-read_file_content-1790081135469.txt,NC Wine - TasteofNC Winston Salem #55485,NC Wine,55485,impression,2027-01-15,2027-02-27,FB/Insta Retargeting,10000.0,10000.0,5.0
mcp-Google_Drive-read_file_content-1790081135469.txt,NC Wine - TasteofNC Winston Salem #55485,NC Wine,55485,impression,2027-01-15,2027-02-27,FB/Insta Premium,75000.0,35000.0,5.0
mcp-Google_Drive-read_file_content-1790081135469.txt,NC Wine - TasteofNC Winston Salem #55485,NC Wine,55485,impression,2027-01-15,2027-02-27,FB/Insta Event,75000.0,35000.0,5.0
mcp-Google_Drive-read_file_content-1790081135469.txt,North Carolina State Fair #55569,North Carolina State Fair #55569,55569,impression,2026-09-25,2026-10-25,SM - GF,16666.0,16666.0,3.0
mcp-Google_Drive-read_file_content-1790081135469.txt,North Carolina State Fair #55569,North Carolina State Fair #55569,55569,impression,2026-09-25,2026-10-25,SM - GR,20000.0,20000.0,3.0
mcp-Google_Drive-read_file_content-1790081135469.txt,North Carolina State Fair #55569,North Carolina State Fair #55569,55569,impression,2026-09-25,2026-10-25,SM - KW,215000.0,215000.0,3.0
mcp-Google_Drive-read_file_content-1790081135469.txt,North Carolina State Fair #55569,North Carolina State Fair #55569,55569,impression,2026-09-25,2026-10-25,SM - Behavioral,215000.0,,3.0
mcp-Google_Drive-read_file_content-1790081135469.txt,North Carolina State Fair #55569,North Carolina State Fair #55569,55569,impression,2026-09-25,2026-10-25,YouTube+ Categories,130000.0,130000.0,5.0
mcp-Google_Drive-read_file_content-1790081135469.txt,Novel Dental Holly Springs #54141,Novel Dental Holly Springs #54141,54141,impression,2026-08-03,2027-01-31,FB/Insta Retargeting,10000.0,60000.0,9.56
mcp-Google_Drive-read_file_content-1790081135469.txt,Novel Dental Holly Springs #54141,Novel Dental Holly Springs #54141,54141,impression,2026-08-03,2027-01-31,FB/Insta Premium,50000.0,300000.0,5.7
mcp-Google_Drive-read_file_content-1790081135469.txt,St. Timothy's #56052,St. Timothy's #56052,56052,impression,2026-09-21,2027-02-28,FB/Insta Retargeting,5000.0,25000.0,5.0
mcp-Google_Drive-read_file_content-1790081135469.txt,St. Timothy's #56052,St. Timothy's #56052,56052,impression,2026-09-21,2027-02-28,FB/Insta Premium,87000.0,435000.0,5.0
mcp-Google_Drive-read_file_content-1790081135469.txt,Sunrock #54829,Sunrock #54829,54829,impression,2026-08-03,2027-08-01,ENGLISH,,,
mcp-Google_Drive-read_file_content-1790081135469.txt,Sunrock #54829,Sunrock #54829,54829,impression,2026-08-03,2027-08-01,SM - KW,10000.0,120000.0,3.5
mcp-Google_Drive-read_file_content-1790081135469.txt,The Club at Midtown #55575,The Club at Midtown #55575,55575,impression,2026-09-09,2026-11-30,SM - Retargeting,6666.0,19998.0,3.0
mcp-Google_Drive-read_file_content-1790081135469.txt,The Club at Midtown #55575,The Club at Midtown #55575,55575,impression,2026-09-09,2026-11-30,SM - KW,80000.0,240000.0,3.0
mcp-Google_Drive-read_file_content-1790081135469.txt,The Club at Midtown #55575,The Club at Midtown #55575,55575,impression,2026-09-09,2026-11-30,SM - Behavioral,80000.0,240000.0,3.0
mcp-Google_Drive-read_file_content-1790081135469.txt,Town of Clayton #50651,Town of Clayton #50651,50651,impression,2026-03-04,2026-09-30,B2B,,,
mcp-Google_Drive-read_file_content-1790081135469.txt,Town of Clayton #50651,Town of Clayton #50651,50651,impression,2026-03-04,2026-09-30,SM - Retargeting,235.0,1645.0,3.5
mcp-Google_Drive-read_file_content-1790081135469.txt,Town of Clayton #50651,Town of Clayton #50651,50651,impression,2026-03-04,2026-09-30,SM - GF,10000.0,70000.0,3.5
mcp-Google_Drive-read_file_content-1790081135469.txt,Town of Clayton #50651,Town of Clayton #50651,50651,impression,2026-03-04,2026-09-30,SM - GR,10000.0,70000.0,3.5
mcp-Google_Drive-read_file_content-1790081135469.txt,Town of Clayton #50651,Town of Clayton #50651,50651,impression,2026-03-04,2026-09-30,SM - KW,10000.0,70000.0,3.5
mcp-Google_Drive-read_file_content-1790081135469.txt,Town of Clayton #50651,Town of Clayton #50651,50651,impression,2026-03-04,2026-09-30,SM - Behavioral,58000.0,406000.0,3.5
mcp-Google_Drive-read_file_content-1790081135469.txt,U.S. Army Recruiting Battalion HQ #54512,U.S. Army Recruiting Battalion HQ #54512,54512,impression,2026-08-05,2026-10-30,SM - GF,15000.0,45000.0,3.5
mcp-Google_Drive-read_file_content-1790081135469.txt,U.S. Army Recruiting Battalion HQ #54512,U.S. Army Recruiting Battalion HQ #54512,54512,impression,2026-08-05,2026-10-30,SM - GR,15000.0,45000.0,3.5
mcp-Google_Drive-read_file_content-1790081135469.txt,U.S. Army Recruiting Battalion HQ #54512,U.S. Army Recruiting Battalion HQ #54512,54512,impression,2026-08-05,2026-10-30,SM - KW,80000.0,240000.0,3.5
mcp-Google_Drive-read_file_content-1790081135469.txt,U.S. Army Recruiting Battalion HQ #54512,U.S. Army Recruiting Battalion HQ #54512,54512,impression,2026-08-05,2026-10-30,SM - Behavioral,82647.0,247941.0,3.5
mcp-Google_Drive-read_file_content-1790081135469.txt,UNC Health-Johnston #49222,UNC Health-Johnston #49222,49222,impression,2025-10-01,2026-07-31,N - KW,46000.0,460000.0,2.5
mcp-Google_Drive-read_file_content-1790081135469.txt,UNC Health-Johnston #49222,UNC Health-Johnston #49222,49222,impression,2025-10-01,2026-07-31,N - Behavioral,20000.0,200000.0,3.75
mcp-Google_Drive-read_file_content-1790081135469.txt,DAK - Silvr.ai #52657,DAK,52657,impression,2026-02-19,2026-02-24,SM Retargeting,10000.0,10000.0,1.5
mcp-Google_Drive-read_file_content-1790081135469.txt,DAK - Silvr.ai #52657,DAK,52657,impression,2026-02-19,2026-02-24,SM Behavioral,190000.0,190000.0,1.5
mcp-Google_Drive-read_file_content-1790081135469.txt,DAK - Silvr.ai #52657,DAK,52657,impression,2026-02-19,2026-02-24,Meta Retargeting,10000.0,10000.0,3.5
mcp-Google_Drive-read_file_content-1790081135469.txt,DAK - Silvr.ai #52657,DAK,52657,impression,2026-02-19,2026-02-24,Meta Categories,140000.0,140000.0,3.5
mcp-Google_Drive-read_file_content-1790081135469.txt,Chapters #20590,Chapters #20590,20590,impression,2021-09-20,2021-12-20,SM - Retarg,10000.0,30000.0,5.0
mcp-Google_Drive-read_file_content-1790081135469.txt,Chapters #20590,Chapters #20590,20590,impression,2021-09-20,2021-12-20,SM - B2B B,50000.0,150000.0,5.0
mcp-Google_Drive-read_file_content-1790081135469.txt,Duke Health #21254,Duke Health #21254,21254,impression,2021-09-08,2021-12-08,SM - Retarg,10000.0,30000.0,5.0
mcp-Google_Drive-read_file_content-1790081135469.txt,Duke Health #21254,Duke Health #21254,21254,impression,2021-09-08,2021-12-08,SM - B2B B,50000.0,150000.0,5.0
mcp-Google_Drive-read_file_content-1790081135469.txt,Mary Washington Healthcare #23085,Mary Washington Healthcare #23085,23085,impression,2021-12-22,2022-03-22,SM - Retarg,10000.0,30000.0,3.0
mcp-Google_Drive-read_file_content-1790081135469.txt,Mary Washington Healthcare #23085,Mary Washington Healthcare #23085,23085,impression,2021-12-22,2022-03-22,SM - B2B B,50000.0,150000.0,3.0
mcp-Google_Drive-read_file_content-1790081135469.txt,Mary Washington Healthcare #23085,Mary Washington Healthcare #23085,23085,impression,2021-12-22,2022-03-22,SM - KW,28235.0,84705.0,3.0
mcp-Google_Drive-read_file_content-1790081135469.txt,Northeast Georgia Health System #25255,Northeast Georgia Health System #25255,25255,impression,2022-04-25,2022-07-22,SM - B2B B,60000.0,180001.0,3.0
mcp-Google_Drive-read_file_content-1790081135469.txt,Northeast Georgia Health System #25255,Northeast Georgia Health System #25255,25255,impression,2022-04-25,2022-07-22,SM - KW,28235.0,84705.0,3.0
mcp-Google_Drive-read_file_content-1790081135469.txt,North Kansas City Hospital #20471,North Kansas City Hospital #20471,20471,impression,2021-08-06,2021-10-31,SM - Retarg,10000.0,30000.0,5.0
mcp-Google_Drive-read_file_content-1790081135469.txt,North Kansas City Hospital #20471,North Kansas City Hospital #20471,20471,impression,2021-08-06,2021-10-31,SM - Beh,50000.0,150000.0,5.0
mcp-Google_Drive-read_file_content-1790081135469.txt,Sinai Chicago #22728,Sinai Chicago #22728,22728,impression,2021-12-14,2022-03-04,SM - Retarg,10000.0,30000.0,5.0
mcp-Google_Drive-read_file_content-1790081135469.txt,Sinai Chicago #22728,Sinai Chicago #22728,22728,impression,2021-12-14,2022-03-04,SM - Beh,51000.0,153000.0,5.0
mcp-Google_Drive-read_file_content-1790081135469.txt,WMCHealth #25029,WMCHealth #25029,25029,impression,2022-04-12,2022-07-09,SM - B2B Retarg,10000.0,30000.0,3.0
mcp-Google_Drive-read_file_content-1790081135469.txt,WMCHealth #25029,WMCHealth #25029,25029,impression,2022-04-12,2022-07-09,SM - B2B Beh,51000.0,153000.0,3.0
mcp-Google_Drive-read_file_content-1790081135469.txt,WMCHealth #25029,WMCHealth #25029,25029,impression,2022-04-12,2022-07-09,SM - B2B KW,27235.0,81706.0,3.0
mcp-Google_Drive-read_file_content-1790081147408.txt,ARC of Washington County,ARC of Washington County,,impression,2026-01-12,2026-12-31,IG Premium,40000.0,480000.0,5.0
mcp-Google_Drive-read_file_content-1790081147408.txt,ETC Services,ETC Services,,impression,2026-07-08,2026-09-30,Weather Trigger MC Condition,33333.0,99999.0,3.5
mcp-Google_Drive-read_file_content-1790081147408.txt,ETC Services,ETC Services,,impression,2026-07-08,2026-09-30,Weather Trigger MC Alert,33333.0,99999.0,3.5
mcp-Google_Drive-read_file_content-1790081147408.txt,ETC Services,ETC Services,,impression,2026-07-08,2026-09-30,Weather Trigger MC Forecast,33334.0,100002.0,3.5
mcp-Google_Drive-read_file_content-1790081147408.txt,ETC Services,ETC Services,,impression,2026-09-17,2026-12-15,Meta Lead Retargeting,1750.0,5250.0,12.0
mcp-Google_Drive-read_file_content-1790081147408.txt,ETC Services,ETC Services,,impression,2026-09-17,2026-12-15,Meta Lead Categories,17000.0,51000.0,12.0
mcp-Google_Drive-read_file_content-1790081147408.txt,ETC Services PMax and Meta,ETC Services PMax and Meta,,event,2026-09-17,2026-12-15,PMAX,1500.0,4500.0,1125.0
mcp-Google_Drive-read_file_content-1790081147408.txt,Frederick Air,Frederick Air,,impression,2026-07-02,2026-07-31,Weather Trigger MC Condition,75000.0,75000.0,3.5
mcp-Google_Drive-read_file_content-1790081147408.txt,Frederick Air,Frederick Air,,impression,2026-07-02,2026-07-31,Weather Trigger MC Temp,74000.0,74000.0,3.5
mcp-Google_Drive-read_file_content-1790081147408.txt,Frederick Air,Frederick Air,,impression,2026-07-02,2026-07-31,Retargeting MC,1000.0,1000.0,3.5
mcp-Google_Drive-read_file_content-1790081147408.txt,Frederick Keys 2026,Frederick Keys 2026,,impression,2026-04-03,2026-05-31,SM Keyword,111111.0,222222.0,3.0
mcp-Google_Drive-read_file_content-1790081147408.txt,Frederick Keys 2026,Frederick Keys 2026,,impression,2026-04-03,2026-05-31,SM Behavioral,111111.0,222222.0,3.0
mcp-Google_Drive-read_file_content-1790081147408.txt,Frederick Keys 2026,Frederick Keys 2026,,impression,2026-04-03,2026-05-31,SM AI,111111.0,222222.0,3.0
mcp-Google_Drive-read_file_content-1790081147408.txt,IBEW Local 24,IBEW Local 24,,impression,2025-02-26,2026-02-28,B2B Behavioral Display,43333.0,519996.0,2.0
mcp-Google_Drive-read_file_content-1790081147408.txt,Just Lookin' Gallery,Just Lookin' Gallery,,impression,2026-07-06,2026-09-30,Retargeting Native,10000.0,30000.0,2.5
mcp-Google_Drive-read_file_content-1790081147408.txt,Just Lookin' Gallery,Just Lookin' Gallery,,impression,2026-07-06,2026-09-30,Behavioral Native,90000.0,270000.0,2.5
mcp-Google_Drive-read_file_content-1790081147408.txt,Lindquist Insurance 2026,Lindquist Insurance 2026,,impression,2026-01-21,2026-12-31,Native Behavioral,50000.0,550000.0,2.5
mcp-Google_Drive-read_file_content-1790081147408.txt,Lindquist Insurance 2026,Lindquist Insurance 2026,,impression,2026-01-21,2026-12-31,Native AI,50000.0,550000.0,2.5
mcp-Google_Drive-read_file_content-1790081147408.txt,Minuteman Press,Minuteman Press,,impression,2026-06-09,2026-12-31,Native Behavioral B2B,45000.0,270000.0,3.0
mcp-Google_Drive-read_file_content-1790081147408.txt,Minuteman Press,Minuteman Press,,impression,2026-06-09,2026-12-31,Native AI,45000.0,270000.0,2.5
mcp-Google_Drive-read_file_content-1790081147408.txt,Minuteman Press,Minuteman Press,,impression,2026-06-09,2026-12-31,Native Keyword,35000.0,210000.0,2.5
mcp-Google_Drive-read_file_content-1790081147408.txt,New York New York Hair Salon & Day Spa,New York New York Hair Salon & Day Spa,,impression,2026-04-08,2026-05-31,Retargeting SM,7647.0,15294.0,3.0
mcp-Google_Drive-read_file_content-1790081147408.txt,New York New York Hair Salon & Day Spa,New York New York Hair Salon & Day Spa,,impression,2026-04-08,2026-05-31,Keyword SM,36667.0,73334.0,3.0
mcp-Google_Drive-read_file_content-1790081147408.txt,New York New York Hair Salon & Day Spa,New York New York Hair Salon & Day Spa,,impression,2026-04-08,2026-05-31,Behavioral SM,36667.0,73334.0,3.0
mcp-Google_Drive-read_file_content-1790081147408.txt,New York New York Hair Salon & Day Spa,New York New York Hair Salon & Day Spa,,impression,2026-04-08,2026-05-31,AI SM,36668.0,73336.0,3.0
mcp-Google_Drive-read_file_content-1790081147408.txt,"Pools, Patios and Porches","Pools, Patios and Porches",,impression,2026-04-01,2026-10-31,Retargeting SM,10000.0,70000.0,3.0
mcp-Google_Drive-read_file_content-1790081147408.txt,"Pools, Patios and Porches","Pools, Patios and Porches",,impression,2026-04-01,2026-10-31,Keyword SM,30000.0,210000.0,3.0
mcp-Google_Drive-read_file_content-1790081147408.txt,"Pools, Patios and Porches","Pools, Patios and Porches",,impression,2026-04-01,2026-10-31,Behavioral SM,30000.0,210000.0,3.0
mcp-Google_Drive-read_file_content-1790081147408.txt,"Pools, Patios and Porches","Pools, Patios and Porches",,impression,2026-04-01,2026-10-31,AI SM,30000.0,210000.0,3.0
mcp-Google_Drive-read_file_content-1790081147408.txt,St Johns Catholic Prep,St Johns Catholic Prep,,impression,2026-09-01,2026-12-31,Behavioral Targeting - SM,32000.0,128000.0,3.0
mcp-Google_Drive-read_file_content-1790081147408.txt,St Johns Catholic Prep,St Johns Catholic Prep,,impression,2026-09-01,2026-12-31,Content Targeting - SM,32000.0,128000.0,3.0
mcp-Google_Drive-read_file_content-1790081147408.txt,St Johns Catholic Prep,St Johns Catholic Prep,,impression,2026-09-01,2026-12-31,Keyword Targeting - SM,32000.0,128000.0,3.0
mcp-Google_Drive-read_file_content-1790081147408.txt,St Johns Catholic Prep,St Johns Catholic Prep,,impression,2026-09-01,2026-12-31,Website Retargeting - SM,4000.0,16000.0,3.0
mcp-Google_Drive-read_file_content-1790081147408.txt,Transit of Frederick,Transit of Frederick,,impression,2026-06-29,2026-07-31,Keyword SM,66667.0,66667.0,3.0
mcp-Google_Drive-read_file_content-1790081147408.txt,Transit of Frederick,Transit of Frederick,,impression,2026-06-29,2026-07-31,AI SM,66666.0,66666.0,3.0
mcp-Google_Drive-read_file_content-1790081147408.txt,Visit Hagerstown 2026,Visit Hagerstown 2026,,impression,2026-04-03,2026-12-31,CTV Behavioral,40000.0,360000.0,12.0
mcp-Google_Drive-read_file_content-1790081147408.txt,Visit Hagerstown 2026,Visit Hagerstown 2026,,impression,2026-04-03,2026-12-31,CTV AI,40000.0,360000.0,12.0
mcp-Google_Drive-read_file_content-1790081147408.txt,Visit Hagerstown 2026,Visit Hagerstown 2026,,impression,2026-04-03,2026-12-31,CTV Retargeting,17222.0,154998.0,12.0
mcp-Google_Drive-read_file_content-1790081147408.txt,Washington County Health Department,Washington County Health Department,,impression,2026-09-16,2026-09-30,YouTube+ Categories,37500.0,37500.0,5.0
mcp-Google_Drive-read_file_content-1790081147408.txt,Washington County Health Department,Washington County Health Department,,impression,2026-09-16,2026-09-30,IG Premium,60000.0,60000.0,3.5
mcp-Google_Drive-read_file_content-1790081147408.txt,Washington County Health Department,Washington County Health Department,,impression,2026-09-14,2026-09-29,Retargeting Display,10000.0,10000.0,2.5
mcp-Google_Drive-read_file_content-1790081147408.txt,Washington County Health Department,Washington County Health Department,,impression,2026-09-14,2026-09-29,Content Display,70000.0,70000.0,2.5
mcp-Google_Drive-read_file_content-1790081147408.txt,Washington County Health Department,Washington County Health Department,,impression,2026-09-14,2026-09-29,AI Display,70000.0,70000.0,2.5
mcp-Google_Drive-read_file_content-1790081147408.txt,Xecunet,Xecunet,,impression,2026-03-16,2026-09-30,B2B Behavioral Social Mirror,29412.0,205884.0,3.5
mcp-Google_Drive-read_file_content-1790081147408.txt,Xecunet,Xecunet,,impression,2026-03-16,2026-09-30,AI Social Mirror,29411.0,205877.0,3.0
mcp-Google_Drive-read_file_content-1790081147408.txt,Alpha Roofing #52912,Alpha Roofing #52912,52912,impression,2026-05-11,2027-04-30,FB/IG Premium,50000.0,600000.0,5.0
mcp-Google_Drive-read_file_content-1790081147408.txt,Alpha Roofing,Alpha Roofing,,event,2026-05-13,2027-04-30,PMAX,2000.0,24000.0,6000.0
mcp-Google_Drive-read_file_content-1790081147408.txt,Clinton Parkway Nursery & Garden Store,Clinton Parkway Nursery & Garden Store,,impression,2026-08-25,2026-10-31,FB/IG Premium,60000.0,180000.0,3.5
mcp-Google_Drive-read_file_content-1790081147408.txt,Clinton Parkway Nursery & Garden Store,Clinton Parkway Nursery & Garden Store,,impression,2026-08-25,2026-10-31,FBIG Premium Retargeting,,,
mcp-Google_Drive-read_file_content-1790081147408.txt,Justin Moravec - American Family Insurance,Justin Moravec,,impression,2026-04-17,2026-09-30,FB/IG Premium,60000.0,360000.0,3.5
mcp-Google_Drive-read_file_content-1790081147408.txt,Meadowbrook Apartments - Lawrence,Meadowbrook Apartments,,event,2026-06-19,2026-10-15,PMAX - Apartments/Residential Properties/Retargeting,1500.0,6000.0,1500.0
mcp-Google_Drive-read_file_content-1790081147408.txt,Visiting Nurses,Visiting Nurses,,impression,2026-03-01,2026-12-31,FB/IG Premium,25000.0,250000.0,5.0
mcp-Google_Drive-read_file_content-1790081147408.txt,Younger You #49187,Younger You #49187,49187,impression,2025-12-15,2026-03-10,SM - Retargeting,10000.0,20000.0,3.0
mcp-Google_Drive-read_file_content-1790081147408.txt,Goodwill - Upper Michigan/Wisconsin,Goodwill,,impression,2026-01-05,2026-12-31,SM OTT - Retargeting,1000.0,12000.0,14.0
mcp-Google_Drive-read_file_content-1790081147408.txt,Higher Love #46400,Higher Love #46400,46400,impression,2025-09-15,2026-09-14,SM - Retargeting,10000.0,120000.0,1.75
mcp-Google_Drive-read_file_content-1790081147408.txt,Higher Love #46400,Higher Love #46400,46400,impression,2026-09-14,2026-12-31,SM - Retargeting,10000.0,30000.0,1.75
mcp-Google_Drive-read_file_content-1790081147408.txt,Higher Love #46400,Higher Love #46400,46400,impression,2026-09-14,2026-12-31,SM - Behavioral,36363.0,109089.0,1.75
mcp-Google_Drive-read_file_content-1790081147408.txt,Higher Love #46400,Higher Love #46400,46400,impression,2026-09-14,2026-12-31,SM - Geo-Fencing,30000.0,90000.0,1.75
mcp-Google_Drive-read_file_content-1790081147408.txt,Higher Love #46400,Higher Love #46400,46400,impression,2026-09-14,2026-12-31,SM - Geo-Retargeting,30000.0,90000.0,1.75
mcp-Google_Drive-read_file_content-1790081147408.txt,Higher Love #46400,Higher Love #46400,46400,impression,2026-09-14,2026-12-31,SM - Keyword,30000.0,90000.0,1.75
mcp-Google_Drive-read_file_content-1790081147408.txt,NORTH - WRS - Western Ranch Supply #50750,NORTH,50750,impression,2026-01-15,2026-02-17,FB/IG Retargeting,5000.0,5000.0,3.5
mcp-Google_Drive-read_file_content-1790081147408.txt,NORTH - WRS - Western Ranch Supply #50750,NORTH,50750,impression,2026-01-15,2026-02-17,FB/IG Premium Categories - F/25+/Farmer,35000.0,35000.0,3.5
mcp-Google_Drive-read_file_content-1790081147408.txt,Hong Kong Harry's Fireworks 130161,Hong Kong Harry's Fireworks 130161,,impression,2026-06-24,2026-07-05,DIS - Behavioral,25000.0,25000.0,2.5
mcp-Google_Drive-read_file_content-1790081147408.txt,Hong Kong Harry's Fireworks 130161,Hong Kong Harry's Fireworks 130161,,impression,2026-06-24,2026-07-05,DIS - Keywords,25000.0,25000.0,2.5
mcp-Google_Drive-read_file_content-1790081147408.txt,Hong Kong Harry's Fireworks 130161,Hong Kong Harry's Fireworks 130161,,impression,2026-06-24,2026-07-05,DIS - Ai Targeting,25000.0,25000.0,2.5
mcp-Google_Drive-read_file_content-1790081147408.txt,Hong Kong Harry's Fireworks 130161,Hong Kong Harry's Fireworks 130161,,impression,2026-06-24,2026-07-05,DIS - Geofencing,25000.0,25000.0,2.5
mcp-Google_Drive-read_file_content-1790081147408.txt,Hong Kong Harry's Fireworks 130161,Hong Kong Harry's Fireworks 130161,,impression,2026-06-24,2026-07-05,DIS - Geo-Retargeting,16666.0,16666.0,2.5
mcp-Google_Drive-read_file_content-1790081147408.txt,NORTH - Beyond the Weather - MT Community Foundation #51909,NORTH,51909,impression,2026-02-26,2026-08-29,CTV Retargeting,3704.0,22222.0,12.0
mcp-Google_Drive-read_file_content-1790081147408.txt,NORTH - Beyond the Weather - MT Community Foundation #51909,NORTH,51909,impression,2026-02-26,2026-08-29,CTV Custom Audience Matching,3704.0,22222.0,12.0
mcp-Google_Drive-read_file_content-1790081147408.txt,NORTH - Beyond the Weather - MT Community Foundation #51909,NORTH,51909,impression,2026-02-26,2026-08-29,CTV Custom Audience Matching Lookalike,3704.0,22222.0,12.0
mcp-Google_Drive-read_file_content-1790081147408.txt,NORTH - WRS - Western Ranch Supply #50750,NORTH,50750,impression,2026-01-15,2026-02-17,FB/IG Retargeting,5000.0,5000.0,3.5
mcp-Google_Drive-read_file_content-1790081147408.txt,NORTH - WRS - Western Ranch Supply #50750,NORTH,50750,impression,2026-01-15,2026-02-17,FB/IG Premium Categories - F/25+/Farmer,35000.0,35000.0,3.5
mcp-Google_Drive-read_file_content-1790081147408.txt,"Montana Fish, Wildlife & Parks","Montana Fish, Wildlife & Parks",,impression,2026-09-15,2026-12-15,SM - Behavioral,33334.0,100002.0,3.0
mcp-Google_Drive-read_file_content-1790081147408.txt,"Montana Fish, Wildlife & Parks","Montana Fish, Wildlife & Parks",,impression,2026-09-15,2026-12-15,SM - Content,33333.0,99999.0,3.0
mcp-Google_Drive-read_file_content-1790081147408.txt,"Montana Fish, Wildlife & Parks","Montana Fish, Wildlife & Parks",,impression,2026-09-15,2026-12-15,SM - Keyword,33333.0,99999.0,3.0
mcp-Google_Drive-read_file_content-1790081147408.txt,NORTH - WRS - Western Ranch Supply #50750,NORTH,50750,impression,2026-01-15,2026-02-17,FB/IG Retargeting,5000.0,5000.0,3.5
mcp-Google_Drive-read_file_content-1790081147408.txt,NORTH - WRS - Western Ranch Supply #50750,NORTH,50750,impression,2026-01-15,2026-02-17,FB/IG Premium Categories - F/25+/Farmer,35000.0,35000.0,3.5
mcp-Google_Drive-read_file_content-1790081147408.txt,NORTH - WRS - Western Ranch Supply #50750,NORTH,50750,impression,2026-01-15,2026-02-17,FB/IG Retargeting,5000.0,5000.0,3.5
mcp-Google_Drive-read_file_content-1790081147408.txt,NORTH - WRS - Western Ranch Supply #50750,NORTH,50750,impression,2026-01-15,2026-02-17,FB/IG Premium Categories - F/25+/Farmer,35000.0,35000.0,3.5
mcp-Google_Drive-read_file_content-1790081147408.txt,Reach Higher #55918,Reach Higher #55918,55918,impression,2026-09-02,2026-09-30,SM - Keyword,94117.0,94117.0,3.0
mcp-Google_Drive-read_file_content-1790081147408.txt,Reach Higher #55918,Reach Higher #55918,55918,impression,2026-09-02,2026-09-30,SM - Behavioral,100000.0,100000.0,3.0
mcp-Google_Drive-read_file_content-1790081147408.txt,Reach Higher #55918,Reach Higher #55918,55918,impression,2026-09-02,2026-09-30,SM - Content,100000.0,100000.0,3.0
mcp-Google_Drive-read_file_content-1790081147408.txt,NORTH - WRS - Western Ranch Supply #50750,NORTH,50750,impression,2026-01-15,2026-02-17,FB/IG Retargeting,5000.0,5000.0,3.5
mcp-Google_Drive-read_file_content-1790081147408.txt,Enviro Pest Control - NYS Housing Event #27709,Enviro Pest Control,27709,impression,2022-10-05,2023-02-28,MC - Event Geo-Fencing,190.0,190.0,8.0
mcp-Google_Drive-read_file_content-1790081147408.txt,Enviro Pest Control - NYS Housing Event #27709,Enviro Pest Control,27709,impression,2022-10-05,2023-02-28,MC - Event Geo-Retargeting,24810.0,24810.0,5.0
mcp-Google_Drive-read_file_content-1790081147408.txt,Enviro Pest Control - NYS Housing Event #27709,Enviro Pest Control,27709,impression,2022-10-05,2023-02-28,MC - Event Geo-Fencing,190.0,190.0,8.0
mcp-Google_Drive-read_file_content-1790081147408.txt,Enviro Pest Control - NYS Housing Event #27709,Enviro Pest Control,27709,impression,2022-10-05,2023-02-28,MC - Event Geo-Fencing,190.0,190.0,8.0
mcp-Google_Drive-read_file_content-1790081147408.txt,Enviro Pest Control - NYS Housing Event #27709,Enviro Pest Control,27709,impression,2022-10-05,2023-02-28,MC - Event Geo-Fencing,190.0,190.0,8.0
mcp-Google_Drive-read_file_content-1790081147408.txt,Enviro Pest Control - NYS Housing Event #27709,Enviro Pest Control,27709,impression,2022-10-05,2023-02-28,MC - Event Geo-Retargeting,24810.0,24810.0,5.0
mcp-Google_Drive-read_file_content-1790081147408.txt,Enviro Pest Control - NYS Housing Event #27709,Enviro Pest Control,27709,impression,2022-10-05,2023-02-28,MC - Event Geo-Fencing,190.0,190.0,8.0
mcp-Google_Drive-read_file_content-1790081147408.txt,Enviro Pest Control - NYS Housing Event #27709,Enviro Pest Control,27709,impression,2022-10-05,2023-02-28,MC - Event Geo-Retargeting,24810.0,24810.0,5.0
mcp-Google_Drive-read_file_content-1790081147408.txt,Enviro Pest Control - NYS Housing Event #27709,Enviro Pest Control,27709,impression,2022-10-05,2023-02-28,MC - Event Geo-Fencing,190.0,190.0,8.0
mcp-Google_Drive-read_file_content-1790081147408.txt,Enviro Pest Control - NYS Housing Event #27709,Enviro Pest Control,27709,impression,2022-10-05,2023-02-28,MC - Event Geo-Retargeting,24810.0,24810.0,5.0
mcp-Google_Drive-read_file_content-1790081147408.txt,National Liberty Museum #53786,National Liberty Museum #53786,53786,impression,2026-05-21,2026-10-10,SM - Retargeting,25000.0,125000.0,3.0
mcp-Google_Drive-read_file_content-1790081147408.txt,National Liberty Museum #53786,National Liberty Museum #53786,53786,impression,2026-05-21,2026-10-10,SM - Keyword,25000.0,125000.0,3.0
mcp-Google_Drive-read_file_content-1790081147408.txt,National Liberty Museum #53786,National Liberty Museum #53786,53786,impression,2026-05-21,2026-10-10,SM - Geo-Fencing,25000.0,125000.0,3.0
mcp-Google_Drive-read_file_content-1790081147408.txt,National Liberty Museum #53786,National Liberty Museum #53786,53786,impression,2026-05-21,2026-10-10,SM - Behavioral,25000.0,125000.0,3.0
mcp-Google_Drive-read_file_content-1790081147408.txt,The Philly Pops,The Philly Pops,,impression,2026-09-21,2026-10-18,SM - AI Targeting,30000.0,30000.0,3.0
mcp-Google_Drive-read_file_content-1790081147408.txt,The Philly Pops,The Philly Pops,,impression,2026-09-21,2026-10-18,SM - Behavioral Targeting,30000.0,30000.0,3.0
mcp-Google_Drive-read_file_content-1790081147408.txt,The Philly Pops,The Philly Pops,,impression,2026-09-21,2026-10-18,SM - Keyword Targeting,30000.0,30000.0,3.0
mcp-Google_Drive-read_file_content-1790081147408.txt,The Philly Pops,The Philly Pops,,impression,2026-09-21,2026-10-18,SM - Website Retargeting,10000.0,10000.0,3.0
mcp-Google_Drive-read_file_content-1790081147408.txt,KZNN Carousel - Amy #53494,KZNN Carousel,53494,impression,2026-04-01,2026-12-31,FB/IG - Categories,40000.0,360000.0,5.6
mcp-Google_Drive-read_file_content-1790081147408.txt,KZNN Carousel - Amy #53934,KZNN Carousel,53934,impression,2026-05-01,2026-12-31,FB/IG - Categories,40000.0,320000.0,3.5
mcp-Google_Drive-read_file_content-1790081147408.txt,Paul’s Furniture #36239,Paul’s Furniture #36239,36239,impression,2024-09-01,2025-08-31,OTT - Retargeting,27500.0,330000.0,12.0
mcp-Google_Drive-read_file_content-1790081147408.txt,Paul’s Furniture #36239,Paul’s Furniture #36239,36239,impression,2024-09-01,2025-08-31,OTT - Behavioral,10000.0,120000.0,12.0
mcp-Google_Drive-read_file_content-1790081147408.txt,Advanced Auto Wholesale #44285,Advanced Auto Wholesale #44285,44285,impression,2025-02-12,2025-07-31,MC Category,33333.0,200000.0,3.5
mcp-Google_Drive-read_file_content-1790081147408.txt,Advanced Auto Wholesale #44285,Advanced Auto Wholesale #44285,44285,impression,2025-02-12,2025-07-31,MC GF,33333.0,200000.0,3.5
mcp-Google_Drive-read_file_content-1790081147408.txt,Advanced Auto Wholesale #44285,Advanced Auto Wholesale #44285,44285,impression,2025-02-12,2025-07-31,MC Category,33333.0,200000.0,3.5
mcp-Google_Drive-read_file_content-1790081147408.txt,Advanced Auto Wholesale #44285,Advanced Auto Wholesale #44285,44285,impression,2025-02-12,2025-07-31,MC Category,33333.0,200000.0,3.5
mcp-Google_Drive-read_file_content-1790081147408.txt,Advanced Auto Wholesale #44285,Advanced Auto Wholesale #44285,44285,impression,2025-02-12,2025-07-31,MC GF,33333.0,200000.0,3.5
mcp-Google_Drive-read_file_content-1790081147408.txt,Apex HVAC #52923,Apex HVAC #52923,52923,event,2026-04-01,2026-09-30,pMAX,1500.0,9000.0,2250.0
mcp-Google_Drive-read_file_content-1790081147408.txt,Cascade Comfort Service Redding #50632,Cascade Comfort Service Redding #50632,50632,impression,2026-01-22,2026-12-31,D Retargeting,10000.0,110000.0,2.5
mcp-Google_Drive-read_file_content-1790081147408.txt,Cascade Comfort Service Redding #50632,Cascade Comfort Service Redding #50632,50632,impression,2026-01-22,2026-12-31,D Keyword,30000.0,330000.0,2.5
mcp-Google_Drive-read_file_content-1790081147408.txt,Hild Collision Center #30988,Hild Collision Center #30988,30988,impression,2023-07-01,2024-04-30,Native - Retargeting,10000.0,100000.0,2.0
mcp-Google_Drive-read_file_content-1790081147408.txt,Omega Mortgage  - Redding #55070,Omega Mortgage,55070,impression,2026-08-05,2027-07-31,Redding,,,
mcp-Google_Drive-read_file_content-1790081147408.txt,Omega Mortgage  - Redding #55070,Omega Mortgage,55070,impression,2026-08-05,2027-07-31,FB Category - 133430,48000.0,576000.0,3.5
mcp-Google_Drive-read_file_content-1790081147408.txt,Only 1 Benji #49939,Only 1 Benji #49939,49939,impression,2026-01-06,2026-12-31,FB Category,40000.0,480000.0,6.39
mcp-Google_Drive-read_file_content-1790081147408.txt,R & R Quality Meats and Seafood #40811,R & R Quality Meats and Seafood #40811,40811,impression,2026-01-08,2026-12-31,FB Category,100000.0,1200000.0,5.15
mcp-Google_Drive-read_file_content-1790081147408.txt,Redding Kia #55012,Redding Kia #55012,55012,impression,2026-08-14,2027-09-30,MC - Category,50000.0,700000.0,3.5
mcp-Google_Drive-read_file_content-1790081147408.txt,Redding Kia #55012,Redding Kia #55012,55012,impression,2026-08-14,2027-09-30,MC - Geo-Fencing,50000.0,700000.0,3.5
mcp-Google_Drive-read_file_content-1790081147408.txt,Relief Services - Social Mirror,Relief Services,,impression,2026-09-15,2027-08-31,136878,,,
mcp-Google_Drive-read_file_content-1790081147408.txt,Relief Services - Social Mirror,Relief Services,,impression,2026-09-15,2027-08-31,B2B Behavioral,30000.0,360000.0,3.5
mcp-Google_Drive-read_file_content-1790081147408.txt,West Coast Monster Truck Nationals #55904,West Coast Monster Truck Nationals #55904,55904,impression,2026-09-15,2026-10-05,CTV Behavioral,22222.0,22222.0,12.0
mcp-Google_Drive-read_file_content-1790081147408.txt,A-1 Appliance #52201,A-1 Appliance #52201,52201,impression,2026-02-11,2026-11-30,D - AI,73000.0,730000.0,2.5
mcp-Google_Drive-read_file_content-1790081147408.txt,A-1 Appliance #52201,A-1 Appliance #52201,52201,impression,2026-02-11,2026-11-30,D - Behavioral,73000.0,730000.0,2.5
mcp-Google_Drive-read_file_content-1790081147408.txt,SUTTER-YUBA MOSQUITO & VECTOR CONTROL DISTRICT #52834,SUTTER-YUBA MOSQUITO & VECTOR CONTROL DISTRICT #52834,52834,impression,2026-07-01,2026-09-30,CTV Behavioral,33334.0,100002.0,12.0
mcp-Google_Drive-read_file_content-1790081147408.txt,SUTTER-YUBA MOSQUITO & VECTOR CONTROL DISTRICT #52834,SUTTER-YUBA MOSQUITO & VECTOR CONTROL DISTRICT #52834,52834,impression,2026-07-01,2026-09-30,Video Behavioral,33333.0,99999.0,6.0
mcp-Google_Drive-read_file_content-1790081147408.txt,Viveo Aesthetics #54990,Viveo Aesthetics #54990,54990,impression,2026-08-12,2027-07-31,FB - Behavioral,55000.0,660000.0,3.5
mcp-Google_Drive-read_file_content-1790081147408.txt,Slack Davis Sanger,Slack Davis Sanger,,impression,2025-01-30,2025-03-03,MC Category,50000.0,50000.0,3.5
mcp-Google_Drive-read_file_content-1790081147408.txt,Slack Davis Sanger,Slack Davis Sanger,,impression,2025-01-30,2025-03-03,MC GF,50000.0,50000.0,3.5
mcp-Google_Drive-read_file_content-1790081147408.txt,Slack Davis Sanger,Slack Davis Sanger,,impression,2025-01-30,2025-03-03,MC GR,50000.0,50000.0,3.5
mcp-Google_Drive-read_file_content-1790081147408.txt,Slack Davis Sanger,Slack Davis Sanger,,impression,2025-01-30,2025-03-03,MC Site Retargeting,50000.0,50000.0,3.5
mcp-Google_Drive-read_file_content-1790081147408.txt,Big Bear Oktoberfest #56186,Big Bear Oktoberfest #56186,56186,impression,2026-09-14,2026-11-06,FB/IG - Retargeting,6000.0,12000.0,5.0
mcp-Google_Drive-read_file_content-1790081147408.txt,Big Bear Oktoberfest #56186,Big Bear Oktoberfest #56186,56186,impression,2026-09-14,2026-11-06,FB/IG - Premium,70000.0,140000.0,5.0
mcp-Google_Drive-read_file_content-1790081147408.txt,Europa Village #55731,Europa Village #55731,55731,impression,2026-08-24,2026-09-19,Audio - AI,23077.0,23077.0,13.0
mcp-Google_Drive-read_file_content-1790081147408.txt,Europa Village #55731,Europa Village #55731,55731,impression,2026-08-24,2026-09-19,Audio - Behavioral,23077.0,23077.0,13.0
mcp-Google_Drive-read_file_content-1790081147408.txt,Happy Dog Resort #55352,Happy Dog Resort #55352,55352,event,2026-08-03,2026-10-31,PMAX - Search/Category/Retargeting,1500.0,4500.0,1125.0
mcp-Google_Drive-read_file_content-1790081147408.txt,Happy Dog Resort #55352,Happy Dog Resort #55352,55352,impression,2026-08-05,2026-10-31,SM - Behavioral,10870.0,32609.0,3.0
mcp-Google_Drive-read_file_content-1790081147408.txt,Happy Dog Resort #55352,Happy Dog Resort #55352,55352,impression,2026-08-05,2026-10-31,SM - Retargeting,10870.0,32609.0,3.0
mcp-Google_Drive-read_file_content-1790081147408.txt,Happy Dog Resort #55352,Happy Dog Resort #55352,55352,impression,2026-08-05,2026-10-31,SM - Geo-Fencing,10870.0,32609.0,3.0
mcp-Google_Drive-read_file_content-1790081147408.txt,Happy Dog Resort #55352,Happy Dog Resort #55352,55352,impression,2026-08-05,2026-10-31,SM - Geo-Retargeting,10870.0,32609.0,3.0
mcp-Google_Drive-read_file_content-1790081147408.txt,Happy Dog Resort #55352,Happy Dog Resort #55352,55352,impression,2026-08-05,2026-10-31,SM - Lookalike,10870.0,32609.0,3.0
mcp-Google_Drive-read_file_content-1790081147408.txt,Happy Dog Resort #55352,Happy Dog Resort #55352,55352,impression,2026-08-05,2026-10-31,SM - Matching,10870.0,32609.0,3.0
mcp-Google_Drive-read_file_content-1790081147408.txt,SMS SB - HonorBright Heating and Air #55410,SMS SB,55410,event,2026-08-06,2026-10-31,PMAX - Search/Category/Retargeting,1500.0,4500.0,1125.0
mcp-Google_Drive-read_file_content-1790081147408.txt,Koroneburg Ren Fest #55985,Koroneburg Ren Fest #55985,55985,impression,2026-09-12,2026-11-08,MC - Category,33333.0,66667.0,3.5
mcp-Google_Drive-read_file_content-1790081147408.txt,Koroneburg Ren Fest #55985,Koroneburg Ren Fest #55985,55985,impression,2026-09-12,2026-11-08,MC - Retargeting,33333.0,66667.0,3.5
mcp-Google_Drive-read_file_content-1790081147408.txt,Koroneburg Ren Fest #55985,Koroneburg Ren Fest #55985,55985,impression,2026-09-12,2026-11-08,MC - Geo-Fencing,33333.0,66667.0,3.5
mcp-Google_Drive-read_file_content-1790081147408.txt,Loma Linda University- Health: Brand #26351,Loma Linda University- Health: Brand #26351,26351,impression,2022-07-11,2023-06-30,Amazon - Display Behavioral Targeting,80000.0,960000.0,5.0
mcp-Google_Drive-read_file_content-1790081147408.txt,Loma Linda University- Health: Brand #26351,Loma Linda University- Health: Brand #26351,26351,impression,2022-07-11,2023-06-30,Amazon - Display Product Targeting,10000.0,120000.0,5.0
mcp-Google_Drive-read_file_content-1790081147408.txt,Loma Linda University Display #55497,Loma Linda University Display #55497,55497,impression,2026-08-01,2027-06-30,Amazon - Display Behavioral Targeting,50000.0,550000.0,2.5
mcp-Google_Drive-read_file_content-1790081147408.txt,Loma Linda University Display #55497,Loma Linda University Display #55497,55497,impression,2026-08-01,2027-06-30,Amazon - Display Product Targeting,50000.0,550000.0,2.5
mcp-Google_Drive-read_file_content-1790081147408.txt,Loma Linda University- Health: Childrens #27865,Loma Linda University- Health: Childrens #27865,27865,impression,2022-10-06,2023-06-30,Amazon - Display Behavioral Targeting,60000.0,540000.0,5.0
mcp-Google_Drive-read_file_content-1790081147408.txt,Loma Linda University- Health: Childrens #27865,Loma Linda University- Health: Childrens #27865,27865,impression,2022-10-06,2023-06-30,Amazon - Display Product Targeting,20000.0,180000.0,5.0
mcp-Google_Drive-read_file_content-1790081147408.txt,Loma Linda University - Video #55498,Loma Linda University,55498,impression,2026-08-01,2027-06-30,Amazon - Display Behavioral Targeting,16667.0,183332.0,6.0
mcp-Google_Drive-read_file_content-1790081147408.txt,Loma Linda University - Video #55498,Loma Linda University,55498,impression,2026-08-01,2027-06-30,Amazon - Display Product Targeting,16667.0,183332.0,6.0
mcp-Google_Drive-read_file_content-1790081147408.txt,Riverside Downtown Partnership. #55847,Riverside Downtown Partnership. #55847,55847,impression,2026-09-10,2026-09-25,FB/IG - Premium,41667.0,41667.0,5.0
mcp-Google_Drive-read_file_content-1790081147408.txt,Riverside Downtown Partnership. #55847,Riverside Downtown Partnership. #55847,55847,impression,2026-09-10,2026-09-25,FB/IG - Retargeting,41667.0,41667.0,5.0
mcp-Google_Drive-read_file_content-1790081147408.txt,SAC Health #55996,SAC Health #55996,55996,impression,2026-09-01,2027-01-31,YT - Category,43000.0,215000.0,5.0
mcp-Google_Drive-read_file_content-1790081147408.txt,SAC Health #55996,SAC Health #55996,55996,impression,2026-09-01,2027-01-31,YT - Retargeting,5000.0,25000.0,5.0
mcp-Google_Drive-read_file_content-1790081147408.txt,The Magnolia #55736,The Magnolia #55736,55736,impression,2026-09-01,2027-02-28,FB/IG - Retargeting,5000.0,30000.0,5.0
mcp-Google_Drive-read_file_content-1790081147408.txt,The Magnolia #55736,The Magnolia #55736,55736,impression,2026-09-01,2027-02-28,FB/IG - Premium,55000.0,330000.0,5.0
mcp-Google_Drive-read_file_content-1790081147408.txt,We Rock The Spectrum #55496,We Rock The Spectrum #55496,55496,impression,2026-08-04,2027-01-31,SM - AI,13043.0,78260.0,3.0
mcp-Google_Drive-read_file_content-1790081147408.txt,We Rock The Spectrum #55496,We Rock The Spectrum #55496,55496,impression,2026-08-04,2027-01-31,SM - Geo-Fencing,13043.0,78260.0,3.0
mcp-Google_Drive-read_file_content-1790081147408.txt,We Rock The Spectrum #55496,We Rock The Spectrum #55496,55496,impression,2026-08-04,2027-01-31,SM - Geo-Retargeting,13043.0,78260.0,3.0
mcp-Google_Drive-read_file_content-1790081147408.txt,We Rock The Spectrum #55496,We Rock The Spectrum #55496,55496,impression,2026-08-04,2027-01-31,SM - Retargeting,13043.0,78260.0,3.0
mcp-Google_Drive-read_file_content-1790081147408.txt,We Rock The Spectrum #55496,We Rock The Spectrum #55496,55496,impression,2026-08-04,2027-01-31,SM - Lookalike,13043.0,78260.0,3.0
mcp-Google_Drive-read_file_content-1790081147408.txt,SM KNOX - Bailey Heating & Air #33892,SM KNOX,33892,impression,2024-03-04,2024-12-31,FB/IG Lead Categories,25000.0,250000.0,5.0
mcp-Google_Drive-read_file_content-1790081147408.txt,SM KNOX - Junction 35 Spirits #36348,SM KNOX,36348,impression,2024-03-04,2024-12-31,SM Retargeting,82353.0,823525.0,3.0
mcp-Google_Drive-read_file_content-1790081147408.txt,SM KNOX - Junction 35 Spirits #36348,SM KNOX,36348,impression,2024-03-04,2024-12-31,SM Behavioral,82353.0,823525.0,3.0
mcp-Google_Drive-read_file_content-1790081147408.txt,SM KNOX - Knoxville Plasma #40608,SM KNOX,40608,impression,2024-08-16,2025-01-31,SM Retargeting,33333.0,200000.0,2.0
mcp-Google_Drive-read_file_content-1790081147408.txt,SM KNOX - Knoxville Plasma #40608,SM KNOX,40608,impression,2024-08-16,2025-01-31,SM Keyword,33333.0,200000.0,2.0
mcp-Google_Drive-read_file_content-1790081147408.txt,SM KNOX - Knoxville Plasma #40608,SM KNOX,40608,impression,2024-08-16,2025-01-31,SM GF,33333.0,200000.0,2.0
mcp-Google_Drive-read_file_content-1790081147408.txt,SM KNOX - Knoxville Plasma #40608,SM KNOX,40608,impression,2024-08-16,2025-01-31,SM Behavioral,33333.0,200000.0,2.0
mcp-Google_Drive-read_file_content-1790081147408.txt,SM KNOX - Life Care Center of Blount County #33809,SM KNOX,33809,impression,2023-08-28,2023-09-30,SM Keyword,29412.0,29412.0,2.0
mcp-Google_Drive-read_file_content-1790081147408.txt,SM KNOX - Life Care Center of Blount County #33809,SM KNOX,33809,impression,2023-08-28,2023-09-30,SM Behavioral,29412.0,29412.0,2.0
mcp-Google_Drive-read_file_content-1790081147408.txt,SM KNOX - Life Care Center of Blount County #33809,SM KNOX,33809,impression,2023-08-28,2023-09-30,SM AI,29412.0,29412.0,2.0
mcp-Google_Drive-read_file_content-1790081147408.txt,SM KNOX - Lodge Cast Iron Factory Store-Sevierville/Pigeon Forge #40465,SM KNOX,40465,impression,2024-09-09,2025-01-31,MC Categories,25000.0,125000.0,3.5
mcp-Google_Drive-read_file_content-1790081147408.txt,SM KNOX - Lodge Cast Iron Factory Store-Sevierville/Pigeon Forge #40465,SM KNOX,40465,impression,2024-09-09,2025-01-31,MC GF,25000.0,125000.0,3.5
mcp-Google_Drive-read_file_content-1790081147408.txt,SM KNOX - Lodge Cast Iron Factory Store-Sevierville/Pigeon Forge #40465,SM KNOX,40465,impression,2024-09-09,2025-01-31,MC GR,25000.0,125000.0,3.5
mcp-Google_Drive-read_file_content-1790081147408.txt,SM KNOX - Lodge Cast Iron Factory Store-Sevierville/Pigeon Forge #40465,SM KNOX,40465,impression,2024-09-09,2025-01-31,MC Site Retargeting,25000.0,125000.0,3.5
mcp-Google_Drive-read_file_content-1790081147408.txt,SM KNOX - Tennessee Valley Oral Surgery #38144,SM KNOX,38144,impression,2024-04-04,2024-12-31,SM Retargeting,33333.0,300000.06,2.0
mcp-Google_Drive-read_file_content-1790081147408.txt,SM KNOX - Tennessee Valley Oral Surgery #38144,SM KNOX,38144,impression,2024-04-04,2024-12-31,SM Keyword,33333.0,300000.06,2.0
mcp-Google_Drive-read_file_content-1790081147408.txt,SM KNOX - Tennessee Valley Oral Surgery #38144,SM KNOX,38144,impression,2024-04-04,2024-12-31,SM Behavioral,33333.0,300000.06,2.0
mcp-Google_Drive-read_file_content-1790081147408.txt,SM KNOX - The Greystone Lodge On The River #39522,SM KNOX,39522,impression,2024-07-12,2024-12-31,SM Retargeting,83333.0,499999.5,2.0
mcp-Google_Drive-read_file_content-1790081147408.txt,SM KNOX - The Greystone Lodge On The River #39522,SM KNOX,39522,impression,2024-07-12,2024-12-31,SM Keyword,83333.0,499999.5,2.0
mcp-Google_Drive-read_file_content-1790081147408.txt,SM KNOX - The Greystone Lodge On The River #39522,SM KNOX,39522,impression,2024-07-12,2024-12-31,SM Behavioral,83333.0,499999.5,2.0
mcp-Google_Drive-read_file_content-1790081147408.txt,SM KNOX - The Greystone Lodge On The River #39522,SM KNOX,39522,impression,2024-07-12,2024-12-31,SM AI,83333.0,499999.5,2.0
mcp-Google_Drive-read_file_content-1790081147408.txt,SM KNOX - The Medicine Shoppe of Somerset #35692,SM KNOX,35692,impression,2024-01-01,2024-12-31,SM Retargeting,19608.0,235292.0,3.0
mcp-Google_Drive-read_file_content-1790081147408.txt,SM KNOX - Total Recovery Medical Center #38654,SM KNOX,38654,impression,2024-06-25,2024-12-31,SM Retargeting,33333.0,233333.33,2.0
mcp-Google_Drive-read_file_content-1790081147408.txt,SM KNOX - Total Recovery Medical Center #38654,SM KNOX,38654,impression,2024-06-25,2024-12-31,SM Keyword,33333.0,233333.33,2.0
mcp-Google_Drive-read_file_content-1790081147408.txt,SM KNOX - Total Recovery Medical Center #38654,SM KNOX,38654,impression,2024-06-25,2024-12-31,SM Behavioral,33333.0,233333.33,2.0
mcp-Google_Drive-read_file_content-1790081147408.txt,SM LOU - Best Deal Dumpster #37434,SM LOU,37434,impression,2024-03-18,2024-12-31,SM Retargeting,33333.0,333333.0,2.0
mcp-Google_Drive-read_file_content-1790081147408.txt,SM LOU - Best Deal Dumpster #37434,SM LOU,37434,impression,2024-03-18,2024-12-31,SM KW,33333.0,333333.0,2.0
mcp-Google_Drive-read_file_content-1790081147408.txt,SM LOU - Danger Run #40519,SM LOU,40519,impression,2024-09-07,2024-10-17,SM Retargeting - 89628,14706.0,29412.0,2.0
mcp-Google_Drive-read_file_content-1790081147408.txt,SM LOU - Danger Run #40519,SM LOU,40519,impression,2024-09-07,2024-10-17,SM GF - 89628,14706.0,29412.0,2.0
mcp-Google_Drive-read_file_content-1790081147408.txt,SM LOU - Danger Run #40519,SM LOU,40519,impression,2024-09-07,2024-10-17,SM GR - 89628,14706.0,29412.0,2.0
mcp-Google_Drive-read_file_content-1790081147408.txt,SM LOU - Danger Run #40519,SM LOU,40519,impression,2024-09-07,2024-10-17,SM Behavioral - 89628,14706.0,29412.0,2.0
mcp-Google_Drive-read_file_content-1790081147408.txt,SM LOU - Icon Golf Carts of Louisville #39530,SM LOU,39530,impression,2024-06-28,2024-08-31,FB Retargeting,20000.0,40000.0,5.0
mcp-Google_Drive-read_file_content-1790081147408.txt,SM LOU - Icon Golf Carts of Louisville #39530,SM LOU,39530,impression,2024-06-28,2024-08-31,FB Premium,20000.0,40000.0,5.0
mcp-Google_Drive-read_file_content-1790081147408.txt,SM LOU - Infinity Care Plus #40053,SM LOU,40053,impression,2024-08-06,2024-10-24,SM Retargeting,33333.0,100000.0,2.0
mcp-Google_Drive-read_file_content-1790081147408.txt,SM LOU - Infinity Care Plus #40053,SM LOU,40053,impression,2024-08-06,2024-10-24,SM Keyword,33333.0,100000.0,2.0
mcp-Google_Drive-read_file_content-1790081147408.txt,SM LOU - Infinity Care Plus #40053,SM LOU,40053,impression,2024-08-06,2024-10-24,SM Behavioral,33333.0,100000.0,2.0
mcp-Google_Drive-read_file_content-1790081147408.txt,SM LOU - Lakeside Reflections #41789,SM LOU,41789,impression,2024-10-07,2024-12-31,SM Retargeting,25000.0,75000.0,2.0
mcp-Google_Drive-read_file_content-1790081147408.txt,SM LOU - Lakeside Reflections #41789,SM LOU,41789,impression,2024-10-07,2024-12-31,SM Keyword,25000.0,75000.0,2.0
mcp-Google_Drive-read_file_content-1790081147408.txt,SM LOU - Lakeside Reflections #41789,SM LOU,41789,impression,2024-10-07,2024-12-31,SM GF,25000.0,75000.0,2.0
mcp-Google_Drive-read_file_content-1790081147408.txt,SM LOU - Lakeside Reflections #41789,SM LOU,41789,impression,2024-10-07,2024-12-31,SM Behavioral,25000.0,75000.0,2.0
mcp-Google_Drive-read_file_content-1790081147408.txt,SM LOU - Louisville City FC/Racing Louisville #36011,SM LOU,36011,impression,2024-08-02,2024-10-31,SM Retargeting,29412.0,88235.0,3.0
mcp-Google_Drive-read_file_content-1790081147408.txt,SM LOU - Louisville City FC/Racing Louisville #36011,SM LOU,36011,impression,2024-08-02,2024-10-31,SM GF,29412.0,88235.0,3.0
mcp-Google_Drive-read_file_content-1790081147408.txt,SM LOU - Louisville City FC/Racing Louisville #36011,SM LOU,36011,impression,2024-08-02,2024-10-31,SM GR,29412.0,88235.0,3.0
mcp-Google_Drive-read_file_content-1790081147408.txt,SM LOU - Louisville City FC/Racing Louisville #36011,SM LOU,36011,impression,2024-08-02,2024-10-31,SM Behavioral,29412.0,88235.0,3.0
mcp-Google_Drive-read_file_content-1790081147408.txt,SM LOU - Mortgage Genius #39547,SM LOU,39547,impression,2024-08-05,2024-10-31,SM Retargeting,29412.0,88235.0,3.0
mcp-Google_Drive-read_file_content-1790081147408.txt,SM LOU - Mortgage Genius #39547,SM LOU,39547,impression,2024-08-05,2024-10-31,SM Keyword,29412.0,88235.0,3.0
mcp-Google_Drive-read_file_content-1790081147408.txt,SM LOU - Mortgage Genius #39547,SM LOU,39547,impression,2024-08-05,2024-10-31,SM B2B Behavioral,29412.0,88235.0,3.0
mcp-Google_Drive-read_file_content-1790081147408.txt,SM LOU - NAACP- Voter campaigns #41632,SM LOU,41632,impression,2024-10-29,2024-11-03,MC Behavioral - #93572,50000.0,50000.0,3.5
mcp-Google_Drive-read_file_content-1790081147408.txt,SM LOU - NAACP- Voter campaigns #41632,SM LOU,41632,impression,2024-10-30,2024-11-03,MC Behavioral - #93573,50000.0,50000.0,3.5
mcp-Google_Drive-read_file_content-1790081147408.txt,SM LOU - NAACP- Voter campaigns #41632,SM LOU,41632,impression,2024-10-30,2024-11-03,MC Behavioral - #93574,133333.0,133333.0,3.5
mcp-Google_Drive-read_file_content-1790081147408.txt,SM LOU - Roofing 502 #39397,SM LOU,39397,impression,2024-08-02,2025-01-31,FB Premium Retargeting,30000.0,180000.0,5.0
mcp-Google_Drive-read_file_content-1790081147408.txt,SM LOU - Roofing 502 #39397,SM LOU,39397,impression,2024-08-02,2025-01-31,FB Premium,30000.0,180000.0,5.0
mcp-Google_Drive-read_file_content-1790081147408.txt,SM LOU - Spalding University #39176,SM LOU,39176,impression,2024-10-04,2024-12-31,Audio Behavioral,15000.0,45000.0,15.0
mcp-Google_Drive-read_file_content-1790081147408.txt,SM LOU - Spalding University #39176,SM LOU,39176,impression,2024-10-04,2024-12-31,Audio AI,15000.0,45000.0,15.0
mcp-Google_Drive-read_file_content-1790081147408.txt,SM LOU - Stevens Deli #40111,SM LOU,40111,impression,2024-08-16,2024-09-09,SM Retargeting,29412.0,29412.0,3.0
mcp-Google_Drive-read_file_content-1790081147408.txt,SM LOU - Stevens Deli #40111,SM LOU,40111,impression,2024-08-16,2024-09-09,SM Keyword,29412.0,29412.0,3.0
mcp-Google_Drive-read_file_content-1790081147408.txt,SM LOU - Stevens Deli #40111,SM LOU,40111,impression,2024-08-16,2024-09-09,SM Behavioral,29412.0,29412.0,3.0
mcp-Google_Drive-read_file_content-1790081147408.txt,SM LOU - The Genesis Shop #39723,SM LOU,39723,impression,2024-07-01,2025-08-31,SM Retargeting,33333.0,466667.0,2.0
mcp-Google_Drive-read_file_content-1790081147408.txt,SM LOU - Town & Country Ford #36541,SM LOU,36541,impression,2024-02-01,2025-01-31,Amazon Behavioral OTT,6250.0,75000.0,15.0
mcp-Google_Drive-read_file_content-1790081147408.txt,SM LOU - Volunteers of America #41263,SM LOU,41263,impression,2024-09-25,2024-11-16,Display Keyword,50000.0,150000.0,2.0
mcp-Google_Drive-read_file_content-1790081147408.txt,SM LOU - Volunteers of America #41263,SM LOU,41263,impression,2024-09-25,2024-11-16,Display Geo-Retargeting,50000.0,150000.0,2.0
mcp-Google_Drive-read_file_content-1790081147408.txt,SM LOU - Volunteers of America #41263,SM LOU,41263,impression,2024-09-25,2024-11-16,Display Behavioral,50000.0,150000.0,2.0
mcp-Google_Drive-read_file_content-1790081147408.txt,SM LOU - Volunteers of America #41263,SM LOU,41263,impression,2024-09-25,2024-11-16,SM GF,33333.0,100000.0,2.0
mcp-Google_Drive-read_file_content-1790081147408.txt,SM LOU - Volunteers of America #41263,SM LOU,41263,impression,2024-09-25,2024-11-16,SM GR,33333.0,100000.0,2.0
mcp-Google_Drive-read_file_content-1790081147408.txt,SM LOU - Volunteers of America #41263,SM LOU,41263,impression,2024-09-25,2024-11-16,SM Behavioral,33333.0,100000.0,2.0
mcp-Google_Drive-read_file_content-1790081147408.txt,SM LOU - Wooden Element #38829,SM LOU,38829,impression,2024-10-07,2024-12-31,SM Retargeting,44444.0,133333.0,2.0
mcp-Google_Drive-read_file_content-1790081147408.txt,SM LOU - Wooden Element #38829,SM LOU,38829,impression,2024-10-07,2024-12-31,SM KW,44444.0,133333.0,2.0
mcp-Google_Drive-read_file_content-1790081147408.txt,SM LOU - Wooden Element #38829,SM LOU,38829,impression,2024-10-07,2024-12-31,SM Behavioral,44444.0,133333.0,2.0
mcp-Google_Drive-read_file_content-1790081147408.txt,Cody Nite Rodeo #39969,Cody Nite Rodeo #39969,39969,impression,2024-06-24,2024-06-30,FB Categories,20000.0,20000.0,5.33
mcp-Google_Drive-read_file_content-1790081147408.txt,Cody Nite Rodeo #39969,Cody Nite Rodeo #39969,39969,impression,2024-06-24,2024-06-30,FB Retargeting,20000.0,20000.0,5.33
mcp-Google_Drive-read_file_content-1790081147408.txt,"Adam's Property Maintenance, LLC #52892","Adam's Property Maintenance, LLC #52892",52892,impression,2026-07-08,2026-09-30,FB Categories,60000.0,180000.0,10.04
mcp-Google_Drive-read_file_content-1790081147408.txt,Adoptions From the Heart #48904,Adoptions From the Heart #48904,48904,click,2025-10-01,2026-06-30,PPC - Keyword,875.0,7875.0,1.5
mcp-Google_Drive-read_file_content-1790081147408.txt,Adoptions From the Heart #48904,Adoptions From the Heart #48904,48904,click,2025-10-01,2026-06-30,PPC - Call Only,875.0,7875.0,
mcp-Google_Drive-read_file_content-1790081147408.txt,Adoptions From The Heart Philly #42017,Adoptions From The Heart Philly #42017,42017,impression,2024-10-01,2025-03-31,OTT - Retargeting,18517.0,111099.0,12.0
mcp-Google_Drive-read_file_content-1790081147408.txt,Adoptions From The Heart Philly #42017,Adoptions From The Heart Philly #42017,42017,impression,2024-10-01,2025-03-31,OTT - Behavioral,18517.0,111100.0,12.0
mcp-Google_Drive-read_file_content-1790081147408.txt,Adoptions From The Heart Philly #42017,Adoptions From The Heart Philly #42017,42017,impression,2024-10-01,2025-03-31,Video - Keyword,74067.0,444402.0,5.0
mcp-Google_Drive-read_file_content-1790081147408.txt,Adoptions From The Heart Philly #42017,Adoptions From The Heart Philly #42017,42017,impression,2024-10-01,2025-03-31,Video - Retargeting,,,5.0
mcp-Google_Drive-read_file_content-1790081147408.txt,Adoptions From The Heart Philly #42017,Adoptions From The Heart Philly #42017,42017,impression,2024-10-01,2025-03-31,Video - Behavioral,,,5.0
mcp-Google_Drive-read_file_content-1790081147408.txt,Adoptions From The Heart Delaware #42021,Adoptions From The Heart Delaware #42021,42021,impression,2024-10-01,2025-03-31,OTT - Retargeting,13333.0,80000.0,12.0
mcp-Google_Drive-read_file_content-1790081147408.txt,Adoptions From The Heart Delaware #42021,Adoptions From The Heart Delaware #42021,42021,impression,2024-10-01,2025-03-31,OTT - Behavioral,13333.0,80000.0,12.0
mcp-Google_Drive-read_file_content-1790081147408.txt,Adoptions From The Heart Delaware #42021,Adoptions From The Heart Delaware #42021,42021,impression,2024-10-01,2025-03-31,Video - Keyword,53333.0,320000.0,5.0
mcp-Google_Drive-read_file_content-1790081147408.txt,Adoptions From The Heart Delaware #42021,Adoptions From The Heart Delaware #42021,42021,impression,2024-10-01,2025-03-31,Video - Behavioral,,,5.0
mcp-Google_Drive-read_file_content-1790081147408.txt,Adoptions From The Heart Delaware #42021,Adoptions From The Heart Delaware #42021,42021,impression,2024-10-01,2025-03-31,Video - Retargeting,,,5.0
mcp-Google_Drive-read_file_content-1790081147408.txt,Adoptions From The Heart Delaware #42021,Adoptions From The Heart Delaware #42021,42021,impression,2024-10-01,2025-03-31,OTT - Retargeting,13333.0,80000.0,12.0
mcp-Google_Drive-read_file_content-1790081147408.txt,Adoptions From The Heart Delaware #42021,Adoptions From The Heart Delaware #42021,42021,impression,2024-10-01,2025-03-31,OTT - Behavioral,13333.0,80000.0,12.0
mcp-Google_Drive-read_file_content-1790081147408.txt,Adoptions From The Heart Delaware #42021,Adoptions From The Heart Delaware #42021,42021,impression,2024-10-01,2025-03-31,Video - Keyword,53333.0,320000.0,5.0
mcp-Google_Drive-read_file_content-1790081147408.txt,Adoptions From The Heart Delaware #42021,Adoptions From The Heart Delaware #42021,42021,impression,2024-10-01,2025-03-31,Video - Behavioral,,,5.0
mcp-Google_Drive-read_file_content-1790081147408.txt,Adoptions From The Heart Delaware #42021,Adoptions From The Heart Delaware #42021,42021,impression,2024-10-01,2025-03-31,Video - Retargeting,,,5.0
mcp-Google_Drive-read_file_content-1790081147408.txt,Adoptions From The Heart Philly #42017,Adoptions From The Heart Philly #42017,42017,impression,2024-10-01,2025-03-31,OTT - Retargeting,18517.0,111099.0,12.0
mcp-Google_Drive-read_file_content-1790081147408.txt,Adoptions From The Heart Philly #42017,Adoptions From The Heart Philly #42017,42017,impression,2024-10-01,2025-03-31,OTT - Behavioral,18517.0,111100.0,12.0
mcp-Google_Drive-read_file_content-1790081147408.txt,Adoptions From The Heart Philly #42017,Adoptions From The Heart Philly #42017,42017,impression,2024-10-01,2025-03-31,Video - Keyword,74067.0,444402.0,5.0
mcp-Google_Drive-read_file_content-1790081147408.txt,Adoptions From The Heart Philly #42017,Adoptions From The Heart Philly #42017,42017,impression,2024-10-01,2025-03-31,Video - Retargeting,,,5.0
mcp-Google_Drive-read_file_content-1790081147408.txt,Adoptions From The Heart Philly #42017,Adoptions From The Heart Philly #42017,42017,impression,2024-10-01,2025-03-31,Video - Behavioral,,,5.0
mcp-Google_Drive-read_file_content-1790081147408.txt,Adoptions From The Heart Philly #42017,Adoptions From The Heart Philly #42017,42017,impression,2024-10-01,2025-03-31,OTT - Retargeting,18517.0,111099.0,12.0
mcp-Google_Drive-read_file_content-1790081147408.txt,Adoptions From The Heart Philly #42017,Adoptions From The Heart Philly #42017,42017,impression,2024-10-01,2025-03-31,OTT - Behavioral,18517.0,111100.0,12.0
mcp-Google_Drive-read_file_content-1790081147408.txt,Adoptions From The Heart Philly #42017,Adoptions From The Heart Philly #42017,42017,impression,2024-10-01,2025-03-31,Video - Keyword,74067.0,444402.0,5.0
mcp-Google_Drive-read_file_content-1790081147408.txt,Adoptions From The Heart Philly #42017,Adoptions From The Heart Philly #42017,42017,impression,2024-10-01,2025-03-31,Video - Retargeting,,,5.0
mcp-Google_Drive-read_file_content-1790081147408.txt,Adoptions From The Heart Philly #42017,Adoptions From The Heart Philly #42017,42017,impression,2024-10-01,2025-03-31,Video - Behavioral,,,5.0
mcp-Google_Drive-read_file_content-1790081147408.txt,Adoptions From The Heart Philly #42017,Adoptions From The Heart Philly #42017,42017,impression,2024-10-01,2025-03-31,OTT - Retargeting,18517.0,111099.0,12.0
mcp-Google_Drive-read_file_content-1790081147408.txt,Adoptions From The Heart Philly #42017,Adoptions From The Heart Philly #42017,42017,impression,2024-10-01,2025-03-31,OTT - Behavioral,18517.0,111100.0,12.0
mcp-Google_Drive-read_file_content-1790081147408.txt,Adoptions From The Heart Philly #42017,Adoptions From The Heart Philly #42017,42017,impression,2024-10-01,2025-03-31,Video - Keyword,74067.0,444402.0,5.0
mcp-Google_Drive-read_file_content-1790081147408.txt,Adoptions From The Heart Philly #42017,Adoptions From The Heart Philly #42017,42017,impression,2024-10-01,2025-03-31,Video - Retargeting,,,5.0
mcp-Google_Drive-read_file_content-1790081147408.txt,Adoptions From The Heart Philly #42017,Adoptions From The Heart Philly #42017,42017,impression,2024-10-01,2025-03-31,Video - Behavioral,,,5.0
mcp-Google_Drive-read_file_content-1790081147408.txt,Adoptions from the Heart Connecticut #42027,Adoptions from the Heart Connecticut #42027,42027,impression,2024-10-01,2025-03-31,OTT - Retargeting,13333.0,80000.0,12.0
mcp-Google_Drive-read_file_content-1790081147408.txt,Adoptions from the Heart Connecticut #42027,Adoptions from the Heart Connecticut #42027,42027,impression,2024-10-01,2025-03-31,OTT - Behavioral,13333.0,80000.0,12.0
mcp-Google_Drive-read_file_content-1790081147408.txt,Adoptions from the Heart Connecticut #42027,Adoptions from the Heart Connecticut #42027,42027,impression,2024-10-01,2025-03-31,Video - Keyword,53333.0,320000.0,5.0
mcp-Google_Drive-read_file_content-1790081147408.txt,Adoptions from the Heart Connecticut #42027,Adoptions from the Heart Connecticut #42027,42027,impression,2024-10-01,2025-03-31,Video - Behavioral,,,5.0
mcp-Google_Drive-read_file_content-1790081147408.txt,Adoptions from the Heart Connecticut #42027,Adoptions from the Heart Connecticut #42027,42027,impression,2024-10-01,2025-03-31,Video - Retargeting,,,5.0
mcp-Google_Drive-read_file_content-1790081147408.txt,American Bank & Trust - QC #51783,American Bank & Trust,51783,impression,2026-04-01,2026-06-30,AI - Mortgage,80000.0,240000.0,2.5
mcp-Google_Drive-read_file_content-1790081147408.txt,American Bank & Trust - QC #51783,American Bank & Trust,51783,impression,2026-04-01,2026-06-30,Behaviors - Mortgage,70000.0,210000.0,2.5
mcp-Google_Drive-read_file_content-1790081147408.txt,American Bank & Trust - QC #51783,American Bank & Trust,51783,impression,2026-04-01,2026-06-30,KW- Mortgage,50000.0,150000.0,2.5
mcp-Google_Drive-read_file_content-1790081147408.txt,American Bank & Trust - QC #51783,American Bank & Trust,51783,impression,2026-04-01,2026-06-30,Retargeting- Mortgage,10000.0,30000.0,2.5
mcp-Google_Drive-read_file_content-1790081147408.txt,American Bank & Trust - QC #51783,American Bank & Trust,51783,click,2026-07-12,2026-09-30,PPC - Dynamic,1750.0,5250.0,1.5
mcp-Google_Drive-read_file_content-1790081147408.txt,"Borden Heating & Cooling, Inc.","Borden Heating & Cooling, Inc.",,click,2025-11-07,2026-01-31,PPC - Dynamic,1750.0,5250.0,1.5
mcp-Google_Drive-read_file_content-1790081147408.txt,Cedar Creek Roofing & Siding,Cedar Creek Roofing & Siding,,click,2026-08-04,2026-10-31,PPC - Keywords,1750.0,5250.0,0.27
mcp-Google_Drive-read_file_content-1790081147408.txt,Floor Coverings International of Chester County #42860,Floor Coverings International of Chester County #42860,42860,click,2025-03-10,2025-08-30,PPC - Keywords,1750.0,10500.0,0.2
mcp-Google_Drive-read_file_content-1790081147408.txt,Roof Maxx Hamilton NJ #50168,Roof Maxx Hamilton NJ #50168,50168,impression,2025-10-09,2025-12-31,SM - Retargeting,33333.0,100000.0,1.75
mcp-Google_Drive-read_file_content-1790081147408.txt,VM PHL - Adoptions From the Heart #17780,VM PHL,17780,impression,2022-04-01,2023-04-30,VPR - Geo-Fencing,20000.0,260000.0,5.0
mcp-Google_Drive-read_file_content-1790081147408.txt,Kirk Brothers Supercenter #39236,Kirk Brothers Supercenter #39236,39236,impression,2024-05-16,2024-08-15,OTT - Behavioral,27619.0,82857.0,
mcp-Google_Drive-read_file_content-1790081147408.txt,Kirk Brothers Supercenter #39236,Kirk Brothers Supercenter #39236,39236,impression,2024-05-16,2024-08-15,OTT - AI,20000.0,60000.0,
mcp-Google_Drive-read_file_content-1790081147408.txt,Kirk Brothers Supercenter,Kirk Brothers Supercenter,,impression,2025-06-09,2025-09-08,YouTube TV,18750.0,56250.0,3.5
mcp-Google_Drive-read_file_content-1790081165301.txt,Mercer County,Mercer County,,impression,2026-07-15,2026-10-15,FB - Retargeting,10000.0,30000.0,3.5
mcp-Google_Drive-read_file_content-1790081165301.txt,Mercer County,Mercer County,,impression,2026-07-15,2026-10-15,FB - Categories,50000.0,150000.0,3.5
mcp-Google_Drive-read_file_content-1790081165301.txt,The Boot Box,The Boot Box,,impression,2026-09-10,2026-12-10,A - Retargeting,10000.0,30000.0,12.0
mcp-Google_Drive-read_file_content-1790081165301.txt,The Boot Box,The Boot Box,,impression,2026-09-10,2026-12-10,A - Behavioral,10000.0,30000.0,12.0
mcp-Google_Drive-read_file_content-1790081165301.txt,The Boot Box,The Boot Box,,impression,2026-09-10,2026-12-10,A - AI,10000.0,30000.0,12.0
mcp-Google_Drive-read_file_content-1790081165301.txt,Fisher Meats - A6 #51788,Fisher Meats,51788,impression,2026-01-10,2026-12-31,AI SM,35000.0,420000.0,3.0
mcp-Google_Drive-read_file_content-1790081165301.txt,Sim Tec Golf #52453,Sim Tec Golf #52453,52453,impression,2026-08-01,2026-12-31,Behavioral SM,40000.0,200000.0,3.0
mcp-Google_Drive-read_file_content-1790081165301.txt,Sim Tec Golf #52453,Sim Tec Golf #52453,52453,impression,2026-08-01,2026-12-31,Keyword SM,40000.0,200000.0,3.0
mcp-Google_Drive-read_file_content-1790081165301.txt,Sim Tec Golf #52453,Sim Tec Golf #52453,52453,impression,2026-08-01,2026-12-31,Retargeting SM,20000.0,100000.0,3.0
mcp-Google_Drive-read_file_content-1790081165301.txt,Sim Tec Golf #52453,Sim Tec Golf #52453,52453,event,2026-06-26,2026-12-31,PMax,2000.0,14000.0,3500.0
mcp-Google_Drive-read_file_content-1790081165301.txt,TK Constructors #51822,TK Constructors #51822,51822,impression,2026-01-20,2026-06-30,AI Display,200000.0,1200000.0,2.5
mcp-Google_Drive-read_file_content-1790081165301.txt,TK Constructors #51822,TK Constructors #51822,51822,click,2026-01-20,2026-07-31,Dynamic PPC,3500.0,24500.0,
mcp-Google_Drive-read_file_content-1790081165301.txt,TK Constructors #51822,TK Constructors #51822,51822,event,2026-02-09,2026-06-30,PMax,2000.0,10000.0,2500.0
mcp-Google_Drive-read_file_content-1790081165301.txt,Anova,Anova,,impression,2026-08-18,2026-10-16,Gala Tickets,,,
mcp-Google_Drive-read_file_content-1790081165301.txt,Anova,Anova,,impression,2026-08-18,2026-10-16,FB/IG Premium,55555.0,111110.0,7.0
mcp-Google_Drive-read_file_content-1790081165301.txt,Anova,Anova,,impression,2026-08-18,2026-10-16,FB/IG Premium Retargeting,,,7.0
mcp-Google_Drive-read_file_content-1790081165301.txt,Anova,Anova,,impression,2026-08-18,2026-09-20,Gala Tickets B2B,,,
mcp-Google_Drive-read_file_content-1790081165301.txt,Anova,Anova,,impression,2026-08-18,2026-09-20,FB/IG Premium,83333.0,83333.0,4.01
mcp-Google_Drive-read_file_content-1790081165301.txt,Blind Scream Haunted House,Blind Scream Haunted House,,impression,2026-09-21,2026-10-31,TT,129629.0,129629.0,5.0
mcp-Google_Drive-read_file_content-1790081165301.txt,Blind Scream Haunted House,Blind Scream Haunted House,,impression,2026-09-21,2026-10-31,FB IG Premium,100000.0,100000.0,5.0
mcp-Google_Drive-read_file_content-1790081165301.txt,Davies Appliance #41242,Davies Appliance #41242,41242,impression,2026-02-10,2026-12-31,Video Behavioral,70000.0,770000.0,7.0
mcp-Google_Drive-read_file_content-1790081165301.txt,Empire Optometry #54769,Empire Optometry #54769,54769,impression,2026-06-13,2026-06-30,Meta - Categories,69074.0,69074.0,8.0
mcp-Google_Drive-read_file_content-1790081165301.txt,Empire Optometry #54769,Empire Optometry #54769,54769,impression,2026-06-13,2026-06-30,Meta - Retargeting,5000.0,5000.0,8.0
mcp-Google_Drive-read_file_content-1790081165301.txt,Empire Optometry #54769,Empire Optometry #54769,54769,impression,2026-06-13,2026-06-30,Meta - Categories,69074.0,69074.0,8.0
mcp-Google_Drive-read_file_content-1790081165301.txt,Empire Optometry #54769,Empire Optometry #54769,54769,impression,2026-06-13,2026-06-30,Meta - Retargeting,5000.0,5000.0,8.0
mcp-Google_Drive-read_file_content-1790081165301.txt,HLC Inc 2024,HLC Inc 2024,,impression,2026-02-10,2026-07-31,B2B,,,
mcp-Google_Drive-read_file_content-1790081165301.txt,HLC Inc 2024,HLC Inc 2024,,impression,2026-02-10,2026-07-31,FB IG Premium Retargeting,55000.0,605000.0,7.7
mcp-Google_Drive-read_file_content-1790081165301.txt,Larsen's Feed & Supply Center,Larsen's Feed & Supply Center,,impression,2026-07-09,2026-10-31,FB IG Premium,70000.0,280000.0,9.27
mcp-Google_Drive-read_file_content-1790081165301.txt,Larsen's Feed & Supply Center,Larsen's Feed & Supply Center,,impression,2026-07-09,2026-10-31,FB IG Premium Retargeting,4074.0,16296.0,9.27
mcp-Google_Drive-read_file_content-1790081165301.txt,North Bay Trade Introduction Program (TIP),North Bay Trade Introduction Program (TIP),,impression,2026-08-19,2026-09-26,47,,,
mcp-Google_Drive-read_file_content-1790081165301.txt,North Bay Trade Introduction Program (TIP),North Bay Trade Introduction Program (TIP),,impression,2026-08-19,2026-09-26,Meta - Category,50000.0,50000.0,5.0
mcp-Google_Drive-read_file_content-1790081165301.txt,North Bay Trade Introduction Program (TIP),North Bay Trade Introduction Program (TIP),,impression,2026-08-19,2026-09-26,Meta - Retargeting,2592.0,2592.0,5.0
mcp-Google_Drive-read_file_content-1790081165301.txt,North Bay Trade Introduction Program (TIP),North Bay Trade Introduction Program (TIP),,impression,2026-08-19,2026-09-26,Meta - Event,40000.0,40000.0,5.0
mcp-Google_Drive-read_file_content-1790081165301.txt,North Bay Trade Introduction Program (TIP),North Bay Trade Introduction Program (TIP),,impression,2026-08-19,2026-09-26,WOMEN 53,,,
mcp-Google_Drive-read_file_content-1790081165301.txt,North Bay Trade Introduction Program (TIP),North Bay Trade Introduction Program (TIP),,impression,2026-08-19,2026-09-26,Meta - Category,50000.0,50000.0,5.0
mcp-Google_Drive-read_file_content-1790081165301.txt,North Bay Trade Introduction Program (TIP),North Bay Trade Introduction Program (TIP),,impression,2026-08-19,2026-09-26,Meta - Retargeting,5000.0,5000.0,5.0
mcp-Google_Drive-read_file_content-1790081165301.txt,North Bay Trade Introduction Program (TIP),North Bay Trade Introduction Program (TIP),,impression,2026-08-19,2026-09-26,Meta - Event,555.0,555.0,5.0
mcp-Google_Drive-read_file_content-1790081165301.txt,Oakland Ballet,Oakland Ballet,,impression,2026-08-21,2026-09-07,FB IG Premium,86000.0,86000.0,5.0
mcp-Google_Drive-read_file_content-1790081165301.txt,Oakland Ballet,Oakland Ballet,,impression,2026-08-21,2026-09-07,FB IG Premium Retargeting,206.0,206.0,5.0
mcp-Google_Drive-read_file_content-1790081165301.txt,Oakland Ballet,Oakland Ballet,,impression,2026-08-21,2026-09-07,FB Matching,,,5.0
mcp-Google_Drive-read_file_content-1790081165301.txt,Oakland Ballet,Oakland Ballet,,impression,2026-08-21,2026-09-07,FB IG Lookalike,,,5.0
mcp-Google_Drive-read_file_content-1790081165301.txt,O.K. Lumber Co,O.K. Lumber Co,,impression,2026-03-01,2026-09-30,FB IG Premium,90000.0,630000.0,6.0
mcp-Google_Drive-read_file_content-1790081165301.txt,O.K. Lumber Co,O.K. Lumber Co,,impression,2026-03-01,2026-09-30,FB IG Premium Retargeting,2592.0,18144.0,6.0
mcp-Google_Drive-read_file_content-1790081165301.txt,Old Town Furniture 2024,Old Town Furniture 2024,,impression,2026-03-01,2026-05-03,FB IG Premium,58000.0,116000.0,7.0
mcp-Google_Drive-read_file_content-1790081165301.txt,Old Town Furniture 2024,Old Town Furniture 2024,,impression,2026-03-01,2026-05-03,FB IG Premium Retargeting,333.0,666.0,7.0
mcp-Google_Drive-read_file_content-1790081165301.txt,Save Energy,Save Energy,,impression,2026-03-04,2026-05-31,amazon 124206,,,
mcp-Google_Drive-read_file_content-1790081165301.txt,Solano County Fairgrounds,Solano County Fairgrounds,,impression,2026-05-29,2026-06-14,FULL GEO,,,
mcp-Google_Drive-read_file_content-1790081165301.txt,Snoopy's Gallery and Gift Shop,Snoopy's Gallery and Gift Shop,,impression,2026-02-23,2027-01-31,NORTH BAY,,,
mcp-Google_Drive-read_file_content-1790081165301.txt,Sonoma County Airport,Sonoma County Airport,,impression,2026-07-01,2027-06-30,SM - Ret,78.0,936.0,3.0
mcp-Google_Drive-read_file_content-1790081165301.txt,Sonoma County Airport SouthWest,Sonoma County Airport SouthWest,,impression,2026-09-04,2026-10-31,SM - Ret,352.0,704.0,3.0
mcp-Google_Drive-read_file_content-1790081165301.txt,Toyota Vallejo,Toyota Vallejo,,impression,2026-02-10,2026-05-04,SALES,,,
mcp-Google_Drive-read_file_content-1790081165301.txt,Toyota Vallejo,Toyota Vallejo,,impression,2026-02-10,2026-05-04,SM B,117000.0,351000.0,3.0
mcp-Google_Drive-read_file_content-1790081165301.txt,Furniture Queen,Furniture Queen,,impression,2026-09-03,2026-09-30,YT+ Categories,37500.0,37500.0,12.62
mcp-Google_Drive-read_file_content-1790081165301.txt,2024 Detroit City FC Season Tickets & Home Opener,2024 Detroit City FC Season Tickets & Home Opener,,impression,2023-11-10,2023-12-31,Facebook/Instagram Premium,50000.0,100000.0,5.0
mcp-Google_Drive-read_file_content-1790081165301.txt,2024 Detroit City FC Season Tickets & Home Opener,2024 Detroit City FC Season Tickets & Home Opener,,impression,2023-11-10,2023-12-31,Facebook/Instagram Custom Matching,50000.0,100000.0,5.0
mcp-Google_Drive-read_file_content-1790081165301.txt,2024 Detroit City FC Season Tickets & Home Opener,2024 Detroit City FC Season Tickets & Home Opener,,impression,2023-11-10,2023-12-31,Facebook/Instagram Custom Lookalike,50000.0,100000.0,5.0
mcp-Google_Drive-read_file_content-1790081165301.txt,2024 Detroit City FC Season Tickets & Home Opener,2024 Detroit City FC Season Tickets & Home Opener,,impression,2023-11-08,2023-12-31,SM Custom Matching,76470.0,152941.0,2.0
mcp-Google_Drive-read_file_content-1790081165301.txt,2024 Detroit City FC Season Tickets & Home Opener,2024 Detroit City FC Season Tickets & Home Opener,,impression,2023-11-08,2023-12-31,SM Custom Lookalike,33333.0,66667.0,2.0
mcp-Google_Drive-read_file_content-1790081165301.txt,2024 Detroit City FC Season Tickets & Home Opener,2024 Detroit City FC Season Tickets & Home Opener,,impression,2023-11-10,2023-12-31,Facebook/Instagram Premium,50000.0,100000.0,5.0
mcp-Google_Drive-read_file_content-1790081165301.txt,2024 Detroit City FC Season Tickets & Home Opener,2024 Detroit City FC Season Tickets & Home Opener,,impression,2023-11-10,2023-12-31,Facebook/Instagram Custom Matching,50000.0,100000.0,5.0
mcp-Google_Drive-read_file_content-1790081165301.txt,2024 Detroit City FC Season Tickets & Home Opener,2024 Detroit City FC Season Tickets & Home Opener,,impression,2023-11-10,2023-12-31,Facebook/Instagram Custom Lookalike,50000.0,100000.0,5.0
mcp-Google_Drive-read_file_content-1790081165301.txt,2024 Detroit City FC Season Tickets & Home Opener,2024 Detroit City FC Season Tickets & Home Opener,,impression,2023-11-08,2023-12-31,SM Custom Matching,76470.0,152941.0,2.0
mcp-Google_Drive-read_file_content-1790081165301.txt,2024 Detroit City FC Season Tickets & Home Opener,2024 Detroit City FC Season Tickets & Home Opener,,impression,2023-11-08,2023-12-31,SM Custom Lookalike,33333.0,66667.0,2.0
mcp-Google_Drive-read_file_content-1790081165301.txt,2024 Detroit City FC Season Tickets & Home Opener,2024 Detroit City FC Season Tickets & Home Opener,,impression,2023-11-08,2023-12-31,SM Retargeting,33333.0,66667.0,2.0
mcp-Google_Drive-read_file_content-1790081165301.txt,2024 Detroit City FC Season Tickets & Home Opener,2024 Detroit City FC Season Tickets & Home Opener,,impression,2023-11-08,2023-12-31,SM Behavioral,33333.0,66667.0,2.0
mcp-Google_Drive-read_file_content-1790081165301.txt,2024 Detroit City FC Season Tickets & Home Opener,2024 Detroit City FC Season Tickets & Home Opener,,impression,2023-11-10,2023-12-31,Facebook/Instagram Premium,50000.0,100000.0,5.0
mcp-Google_Drive-read_file_content-1790081165301.txt,2024 Detroit City FC Season Tickets & Home Opener,2024 Detroit City FC Season Tickets & Home Opener,,impression,2023-11-10,2023-12-31,Facebook/Instagram Custom Matching,50000.0,100000.0,5.0
mcp-Google_Drive-read_file_content-1790081165301.txt,2024 Detroit City FC Season Tickets & Home Opener,2024 Detroit City FC Season Tickets & Home Opener,,impression,2023-11-10,2023-12-31,Facebook/Instagram Custom Lookalike,50000.0,100000.0,5.0
mcp-Google_Drive-read_file_content-1790081165301.txt,2024 Detroit City FC Season Tickets & Home Opener,2024 Detroit City FC Season Tickets & Home Opener,,impression,2023-11-08,2023-12-31,SM Custom Matching,76470.0,152941.0,2.0
mcp-Google_Drive-read_file_content-1790081165301.txt,2024 Detroit City FC Season Tickets & Home Opener,2024 Detroit City FC Season Tickets & Home Opener,,impression,2023-11-08,2023-12-31,SM Custom Lookalike,33333.0,66667.0,2.0
mcp-Google_Drive-read_file_content-1790081165301.txt,2024 Detroit City FC Season Tickets & Home Opener,2024 Detroit City FC Season Tickets & Home Opener,,impression,2023-11-10,2023-12-31,Facebook/Instagram Premium,50000.0,100000.0,5.0
mcp-Google_Drive-read_file_content-1790081165301.txt,2024 Detroit City FC Season Tickets & Home Opener,2024 Detroit City FC Season Tickets & Home Opener,,impression,2023-11-10,2023-12-31,Facebook/Instagram Custom Matching,50000.0,100000.0,5.0
mcp-Google_Drive-read_file_content-1790081165301.txt,2024 Detroit City FC Season Tickets & Home Opener,2024 Detroit City FC Season Tickets & Home Opener,,impression,2023-11-10,2023-12-31,Facebook/Instagram Custom Lookalike,50000.0,100000.0,5.0
mcp-Google_Drive-read_file_content-1790081165301.txt,2024 Detroit City FC Season Tickets & Home Opener,2024 Detroit City FC Season Tickets & Home Opener,,impression,2023-11-08,2023-12-31,SM Custom Matching,76470.0,152941.0,2.0
mcp-Google_Drive-read_file_content-1790081165301.txt,2024 Detroit City FC Season Tickets & Home Opener,2024 Detroit City FC Season Tickets & Home Opener,,impression,2023-11-08,2023-12-31,SM Custom Lookalike,33333.0,66667.0,2.0
mcp-Google_Drive-read_file_content-1790081165301.txt,2024 Detroit City FC Season Tickets & Home Opener,2024 Detroit City FC Season Tickets & Home Opener,,impression,2023-11-08,2023-12-31,SM Retargeting,33333.0,66667.0,2.0
mcp-Google_Drive-read_file_content-1790081165301.txt,2024 Detroit City FC Season Tickets & Home Opener,2024 Detroit City FC Season Tickets & Home Opener,,impression,2023-11-08,2023-12-31,SM Behavioral,33333.0,66667.0,2.0
mcp-Google_Drive-read_file_content-1790081165301.txt,Mens vs Memphis and Women's - double header,Mens vs Memphis and Women's,,impression,2024-07-11,2024-07-13,category/hashtag - Tik Tok,60000.0,60000.0,5.0
mcp-Google_Drive-read_file_content-1790081165301.txt,2024 Detroit City FC Season Tickets & Home Opener,2024 Detroit City FC Season Tickets & Home Opener,,impression,2023-11-10,2023-12-31,Facebook/Instagram Premium,50000.0,100000.0,5.0
mcp-Google_Drive-read_file_content-1790081165301.txt,2024 Detroit City FC Season Tickets & Home Opener,2024 Detroit City FC Season Tickets & Home Opener,,impression,2023-11-10,2023-12-31,Facebook/Instagram Custom Matching,50000.0,100000.0,5.0
mcp-Google_Drive-read_file_content-1790081165301.txt,2024 Detroit City FC Season Tickets & Home Opener,2024 Detroit City FC Season Tickets & Home Opener,,impression,2023-11-10,2023-12-31,Facebook/Instagram Custom Lookalike,50000.0,100000.0,5.0
mcp-Google_Drive-read_file_content-1790081165301.txt,2024 Detroit City FC Season Tickets & Home Opener,2024 Detroit City FC Season Tickets & Home Opener,,impression,2023-11-08,2023-12-31,SM Custom Matching,76470.0,152941.0,2.0
mcp-Google_Drive-read_file_content-1790081165301.txt,2024 Detroit City FC Season Tickets & Home Opener,2024 Detroit City FC Season Tickets & Home Opener,,impression,2023-11-08,2023-12-31,SM Custom Lookalike,33333.0,66667.0,2.0
mcp-Google_Drive-read_file_content-1790081165301.txt,2024 Detroit City FC Season Tickets & Home Opener,2024 Detroit City FC Season Tickets & Home Opener,,impression,2023-11-08,2023-12-31,SM Retargeting,33333.0,66667.0,2.0
mcp-Google_Drive-read_file_content-1790081165301.txt,2024 Detroit City FC Season Tickets & Home Opener,2024 Detroit City FC Season Tickets & Home Opener,,impression,2023-11-08,2023-12-31,SM Behavioral,33333.0,66667.0,2.0
mcp-Google_Drive-read_file_content-1790081165301.txt,DOOH,DOOH,,impression,2024-10-24,2024-11-02,Display,20833.0,20833.0,12.0
mcp-Google_Drive-read_file_content-1790081165301.txt,DOOH,DOOH,,impression,2024-10-24,2024-11-02,Video,20833.0,20833.0,12.0
mcp-Google_Drive-read_file_content-1790081165301.txt,RegistryAZ #53437,RegistryAZ #53437,53437,impression,2024-10-24,2024-11-02,SM - AI,20833.0,20833.0,3.5
mcp-Google_Drive-read_file_content-1790081165301.txt,RegistryAZ #53437,RegistryAZ #53437,53437,impression,2024-10-24,2024-11-02,SM - Behaviors,20833.0,20833.0,3.5
mcp-Google_Drive-read_file_content-1790081165301.txt,RegistryAZ #53437,RegistryAZ #53437,53437,impression,2024-10-24,2024-11-02,SM - Retargeting,,,3.5
mcp-Google_Drive-read_file_content-1790081165301.txt,Express Sunrooms of Macon #53280,Express Sunrooms of Macon #53280,53280,event,2026-08-21,2026-11-19,PMAX,1500.0,4500.0,2250.0
mcp-Google_Drive-read_file_content-1790081165301.txt,RegistryAZ #53437,RegistryAZ #53437,53437,impression,2026-05-04,2026-08-04,SM - KW,108000.0,324000.0,3.0
mcp-Google_Drive-read_file_content-1790081165301.txt,RegistryAZ #53437,RegistryAZ #53437,53437,impression,2026-05-04,2026-08-04,SM - Behaviors,125000.0,375000.0,3.0
mcp-Google_Drive-read_file_content-1790081165301.txt,RegistryAZ #53437,RegistryAZ #53437,53437,impression,2026-05-04,2026-08-04,SM - Retargeting,5294.0,15882.0,3.0
mcp-Google_Drive-read_file_content-1790081165301.txt,V3Gate / IBM #51133,V3Gate / IBM #51133,51133,click,2025-12-02,2025-12-22,Federal Healthcare - LinkedIn,,,
mcp-Google_Drive-read_file_content-1790081165301.txt,V3Gate / IBM #51133,V3Gate / IBM #51133,51133,click,2025-12-02,2025-12-22,LinkedIn Category,892.0,892.0,0.66
mcp-Google_Drive-read_file_content-1790081165301.txt,V3Gate / IBM #51133,V3Gate / IBM #51133,51133,click,2025-12-02,2025-12-22,LinkedIn Retargeting,481.38,481.38,
mcp-Google_Drive-read_file_content-1790081165301.txt,V3Gate / IBM #51133,V3Gate / IBM #51133,51133,click,2025-12-02,2025-12-22,DOD - LinkedIn,,,
mcp-Google_Drive-read_file_content-1790081165301.txt,V3Gate / IBM #51133,V3Gate / IBM #51133,51133,click,2025-12-02,2025-12-22,LinkedIn Category,892.0,892.0,0.66
mcp-Google_Drive-read_file_content-1790081165301.txt,V3Gate / IBM #51133,V3Gate / IBM #51133,51133,click,2025-12-02,2025-12-22,LinkedIn Retargeting,481.38,481.38,
mcp-Google_Drive-read_file_content-1790081165301.txt,Anchorage School District HR- Out of Market #49804,Anchorage School District HR- Out of Market #49804,49804,impression,2026-07-01,2026-09-30,SM - B2B Retargeting,49412.0,148235.0,3.5
mcp-Google_Drive-read_file_content-1790081165301.txt,Anchorage School District HR- Out of Market #49804,Anchorage School District HR- Out of Market #49804,49804,impression,2026-07-01,2026-09-30,SM - B2B Keyword,49412.0,148235.0,3.5
mcp-Google_Drive-read_file_content-1790081165301.txt,Anchorage School District HR- Out of Market #49804,Anchorage School District HR- Out of Market #49804,49804,impression,2026-07-01,2026-09-30,SM - B2B Behavioral,49412.0,148235.0,3.5
mcp-Google_Drive-read_file_content-1790081165301.txt,Visiting Nurses Association #46046,Visiting Nurses Association #46046,46046,impression,2025-04-10,2025-06-30,FB - Retargeting,10000.0,30000.0,3.5
mcp-Google_Drive-read_file_content-1790081165301.txt,Visiting Nurses Association #46046,Visiting Nurses Association #46046,46046,impression,2025-04-10,2025-06-30,FB - Premium,50000.0,150000.0,3.5
mcp-Google_Drive-read_file_content-1790081165301.txt,Ski Barn,Ski Barn,,click,2025-10-01,2026-02-28,Shopping,16000.0,80000.0,0.0
mcp-Google_Drive-read_file_content-1790081165301.txt,IN Food Marketing & Design #49126,IN Food Marketing & Design #49126,49126,impression,2025-09-16,2025-12-11,Retargeting Social Mirror,38235.0,114705.0,1.75
mcp-Google_Drive-read_file_content-1790081165301.txt,IN Food Marketing & Design #49126,IN Food Marketing & Design #49126,49126,impression,2025-09-16,2025-12-11,Behavioral Social Mirror,50000.0,150000.0,1.75
mcp-Google_Drive-read_file_content-1790081165301.txt,Ruiz Foods #47593,Ruiz Foods #47593,47593,impression,2025-07-25,2025-09-25,Retargeting Social Mirror,60000.0,120000.0,1.75
mcp-Google_Drive-read_file_content-1790081165301.txt,Ruiz Foods #47593,Ruiz Foods #47593,47593,impression,2025-07-25,2025-09-25,Keyword Social Mirror,50000.0,100000.0,1.75
mcp-Google_Drive-read_file_content-1790081165301.txt,Ruiz Foods #47593,Ruiz Foods #47593,47593,impression,2025-07-25,2025-09-25,Behavioral Social Mirror,86058.0,172116.0,1.75
mcp-Google_Drive-read_file_content-1790081165301.txt,Pikes Peak Overhead Doors,Pikes Peak Overhead Doors,,click,2026-02-04,2026-05-31,PPC - KW,1925.0,7700.0,1.02
mcp-Google_Drive-read_file_content-1790081165301.txt,Aces of Air,Aces of Air,,impression,2026-04-13,2026-07-13,CTV AI,10000.0,30000.0,12.0
mcp-Google_Drive-read_file_content-1790081165301.txt,Aces of Air,Aces of Air,,impression,2026-04-13,2026-07-13,CTV B,5000.0,15000.0,12.5
mcp-Google_Drive-read_file_content-1790081165301.txt,Aces of Air,Aces of Air,,impression,2026-04-13,2026-07-13,CTV Retargeting,2000.0,6000.0,12.0
mcp-Google_Drive-read_file_content-1790081165301.txt,Aces of Air,Aces of Air,,impression,2026-04-13,2026-07-13,V - AI,24500.0,73500.0,6.0
mcp-Google_Drive-read_file_content-1790081165301.txt,Aces of Air,Aces of Air,,impression,2026-04-13,2026-07-13,V - B,10000.0,30000.0,6.5
mcp-Google_Drive-read_file_content-1790081165301.txt,Elite Roofing - Roanoke - 120248,Elite Roofing,,impression,2026-03-05,2026-03-31,CTV AI,10000.0,10000.0,14.0
mcp-Google_Drive-read_file_content-1790081165301.txt,Elite Roofing - Roanoke - 120248,Elite Roofing,,impression,2026-03-05,2026-03-31,CTV B,10000.0,10000.0,14.0
mcp-Google_Drive-read_file_content-1790081165301.txt,Elite Roofing - Roanoke - 120248,Elite Roofing,,impression,2026-03-05,2026-03-31,CTV Retargeting,8000.0,8000.0,14.0
mcp-Google_Drive-read_file_content-1790081165301.txt,Elite Roofing - Roanoke - 120248,Elite Roofing,,impression,2026-03-05,2026-03-31,V - AI,30000.0,30000.0,6.0
mcp-Google_Drive-read_file_content-1790081165301.txt,Elite Roofing - Roanoke - 120248,Elite Roofing,,impression,2026-03-05,2026-03-31,V - B,20000.0,20000.0,6.0
mcp-Google_Drive-read_file_content-1790081165301.txt,Elite Roofing - Roanoke - 120248,Elite Roofing,,impression,2026-03-05,2026-03-31,V - KW,12000.0,12000.0,6.0
mcp-Google_Drive-read_file_content-1790081165301.txt,Elite Roofing - Charleston - 120248,Elite Roofing,,impression,2026-03-05,2026-03-31,CTV AI,10000.0,10000.0,14.0
mcp-Google_Drive-read_file_content-1790081165301.txt,Elite Roofing - Charleston - 120248,Elite Roofing,,impression,2026-03-05,2026-03-31,CTV B,10000.0,10000.0,14.0
mcp-Google_Drive-read_file_content-1790081165301.txt,Elite Roofing - Charleston - 120248,Elite Roofing,,impression,2026-03-05,2026-03-31,CTV Retargeting,3000.0,3000.0,14.0
mcp-Google_Drive-read_file_content-1790081165301.txt,Elite Roofing - Charleston - 120248,Elite Roofing,,impression,2026-03-05,2026-03-31,V - AI,45000.0,45000.0,6.0
mcp-Google_Drive-read_file_content-1790081165301.txt,Elite Roofing - Charleston - 120248,Elite Roofing,,impression,2026-03-05,2026-03-31,V - B,25000.0,25000.0,6.0
mcp-Google_Drive-read_file_content-1790081165301.txt,Elite Roofing - Charleston - 120248,Elite Roofing,,impression,2026-03-05,2026-03-31,V - KW,12000.0,12000.0,6.0
mcp-Google_Drive-read_file_content-1790081165301.txt,Kentucky 811,Kentucky 811,,impression,2026-04-03,2026-10-31,SM - AI,100000.0,700000.0,3.0
mcp-Google_Drive-read_file_content-1790081165301.txt,Kentucky 811,Kentucky 811,,impression,2026-04-03,2026-10-31,SM - B,40450.0,283150.0,3.0
mcp-Google_Drive-read_file_content-1790081165301.txt,Kentucky 811,Kentucky 811,,impression,2026-04-03,2026-10-31,SM - KW,26666.0,186662.0,3.0
mcp-Google_Drive-read_file_content-1790081165301.txt,Speakeasy Dispensary,Speakeasy Dispensary,,impression,2026-04-01,2026-06-30,SM - AI,40000.0,120000.0,4.5
mcp-Google_Drive-read_file_content-1790081165301.txt,Speakeasy Dispensary,Speakeasy Dispensary,,impression,2026-04-01,2026-06-30,SM - B,29181.0,87543.0,4.5
mcp-Google_Drive-read_file_content-1790081165301.txt,Hal's Auto Care,Hal's Auto Care,,impression,2026-08-03,2026-08-31,MC - Categories,33333.0,33333.0,3.5
mcp-Google_Drive-read_file_content-1790081165301.txt,Hal's Auto Care,Hal's Auto Care,,impression,2026-08-03,2026-08-31,MC - Geo-Fencing,33333.0,33333.0,3.5
mcp-Google_Drive-read_file_content-1790081165301.txt,Hal's Auto Care,Hal's Auto Care,,impression,2026-08-03,2026-08-31,MC - Geo-Retargeting,33333.0,33333.0,3.5
mcp-Google_Drive-read_file_content-1790081165301.txt,Hal's Auto Care,Hal's Auto Care,,impression,2026-08-03,2026-08-31,MC - Site Retargeting,33333.0,33333.0,3.5
mcp-Google_Drive-read_file_content-1790081165301.txt,Sacramento Yolo Mosquito & Vector Control District,Sacramento Yolo Mosquito & Vector Control District,,impression,2026-07-06,2026-09-30,SM - Beh,100000.0,300000.0,3.0
mcp-Google_Drive-read_file_content-1790081165301.txt,Sacramento Yolo Mosquito & Vector Control District,Sacramento Yolo Mosquito & Vector Control District,,impression,2026-07-06,2026-09-30,SM - KW,30000.0,90000.0,3.0
mcp-Google_Drive-read_file_content-1790081165301.txt,Sacramento Yolo Mosquito & Vector Control District,Sacramento Yolo Mosquito & Vector Control District,,impression,2026-07-06,2026-09-30,SM - Retargeting,3333.0,10000.0,3.0
mcp-Google_Drive-read_file_content-1790081169917.txt,Cape Air Charter #51566,Cape Air Charter #51566,51566,impression,2025-12-28,2026-09-30,FB/IG - Retargeting,30000.0,270000.0,3.5
mcp-Google_Drive-read_file_content-1790081169917.txt,Cape Air Charter #51566,Cape Air Charter #51566,51566,impression,2025-12-28,2026-09-30,FB/IG - Categories,30000.0,270000.0,4.47
mcp-Google_Drive-read_file_content-1790081169917.txt,Harman Law #43047,Harman Law #43047,43047,impression,2024-12-01,2024-01-31,MC - Categories,66666.0,199998.0,3.5
mcp-Google_Drive-read_file_content-1790081169917.txt,Harman Law #43047,Harman Law #43047,43047,impression,2024-12-01,2024-01-31,MC - Geo-Fencing,33333.0,99999.0,3.5
mcp-Google_Drive-read_file_content-1790081169917.txt,Harman Law #43047,Harman Law #43047,43047,impression,2024-12-01,2024-01-31,MC - Website Retargeting,33333.0,99999.0,3.5
mcp-Google_Drive-read_file_content-1790081169917.txt,Harman Law #43047,Harman Law #43047,43047,impression,2024-12-01,2024-01-31,SM - Geo-Fencing,,,
mcp-Google_Drive-read_file_content-1790081169917.txt,Harman Law #43047,Harman Law #43047,43047,impression,2024-12-01,2024-01-31,SM - Geo-Retargeting,,,
mcp-Google_Drive-read_file_content-1790081169917.txt,Texas Nursing Lawyers,Texas Nursing Lawyers,,impression,2024-10-01,2025-03-31,MC - Categories,25000.0,150000.0,3.5
mcp-Google_Drive-read_file_content-1790081169917.txt,Texas Nursing Lawyers,Texas Nursing Lawyers,,impression,2024-10-01,2025-03-31,MC - Geo-Fencing,25000.0,150000.0,3.5
mcp-Google_Drive-read_file_content-1790081169917.txt,Texas Nursing Lawyers,Texas Nursing Lawyers,,impression,2024-10-01,2025-03-31,MC - Geo-Retargeting,25000.0,150000.0,3.5
mcp-Google_Drive-read_file_content-1790081169917.txt,Texas Nursing Lawyers,Texas Nursing Lawyers,,impression,2024-10-01,2025-03-31,MC - Website Retargeting,25000.0,150000.0,3.5
mcp-Google_Drive-read_file_content-1790081169917.txt,Texas Nursing Lawyers,Texas Nursing Lawyers,,impression,2024-10-01,2025-03-31,SM - Geo-Retargeting,,,
mcp-Google_Drive-read_file_content-1790081169917.txt,Cocoa Hilltop Apartments #55398,Cocoa Hilltop Apartments #55398,55398,impression,2026-08-11,2026-10-31,FB/IG - Premium,60000.0,180000.0,5.0
mcp-Google_Drive-read_file_content-1790081169917.txt,Crofton Place Apartments #51969,Crofton Place Apartments #51969,51969,impression,2026-09-18,2026-12-15,FB/IG - Premium,40000.0,120000.0,5.0
mcp-Google_Drive-read_file_content-1790081169917.txt,Daytona Oceanview Apartments #56297,Daytona Oceanview Apartments #56297,56297,impression,2026-09-15,2026-10-31,FB/IG - Premium,85484.0,170968.0,5.0
mcp-Google_Drive-read_file_content-1790081169917.txt,La Serena at the Heights,La Serena at the Heights,,impression,2026-01-13,2026-12-31,FB/IG - Premium,50000.0,600000.0,5.0
mcp-Google_Drive-read_file_content-1790081169917.txt,La Serena at the Parque,La Serena at the Parque,,impression,2026-01-28,2026-12-31,FB/IG - Premium,50000.0,600000.0,5.0
mcp-Google_Drive-read_file_content-1790081169917.txt,La Serena at Toscana #51467,La Serena at Toscana #51467,51467,impression,2026-01-01,2026-12-31,FB/IG,50000.0,600000.0,5.0
mcp-Google_Drive-read_file_content-1790081169917.txt,Palm Village Apartments #55999,Palm Village Apartments #55999,55999,impression,2026-08-27,2026-09-30,FB/IG - Premium,60000.0,120000.0,5.0
mcp-Google_Drive-read_file_content-1790081169917.txt,South Daytona Apartments #55397,South Daytona Apartments #55397,55397,impression,2026-08-11,2026-10-31,FB/IG - Premium,60000.0,180000.0,5.0
mcp-Google_Drive-read_file_content-1790081169917.txt,The Park at River City #55342,The Park at River City #55342,55342,impression,2026-08-01,2026-09-30,MC - Retargeting,25000.0,50000.0,3.5
mcp-Google_Drive-read_file_content-1790081169917.txt,The Park at River City #55342,The Park at River City #55342,55342,impression,2026-08-01,2026-09-30,MC - Geo-Fencing,25000.0,50000.0,3.5
mcp-Google_Drive-read_file_content-1790081169917.txt,The Park at River City #55342,The Park at River City #55342,55342,impression,2026-08-01,2026-09-30,MC - Geo-Retargeting,25000.0,50000.0,3.5
mcp-Google_Drive-read_file_content-1790081169917.txt,Grav #51430,Grav #51430,51430,impression,2026-02-15,2026-06-15,CALIFORNIA/SMOKING ACCESSORIES,,,
mcp-Google_Drive-read_file_content-1790081169917.txt,Grav #51430,Grav #51430,51430,impression,2026-02-15,2026-06-15,SM - Retargeting,3000.0,12000.0,4.5
mcp-Google_Drive-read_file_content-1790081169917.txt,Grav #51430,Grav #51430,51430,impression,2026-02-15,2026-06-15,SM - Behavioral,247000.0,988000.0,4.5
mcp-Google_Drive-read_file_content-1790081169917.txt,Advanced Dental Care,Advanced Dental Care,,impression,2026-01-08,2026-11-30,SM - Retargeting,4118.0,45293.0,3.0
mcp-Google_Drive-read_file_content-1790081169917.txt,Advanced Dental Care,Advanced Dental Care,,impression,2026-01-08,2026-11-30,SM - Behavioral,10000.0,110000.0,3.0
mcp-Google_Drive-read_file_content-1790081169917.txt,Blessing Foundation,Blessing Foundation,,impression,2026-01-16,2026-12-31,SM - AI,50000.0,600000.0,3.0
mcp-Google_Drive-read_file_content-1790081169917.txt,Blessing Health System - Brand,Blessing Health System,,impression,2026-01-09,2026-12-31,RURAL CLINICS,,,
mcp-Google_Drive-read_file_content-1790081169917.txt,Blessing Health System - Brand,Blessing Health System,,impression,2026-01-09,2026-12-31,MC - Health Services/Clinics/Health Facilities,22222.0,266667.0,3.5
mcp-Google_Drive-read_file_content-1790081169917.txt,Blessing-Rieman College of Nursing & Health Sciences,Blessing-Rieman College of Nursing & Health Sciences,,impression,2026-08-04,2026-11-30,HIGH SCHOOL,,,
mcp-Google_Drive-read_file_content-1790081169917.txt,Blessing-Rieman College of Nursing & Health Sciences,Blessing-Rieman College of Nursing & Health Sciences,,impression,2026-08-04,2026-11-30,FBIG Premium,30000.0,120000.0,3.5
mcp-Google_Drive-read_file_content-1790081169917.txt,Blessing-Rieman College of Nursing & Health Sciences,Blessing-Rieman College of Nursing & Health Sciences,,impression,2026-08-04,2026-11-30,FBIG Premium Retargeting,30000.0,120000.0,3.5
mcp-Google_Drive-read_file_content-1790081169917.txt,Denman Medical,Denman Medical,,impression,2025-11-07,2026-09-30,SM - AI,22059.0,242646.0,3.0
mcp-Google_Drive-read_file_content-1790081169917.txt,Denman Medical,Denman Medical,,impression,2025-11-07,2026-09-30,SM - Geo-Fencing,22059.0,242646.0,3.0
mcp-Google_Drive-read_file_content-1790081169917.txt,Doors N More,Doors N More,,impression,2026-01-08,2026-11-30,SM - AI,42118.0,463293.0,3.0
mcp-Google_Drive-read_file_content-1790081169917.txt,Doors N More,Doors N More,,event,2026-09-03,2026-10-31,PMAX - Doors and Windows/Moving/Retargeting,2250.0,4500.0,1125.0
mcp-Google_Drive-read_file_content-1790081169917.txt,Family Eyecare,Family Eyecare,,impression,2026-04-02,2026-09-04,SM - AI,30000.0,150000.0,3.0
mcp-Google_Drive-read_file_content-1790081169917.txt,Family Eyecare,Family Eyecare,,impression,2026-04-02,2026-09-04,SM - Geo-Fencing,10000.0,50000.0,3.0
mcp-Google_Drive-read_file_content-1790081169917.txt,Family Eyecare,Family Eyecare,,impression,2026-04-02,2026-09-04,SM - Geo-Retargeting,10000.0,50000.0,3.0
mcp-Google_Drive-read_file_content-1790081169917.txt,Hannibal Arts Council Folk Life,Hannibal Arts Council Folk Life,,impression,2026-09-17,2026-10-17,SM - AI,33333.0,33333.0,3.0
mcp-Google_Drive-read_file_content-1790081169917.txt,Hannibal Arts Council Folk Life,Hannibal Arts Council Folk Life,,impression,2026-09-17,2026-10-17,SM - Behavioral,30000.0,30000.0,3.0
mcp-Google_Drive-read_file_content-1790081169917.txt,Hannibal Arts Council Folk Life,Hannibal Arts Council Folk Life,,impression,2026-09-17,2026-10-17,SM - Retargeting,3333.0,3333.0,3.0
mcp-Google_Drive-read_file_content-1790081169917.txt,Hannibal Arts Council Folk Life,Hannibal Arts Council Folk Life,,impression,2026-09-17,2026-10-17,FB Premium,40000.0,40000.0,3.5
mcp-Google_Drive-read_file_content-1790081169917.txt,Hannibal Arts Council Folk Life,Hannibal Arts Council Folk Life,,impression,2026-09-17,2026-10-17,FB Premium Event,20000.0,20000.0,3.5
mcp-Google_Drive-read_file_content-1790081169917.txt,Hannibal Arts Council Folk Life,Hannibal Arts Council Folk Life,,impression,2026-09-17,2026-10-17,FB Premium Retargeting,20000.0,20000.0,3.5
mcp-Google_Drive-read_file_content-1790081169917.txt,Peters - Columbia,Peters,,impression,2026-09-04,2026-11-30,CTV - AI,5556.0,16667.0,12.0
mcp-Google_Drive-read_file_content-1790081169917.txt,Peters - Columbia,Peters,,impression,2026-09-04,2026-11-30,CTV - Behavioral,5556.0,16667.0,12.0
mcp-Google_Drive-read_file_content-1790081169917.txt,Peters - Columbia,Peters,,impression,2026-09-04,2026-11-30,CTV - Retargeting,5556.0,16667.0,12.0
mcp-Google_Drive-read_file_content-1790081169917.txt,Peters - Columbia,Peters,,event,2026-06-03,2026-11-30,PMAX - HVAC Services/Homeowners/Retargeting,1500.0,9000.0,2250.0
mcp-Google_Drive-read_file_content-1790081169917.txt,Peters - Edwardsville,Peters,,event,2026-06-03,2026-11-30,PMAX - HVAC Services/Homeowners/Retargeting,1500.0,9000.0,2250.0
mcp-Google_Drive-read_file_content-1790081169917.txt,Peters - Kirksville,Peters,,event,2026-07-01,2026-11-30,PMAX - HVAC Services/Homeowners/Retargeting,1500.0,7500.0,1875.0
mcp-Google_Drive-read_file_content-1790081169917.txt,Peters - Columbia,Peters,,impression,2026-09-04,2026-11-30,CTV - AI,7407.0,22222.0,12.0
mcp-Google_Drive-read_file_content-1790081169917.txt,Peters - Columbia,Peters,,impression,2026-09-04,2026-11-30,CTV - Behavioral,7407.0,22222.0,12.0
mcp-Google_Drive-read_file_content-1790081169917.txt,Peters - Columbia,Peters,,impression,2026-09-04,2026-11-30,CTV - Retargeting,7407.0,22222.0,12.0
mcp-Google_Drive-read_file_content-1790081169917.txt,Peters - Troy,Peters,,event,2026-06-03,2026-11-30,PMAX - HVAC Services/Homeowners/Retargeting,2500.0,15000.0,3750.0
mcp-Google_Drive-read_file_content-1790081169917.txt,Peters Heating & Air Conditioning,Peters Heating & Air Conditioning,,impression,2026-01-09,2026-12-31,SM - AI,48333.0,580000.0,3.0
mcp-Google_Drive-read_file_content-1790081169917.txt,Quincy Preserves,Quincy Preserves,,impression,2026-09-16,2026-10-16,SM - Retargeting,3333.0,3333.0,3.0
mcp-Google_Drive-read_file_content-1790081169917.txt,Quincy Preserves,Quincy Preserves,,impression,2026-09-16,2026-10-16,SM - Behavioral,30000.0,30000.0,3.0
mcp-Google_Drive-read_file_content-1790081169917.txt,Quincy Preserves,Quincy Preserves,,impression,2026-09-16,2026-10-16,FBIG Premium,40000.0,40000.0,3.5
mcp-Google_Drive-read_file_content-1790081169917.txt,Quincy Preserves,Quincy Preserves,,impression,2026-09-16,2026-10-16,FBIG Premium Event,20000.0,20000.0,3.5
mcp-Google_Drive-read_file_content-1790081169917.txt,Quincy Preserves,Quincy Preserves,,impression,2026-09-16,2026-10-16,FBIG Premium Retargeting,20000.0,20000.0,3.5
mcp-Google_Drive-read_file_content-1790081169917.txt,Peters Heating & Air Conditioning - Hendersonville,Peters Heating & Air Conditioning,,click,2026-02-04,2026-11-30,PPC - Keywords,1750.0,17500.0,
mcp-Google_Drive-read_file_content-1790081169917.txt,Truth at Work #21289,Truth at Work #21289,21289,impression,,,Display - AI,106667.0,106667.0,2.0
mcp-Google_Drive-read_file_content-1790081169917.txt,Truth at Work #21289,Truth at Work #21289,21289,impression,,,Display - B,106667.0,106667.0,2.0
mcp-Google_Drive-read_file_content-1790081169917.txt,Truth at Work #21289,Truth at Work #21289,21289,impression,,,Display - Keyword,106667.0,106667.0,2.0
mcp-Google_Drive-read_file_content-1790081169917.txt,Truth at Work #21289,Truth at Work #21289,21289,impression,,,Display - Retargeting,80000.0,80000.0,2.0
mcp-Google_Drive-read_file_content-1790081169917.txt,Truth at Work #21289,Truth at Work #21289,21289,impression,,,Native - AI,106667.0,106667.0,2.0
mcp-Google_Drive-read_file_content-1790081169917.txt,Truth at Work #21289,Truth at Work #21289,21289,impression,,,Native - B,106667.0,106667.0,2.0
mcp-Google_Drive-read_file_content-1790081169917.txt,Truth at Work #21289,Truth at Work #21289,21289,impression,,,Native - Keyword,106667.0,106667.0,2.0
mcp-Google_Drive-read_file_content-1790081169917.txt,Truth at Work #21289,Truth at Work #21289,21289,impression,,,Native - Retargeting,80000.0,80000.0,2.0
mcp-Google_Drive-read_file_content-1790081169917.txt,WGM #21848,WGM #21848,21848,impression,2021-10-12,2022-04-11,Native - AI,80000.0,480000.0,2.0
mcp-Google_Drive-read_file_content-1790081169917.txt,WGM #21848,WGM #21848,21848,impression,2021-10-12,2022-04-11,Native - B,80000.0,480000.0,2.0
mcp-Google_Drive-read_file_content-1790081169917.txt,WGM #21848,WGM #21848,21848,impression,2021-10-12,2022-04-11,Native - Retargeting,40000.0,240000.0,2.0
mcp-Google_Drive-read_file_content-1790081169917.txt,Arts Council Santa Cruz County,Arts Council Santa Cruz County,,impression,2026-09-23,2026-10-17,MC - Categories,50000.0,50000.0,3.5
mcp-Google_Drive-read_file_content-1790081169917.txt,Arts Council Santa Cruz County,Arts Council Santa Cruz County,,impression,2026-09-23,2026-10-17,MC - Geo-Retargeting,25000.0,25000.0,3.5
mcp-Google_Drive-read_file_content-1790081169917.txt,Arts Council Santa Cruz County,Arts Council Santa Cruz County,,impression,2026-09-23,2026-10-17,MC - Geo-Fencing,25000.0,25000.0,3.5
mcp-Google_Drive-read_file_content-1790081169917.txt,Northern California Renaissance Festival,Northern California Renaissance Festival,,impression,2026-09-14,2026-10-23,MC - Categories,50000.0,50000.0,3.5
mcp-Google_Drive-read_file_content-1790081169917.txt,Northern California Renaissance Festival,Northern California Renaissance Festival,,impression,2026-09-14,2026-10-23,MC - Geo-Retargeting,50000.0,50000.0,3.5
mcp-Google_Drive-read_file_content-1790081169917.txt,Northern California Renaissance Festival,Northern California Renaissance Festival,,impression,2026-09-14,2026-10-23,MC - Geo-Fencing,50000.0,50000.0,3.5
mcp-Google_Drive-read_file_content-1790081169917.txt,Northern California Renaissance Festival,Northern California Renaissance Festival,,impression,2026-09-14,2026-10-23,MC - Retargeting,50000.0,50000.0,3.5
mcp-Google_Drive-read_file_content-1790081169917.txt,Santa Cruz County Fair,Santa Cruz County Fair,,impression,2026-08-18,2026-09-22,MC - Categories,100000.0,100000.0,3.5
mcp-Google_Drive-read_file_content-1790081169917.txt,Santa Cruz County Fair,Santa Cruz County Fair,,impression,2026-08-18,2026-09-22,MC - Geo-Retargeting,100000.0,100000.0,3.5
mcp-Google_Drive-read_file_content-1790081169917.txt,Santa Cruz County Fair,Santa Cruz County Fair,,impression,2026-08-18,2026-09-22,MC - Geo-Fencing,12466.0,12466.0,3.5
mcp-Google_Drive-read_file_content-1790081169917.txt,The Edge Sport's Bar & Restaurant,The Edge Sport's Bar & Restaurant,,impression,2025-09-17,2026-09-30,FB Retargeting,1000.0,12000.0,3.5
mcp-Google_Drive-read_file_content-1790081169917.txt,Clinton's Ditch: Production Worker/General Help,Clinton's Ditch: Production Worker/General Help,,impression,2025-12-04,2025-03-01,SM - Retargeting,8235.0,24706.0,4.5
mcp-Google_Drive-read_file_content-1790081169917.txt,Clinton's Ditch: Production Worker/General Help,Clinton's Ditch: Production Worker/General Help,,impression,2025-12-04,2025-03-01,SM - B2B Behavioral,40000.0,120000.0,4.5
mcp-Google_Drive-read_file_content-1790081169917.txt,Clinton's Ditch: Production Worker/General Help,Clinton's Ditch: Production Worker/General Help,,impression,2025-12-04,2025-03-01,SM - AI,40000.0,120000.0,4.5
mcp-Google_Drive-read_file_content-1790081169917.txt,Safe Harbor Wills & Trusts: Estate Planning #41688,Safe Harbor Wills & Trusts: Estate Planning #41688,41688,impression,2026-01-28,2026-12-31,SM - Retargeting,,,3.0
mcp-Google_Drive-read_file_content-1790081169917.txt,"Prime Heating and Air, LLC #44120","Prime Heating and Air, LLC #44120",44120,impression,2026-02-01,2026-12-31,SM - Retargeting,1000.0,11000.0,3.5
mcp-Google_Drive-read_file_content-1790081169917.txt,Safe Harbor- Syracuse Workshop #51893,Safe Harbor- Syracuse Workshop #51893,51893,impression,2026-01-15,2026-01-20,SM - Retargeting,1000.0,1000.0,3.0
mcp-Google_Drive-read_file_content-1790081169917.txt,Safe Harbor- Syracuse Workshop #51893,Safe Harbor- Syracuse Workshop #51893,51893,impression,2026-01-15,2026-01-20,SM - Behavioral,40000.0,40000.0,3.0
mcp-Google_Drive-read_file_content-1790081169917.txt,Safe Harbor- Syracuse Workshop #51893,Safe Harbor- Syracuse Workshop #51893,51893,impression,2026-01-15,2026-01-20,SM - AI,59000.0,59000.0,3.0
mcp-Google_Drive-read_file_content-1790081179509.txt,DSH ENTERTAINMENT INC #55099,DSH ENTERTAINMENT INC #55099,55099,impression,2026-07-24,2026-07-31,SM - Keywords,15000.0,15000.0,3.0
mcp-Google_Drive-read_file_content-1790081179509.txt,DSH ENTERTAINMENT INC #55099,DSH ENTERTAINMENT INC #55099,55099,impression,2026-07-24,2026-07-31,SM - Ai,15000.0,15000.0,3.0
mcp-Google_Drive-read_file_content-1790081179509.txt,DSH ENTERTAINMENT INC #55099,DSH ENTERTAINMENT INC #55099,55099,impression,2026-07-24,2026-07-31,SM - Behavioral,15000.0,15000.0,3.0
mcp-Google_Drive-read_file_content-1790081179509.txt,DSH ENTERTAINMENT INC #55099,DSH ENTERTAINMENT INC #55099,55099,impression,2026-07-24,2026-07-31,SM - Site Retargeting,5000.0,5000.0,3.0
mcp-Google_Drive-read_file_content-1790081179509.txt,DSH ENTERTAINMENT INC #55099,DSH ENTERTAINMENT INC #55099,55099,impression,2026-08-01,2026-08-08,SM - Keywords,10000.0,10000.0,3.0
mcp-Google_Drive-read_file_content-1790081179509.txt,DSH ENTERTAINMENT INC #55099,DSH ENTERTAINMENT INC #55099,55099,impression,2026-08-01,2026-08-08,SM - Ai,10000.0,10000.0,3.0
mcp-Google_Drive-read_file_content-1790081179509.txt,DSH ENTERTAINMENT INC #55099,DSH ENTERTAINMENT INC #55099,55099,impression,2026-08-01,2026-08-08,SM - Behavioral,10000.0,10000.0,3.0
mcp-Google_Drive-read_file_content-1790081179509.txt,DSH ENTERTAINMENT INC #55099,DSH ENTERTAINMENT INC #55099,55099,impression,2026-08-01,2026-08-08,SM - Site Retargeting,3333.0,3333.0,3.0
mcp-Google_Drive-read_file_content-1790081179509.txt,DSH ENTERTAINMENT INC #55099,DSH ENTERTAINMENT INC #55099,55099,impression,2026-08-09,2026-08-15,SM - Keywords,10000.0,10000.0,3.0
mcp-Google_Drive-read_file_content-1790081179509.txt,DSH ENTERTAINMENT INC #55099,DSH ENTERTAINMENT INC #55099,55099,impression,2026-08-09,2026-08-15,SM - Ai,10000.0,10000.0,3.0
mcp-Google_Drive-read_file_content-1790081179509.txt,DSH ENTERTAINMENT INC #55099,DSH ENTERTAINMENT INC #55099,55099,impression,2026-08-09,2026-08-15,SM - Behavioral,10000.0,10000.0,3.0
mcp-Google_Drive-read_file_content-1790081179509.txt,DSH ENTERTAINMENT INC #55099,DSH ENTERTAINMENT INC #55099,55099,impression,2026-08-09,2026-08-15,SM - Site Retargeting,3333.0,3333.0,3.0
mcp-Google_Drive-read_file_content-1790081179509.txt,DSH ENTERTAINMENT INC #55099,DSH ENTERTAINMENT INC #55099,55099,impression,2026-08-16,2026-08-22,SM - Keywords,15000.0,15000.0,3.0
mcp-Google_Drive-read_file_content-1790081179509.txt,DSH ENTERTAINMENT INC #55099,DSH ENTERTAINMENT INC #55099,55099,impression,2026-08-16,2026-08-22,SM - Ai,15000.0,15000.0,3.0
mcp-Google_Drive-read_file_content-1790081179509.txt,DSH ENTERTAINMENT INC #55099,DSH ENTERTAINMENT INC #55099,55099,impression,2026-08-16,2026-08-22,SM - Behavioral,15000.0,15000.0,3.0
mcp-Google_Drive-read_file_content-1790081179509.txt,DSH ENTERTAINMENT INC #55099,DSH ENTERTAINMENT INC #55099,55099,impression,2026-08-16,2026-08-22,SM - Site Retargeting,5000.0,5000.0,3.0
mcp-Google_Drive-read_file_content-1790081179509.txt,Kern Family Health Care #36806,Kern Family Health Care #36806,36806,impression,2024-01-25,2024-02-29,Geo-Fencing SM,83333.0,166666.0,2.0
mcp-Google_Drive-read_file_content-1790081179509.txt,Kern Family Health Care #36806,Kern Family Health Care #36806,36806,impression,2024-01-25,2024-02-29,Geo-Retargeting SM,100000.0,200000.0,2.0
mcp-Google_Drive-read_file_content-1790081179509.txt,City of Ridgecrest #55466,City of Ridgecrest #55466,55466,impression,2026-08-04,2026-09-04,Audio - Beh,14423.0,14423.0,13.0
mcp-Google_Drive-read_file_content-1790081179509.txt,City of Ridgecrest #55466,City of Ridgecrest #55466,55466,impression,2026-08-04,2026-09-04,Audio - AI,14423.0,14423.0,13.0
mcp-Google_Drive-read_file_content-1790081179509.txt,Kern Family Health Care #36806,Kern Family Health Care #36806,36806,impression,2024-01-25,2024-02-29,Geo-Fencing SM,83333.0,166666.0,2.0
mcp-Google_Drive-read_file_content-1790081179509.txt,Kern Family Health Care #36806,Kern Family Health Care #36806,36806,impression,2024-01-25,2024-02-29,Geo-Retargeting SM,100000.0,200000.0,2.0
mcp-Google_Drive-read_file_content-1790081179509.txt,3 Way Chevrolet #27009,3 Way Chevrolet #27009,27009,impression,2024-01-29,2024-10-31,Behavioral Audio,33333.0,300000.0,15.0
mcp-Google_Drive-read_file_content-1790081179509.txt,Artistic Surfaces #36488,Artistic Surfaces #36488,36488,impression,2024-02-01,2024-09-22,Behavioral OTT,30000.0,180000.0,12.0
mcp-Google_Drive-read_file_content-1790081179509.txt,Artistic Surfaces #36488,Artistic Surfaces #36488,36488,impression,2024-02-01,2024-09-22,Retargeting OTT,5714.0,34285.0,12.0
mcp-Google_Drive-read_file_content-1790081179509.txt,Artistic Surfaces #36488,Artistic Surfaces #36488,36488,impression,2024-02-01,2024-09-22,Behavioral OTT,30000.0,180000.0,12.0
mcp-Google_Drive-read_file_content-1790081179509.txt,Artistic Surfaces #36488,Artistic Surfaces #36488,36488,impression,2024-02-01,2024-09-22,Retargeting OTT,5714.0,34285.0,12.0
mcp-Google_Drive-read_file_content-1790081179509.txt,Kern Family Health Care #36806,Kern Family Health Care #36806,36806,impression,2024-01-25,2024-02-29,Geo-Fencing SM,83333.0,166666.0,2.0
mcp-Google_Drive-read_file_content-1790081179509.txt,Kern Family Health Care #36806,Kern Family Health Care #36806,36806,impression,2024-01-25,2024-02-29,Geo-Retargeting SM,100000.0,200000.0,2.0
mcp-Google_Drive-read_file_content-1790081179509.txt,Commute Kern,Commute Kern,,impression,2026-09-02,2026-10-09,MC Categories,53114.0,53114.0,3.5
mcp-Google_Drive-read_file_content-1790081179509.txt,Commute Kern,Commute Kern,,impression,2026-09-02,2026-10-09,MC GeoFencing,25000.0,25000.0,3.5
mcp-Google_Drive-read_file_content-1790081179509.txt,Commute Kern,Commute Kern,,impression,2026-09-02,2026-10-09,MC GeoRetargeting,25000.0,25000.0,3.5
mcp-Google_Drive-read_file_content-1790081179509.txt,Commute Kern,Commute Kern,,impression,2026-09-02,2026-10-09,MC Site Retargeting,5000.0,5000.0,3.5
mcp-Google_Drive-read_file_content-1790081179509.txt,Valley Strong - Kern #51770,Valley Strong,51770,impression,2026-01-26,2026-03-29,AI Audio,20000.0,40000.0,13.0
mcp-Google_Drive-read_file_content-1790081179509.txt,Valley Strong - Kern #51770,Valley Strong,51770,impression,2026-01-26,2026-03-29,Behavioral Audio,10000.0,20000.0,13.0
mcp-Google_Drive-read_file_content-1790081179509.txt,Valley Strong - Tulare #51771,Valley Strong,51771,impression,2026-01-26,2026-03-29,AI Audio,20000.0,40000.0,13.0
mcp-Google_Drive-read_file_content-1790081179509.txt,Valley Strong - Tulare #51771,Valley Strong,51771,impression,2026-01-26,2026-03-29,Behavioral Audio,10000.0,20000.0,13.0
mcp-Google_Drive-read_file_content-1790081179509.txt,Valley Strong - Solano #51769,Valley Strong,51769,impression,2026-01-26,2026-03-29,AI Audio,25000.0,25000.0,13.0
mcp-Google_Drive-read_file_content-1790081179509.txt,Valley Strong - Solano #51769,Valley Strong,51769,impression,2026-01-26,2026-03-29,Behavioral Audio,10000.0,10000.0,13.0
mcp-Google_Drive-read_file_content-1790081179509.txt,Valley Strong - San J County #51768,Valley Strong,51768,impression,2026-01-26,2026-03-29,AI Audio,25000.0,50000.0,13.0
mcp-Google_Drive-read_file_content-1790081179509.txt,Valley Strong - San J County #51768,Valley Strong,51768,impression,2026-01-26,2026-03-29,Behavioral Audio,10000.0,20000.0,13.0
mcp-Google_Drive-read_file_content-1790081179509.txt,SESLOC Credit Union #50136,SESLOC Credit Union #50136,50136,impression,2026-01-09,2026-12-31,Audio - Retarg,5000.0,60000.0,13.0
mcp-Google_Drive-read_file_content-1790081179509.txt,Central Coast Trailers #46423,Central Coast Trailers #46423,46423,impression,2026-02-01,2026-12-31,SM - Retarg,1000.0,11000.0,3.0
mcp-Google_Drive-read_file_content-1790081179509.txt,Tolosa Children's Dental Center #39802,Tolosa Children's Dental Center #39802,39802,impression,2024-07-01,2024-09-30,Behavioral Social Mirror,30000.0,90000.0,2.0
mcp-Google_Drive-read_file_content-1790081179509.txt,Tolosa Children's Dental Center #39802,Tolosa Children's Dental Center #39802,39802,impression,2024-07-01,2024-09-30,Geo-Fencing Social Mirror,30000.0,90000.0,2.0
mcp-Google_Drive-read_file_content-1790081179509.txt,Tolosa Children's Dental Center #39802,Tolosa Children's Dental Center #39802,39802,impression,2024-07-01,2024-09-30,Geo-Retargeting Social Mirror,30000.0,90000.0,2.0
mcp-Google_Drive-read_file_content-1790081179509.txt,Tolosa Children's Dental Center #39802,Tolosa Children's Dental Center #39802,39802,impression,2024-07-01,2024-09-30,Keyword Social Mirror,30000.0,90000.0,2.0
mcp-Google_Drive-read_file_content-1790081179509.txt,Tolosa Children's Dental Center #39802,Tolosa Children's Dental Center #39802,39802,impression,2024-07-01,2024-09-30,Retargeting Social Mirror,13333.0,39999.0,2.0
mcp-Google_Drive-read_file_content-1790081179509.txt,Wrona's Quality Auto Repair #39984,Wrona's Quality Auto Repair #39984,39984,impression,2024-08-01,2025-01-31,AI SM,40000.0,240000.0,2.0
mcp-Google_Drive-read_file_content-1790081179509.txt,Wrona's Quality Auto Repair #39984,Wrona's Quality Auto Repair #39984,39984,impression,2024-08-01,2025-01-31,Behavioral SM,40000.0,240000.0,2.0
mcp-Google_Drive-read_file_content-1790081179509.txt,Wrona's Quality Auto Repair #39984,Wrona's Quality Auto Repair #39984,39984,impression,2024-08-01,2025-01-31,Retargeting SM,20000.0,120000.0,2.0
mcp-Google_Drive-read_file_content-1790081179509.txt,Eagle Investigations #50817,Eagle Investigations #50817,50817,impression,2025-11-25,2025-02-28,AI SM,40000.0,120000.0,4.5
mcp-Google_Drive-read_file_content-1790081179509.txt,Eagle Investigations #50817,Eagle Investigations #50817,50817,impression,2025-11-25,2025-02-28,Behavioral SM,40000.0,120000.0,4.5
mcp-Google_Drive-read_file_content-1790081179509.txt,Eagle Investigations #50817,Eagle Investigations #50817,50817,impression,2025-11-25,2025-02-28,Retargeting SM,8235.0,24705.0,4.5
mcp-Google_Drive-read_file_content-1790081179509.txt,BDHD - Suave Mattress #56089 PMAX,BDHD,56089,event,2026-09-02,2026-09-17,Pmax - Search Themes EN,375.0,375.0,187.5
mcp-Google_Drive-read_file_content-1790081179509.txt,Bayside Mattress #55616,Bayside Mattress #55616,55616,impression,2026-08-17,2026-11-15,MC - Categories,90000.0,270000.0,
mcp-Google_Drive-read_file_content-1790081179509.txt,Bayside Mattress #55616,Bayside Mattress #55616,55616,impression,2026-08-17,2026-11-15,MC - GF,5000.0,15000.0,
mcp-Google_Drive-read_file_content-1790081179509.txt,Bayside Mattress #55616,Bayside Mattress #55616,55616,impression,2026-08-17,2026-11-15,MC - GR,5000.0,15000.0,
mcp-Google_Drive-read_file_content-1790081179509.txt,Blue Rock Golf Academy #55189,Blue Rock Golf Academy #55189,55189,impression,2026-07-14,2026-08-30,SM - KW,50000.0,100000.0,3.0
mcp-Google_Drive-read_file_content-1790081179509.txt,Blue Rock Golf Academy #55189,Blue Rock Golf Academy #55189,55189,impression,2026-07-14,2026-08-30,SM - Behavioral,50000.0,100000.0,3.0
mcp-Google_Drive-read_file_content-1790081179509.txt,Blue Rock Golf Academy #55189,Blue Rock Golf Academy #55189,55189,impression,2026-09-01,2026-09-30,SM - KW,50000.0,50000.0,3.0
mcp-Google_Drive-read_file_content-1790081179509.txt,Blue Rock Golf Academy #55189,Blue Rock Golf Academy #55189,55189,impression,2026-09-01,2026-09-30,SM - Behavioral,50000.0,50000.0,3.0
mcp-Google_Drive-read_file_content-1790081179509.txt,Blue Rock Golf Course #53430,Blue Rock Golf Course #53430,53430,event,2026-09-02,2026-09-30,PMax - Search Theme,1700.0,1700.0,425.0
mcp-Google_Drive-read_file_content-1790081179509.txt,Cape Symphony #53956,Cape Symphony #53956,53956,impression,2026-05-21,2026-07-22,SM - Behavioral,35000.0,70000.0,3.0
mcp-Google_Drive-read_file_content-1790081179509.txt,Cape Symphony #53956,Cape Symphony #53956,53956,impression,2026-05-21,2026-07-22,SM - KW,30000.0,60000.0,3.0
mcp-Google_Drive-read_file_content-1790081179509.txt,Cape Symphony #53956,Cape Symphony #53956,53956,impression,2026-05-21,2026-07-22,SM - AI,35000.0,70000.0,3.0
mcp-Google_Drive-read_file_content-1790081179509.txt,Floor Coverings International Cape Cod #52058,Floor Coverings International Cape Cod #52058,52058,impression,2026-03-16,2026-09-15,MC - Categories,80000.0,480000.0,
mcp-Google_Drive-read_file_content-1790081179509.txt,Floor Coverings International Cape Cod #52058,Floor Coverings International Cape Cod #52058,52058,impression,2026-03-16,2026-09-15,MC - GF,2647.0,15882.0,
mcp-Google_Drive-read_file_content-1790081179509.txt,Floor Coverings International Cape Cod #52058,Floor Coverings International Cape Cod #52058,52058,impression,2026-03-16,2026-09-15,MC - GR,35000.0,210000.0,
mcp-Google_Drive-read_file_content-1790081179509.txt,"Floor Covering International of Houston, TX #55703","Floor Covering International of Houston, TX #55703",55703,impression,2026-08-18,2027-02-15,SM - Content,79411.0,476466.0,3.0
mcp-Google_Drive-read_file_content-1790081179509.txt,"Floor Covering International of Houston, TX #55703","Floor Covering International of Houston, TX #55703",55703,impression,2026-08-18,2027-02-15,SM - KW,50000.0,300000.0,3.0
mcp-Google_Drive-read_file_content-1790081179509.txt,"GreenHow, Inc #51242","GreenHow, Inc #51242",51242,impression,2026-03-01,2026-09-30,CTV - Retargeting,3333.0,23331.0,12.0
mcp-Google_Drive-read_file_content-1790081179509.txt,"GreenHow, Inc #51242","GreenHow, Inc #51242",51242,impression,2026-03-01,2026-09-30,CTV - AI,25000.0,175000.0,12.0
mcp-Google_Drive-read_file_content-1790081179509.txt,"GreenHow, Inc #51242","GreenHow, Inc #51242",51242,impression,2026-03-01,2026-09-30,CTV - Behavioral,25000.0,175000.0,12.0
mcp-Google_Drive-read_file_content-1790081179509.txt,Haven Center #51135,Haven Center #51135,51135,impression,2025-12-09,2026-11-30,RESTRICTED,,,
mcp-Google_Drive-read_file_content-1790081179509.txt,Housing Assistance Corporation #55034,Housing Assistance Corporation #55034,55034,impression,2026-08-06,2027-06-30,D - Retargeting,6363.0,69993.0,2.5
mcp-Google_Drive-read_file_content-1790081179509.txt,Housing Assistance Corporation #55034,Housing Assistance Corporation #55034,55034,impression,2026-08-06,2027-06-30,D - Behavioral,100000.0,1100000.0,2.5
mcp-Google_Drive-read_file_content-1790081179509.txt,Hyannis Country Garden #55252,Hyannis Country Garden #55252,55252,impression,2026-09-01,2026-09-30,MC - GF,5794.0,5794.0,3.5
mcp-Google_Drive-read_file_content-1790081179509.txt,Hyannis Country Garden #55252,Hyannis Country Garden #55252,55252,impression,2026-09-01,2026-09-30,MC - GR,10794.0,10794.0,3.5
mcp-Google_Drive-read_file_content-1790081179509.txt,JTEC #56167,JTEC #56167,56167,impression,2026-09-14,2026-10-09,SM - KW,25363.0,25363.0,3.5
mcp-Google_Drive-read_file_content-1790081179509.txt,JTEC #56167,JTEC #56167,56167,impression,2026-09-14,2026-10-09,SM - B2B Behavioral,40000.0,40000.0,3.5
mcp-Google_Drive-read_file_content-1790081179509.txt,JTEC #56167,JTEC #56167,56167,impression,2026-09-14,2026-10-09,SM - AI,40000.0,40000.0,3.5
mcp-Google_Drive-read_file_content-1790081179509.txt,Mid-Cape Home Centers Marvin #53370,Mid-Cape Home Centers Marvin #53370,53370,impression,2026-09-03,2026-10-31,SM CTV - Retargeting,5000.0,10000.0,14.0
mcp-Google_Drive-read_file_content-1790081179509.txt,Mid-Cape Home Centers Marvin #53370,Mid-Cape Home Centers Marvin #53370,53370,impression,2026-09-03,2026-10-31,SM CTV - Behavioral,20000.0,40000.0,14.0
mcp-Google_Drive-read_file_content-1790081179509.txt,QXO #54675,QXO #54675,54675,impression,2026-09-08,2026-12-31,MC - Categories,152705.0,610820.0,
mcp-Google_Drive-read_file_content-1790081179509.txt,QXO #54675,QXO #54675,54675,impression,2026-09-08,2026-12-31,MC - GF,5000.0,20000.0,
mcp-Google_Drive-read_file_content-1790081179509.txt,QXO #54675,QXO #54675,54675,impression,2026-09-08,2026-12-31,MC - GR,7000.0,28000.0,
mcp-Google_Drive-read_file_content-1790081179509.txt,SBS One Source (Architects) #54144,SBS One Source (Architects) #54144,54144,impression,2026-06-18,2027-05-31,FB/Insta Retargeting,9285.0,111420.0,14.34
mcp-Google_Drive-read_file_content-1790081179509.txt,SBS One Source (Builders/Contractors) #54143,SBS One Source (Builders/Contractors) #54143,54143,impression,2026-07-01,2027-06-30,MC - Retargeting,2000.0,24000.0,
mcp-Google_Drive-read_file_content-1790081179509.txt,Superior Fence Myrtle Beach #52109,Superior Fence Myrtle Beach #52109,52109,impression,2026-03-01,2026-10-31,SM - Behavioral,55000.0,440000.0,3.0
mcp-Google_Drive-read_file_content-1790081179509.txt,Superior Fence Myrtle Beach #52109,Superior Fence Myrtle Beach #52109,52109,impression,2026-03-01,2026-10-31,SM - Retargeting,882.0,7056.0,3.0
mcp-Google_Drive-read_file_content-1790081179509.txt,Superior Fence Myrtle Beach #52109,Superior Fence Myrtle Beach #52109,52109,impression,2026-03-01,2026-10-31,SM - KW,50000.0,400000.0,3.0
mcp-Google_Drive-read_file_content-1790081179509.txt,Windfall Market #50590,Windfall Market #50590,50590,impression,2026-03-06,2026-12-31,MC - Retargeting,3000.0,30000.0,
mcp-Google_Drive-read_file_content-1790081179509.txt,Windfall Market #50590,Windfall Market #50590,50590,impression,2026-03-06,2026-12-31,MC - Categories,77000.0,770000.0,
mcp-Google_Drive-read_file_content-1790081179509.txt,Any Lab Test Now - Royal Oak #23842,Any Lab Test Now,23842,impression,2022-02-10,2022-09-30,Display - Retargeting,15000.0,120000.0,2.0
mcp-Google_Drive-read_file_content-1790081179509.txt,Any Lab Test Now - Royal Oak #23842,Any Lab Test Now,23842,impression,2022-02-10,2022-09-30,Display - B,55000.0,440000.0,2.0
mcp-Google_Drive-read_file_content-1790081179509.txt,Any Lab Test Now - Royal Oak #23842,Any Lab Test Now,23842,impression,2022-02-10,2022-09-30,Display Keyword,30000.0,240000.0,2.0
mcp-Google_Drive-read_file_content-1790081179509.txt,Any Lab Test Now - Waco #21169,Any Lab Test Now,21169,impression,2021-10-01,2022-01-31,Display AI,125000.0,500000.0,2.0
mcp-Google_Drive-read_file_content-1790081179509.txt,Any Lab Test Now - Waco #21169,Any Lab Test Now,21169,impression,2021-10-01,2022-01-31,Display Categories,50000.0,200000.0,2.0
mcp-Google_Drive-read_file_content-1790081179509.txt,Any Lab Test Now - Waco #21169,Any Lab Test Now,21169,impression,2021-10-01,2022-01-31,Display Keyword,25000.0,100000.0,2.0
mcp-Google_Drive-read_file_content-1790081179509.txt,Birdie's Golf Lounge #22094,Birdie's Golf Lounge #22094,22094,impression,2022-05-12,2022-07-31,Facebook Premium,30000.0,90000.0,5.0
mcp-Google_Drive-read_file_content-1790081179509.txt,Birdie's Golf Lounge #22094,Birdie's Golf Lounge #22094,22094,impression,2022-05-12,2022-07-31,Facebook Retargeting,10000.0,30000.0,5.0
mcp-Google_Drive-read_file_content-1790081179509.txt,Cedar City Rotary Club #24864,Cedar City Rotary Club #24864,24864,impression,2022-06-01,2022-07-08,Facebook Premium,50000.0,50000.0,5.0
mcp-Google_Drive-read_file_content-1790081179509.txt,Cedar City Rotary Club #24864,Cedar City Rotary Club #24864,24864,impression,2022-06-01,2022-07-08,Facebook Retargeting,10000.0,10000.0,5.0
mcp-Google_Drive-read_file_content-1790081179509.txt,Colorado Northern Community College #23975,Colorado Northern Community College #23975,23975,impression,2022-03-04,2022-05-31,SM - AI,56667.0,170000.0,2.0
mcp-Google_Drive-read_file_content-1790081179509.txt,Coral Canyon Golf Course #20473,Coral Canyon Golf Course #20473,20473,impression,2021-09-30,2022-09-28,MC Categories,60000.0,720000.0,3.5
mcp-Google_Drive-read_file_content-1790081179509.txt,Coral Sands Adventures #22373,Coral Sands Adventures #22373,22373,impression,2021-11-29,2022-02-20,MC Categories,70000.0,210000.0,3.5
mcp-Google_Drive-read_file_content-1790081179509.txt,Coral Sands Adventures #22373,Coral Sands Adventures #22373,22373,impression,2021-11-29,2022-02-20,MC Geo-Fencing,10000.0,30000.0,3.5
mcp-Google_Drive-read_file_content-1790081179509.txt,Coral Sands Adventures #22373,Coral Sands Adventures #22373,22373,impression,2021-11-29,2022-02-20,MC Geo-Retargeting,20000.0,60000.0,3.5
mcp-Google_Drive-read_file_content-1790081179509.txt,David Swann Appliance Repair #22074,David Swann Appliance Repair #22074,22074,impression,2022-01-26,2023-01-24,Facebook Premium,40000.0,480000.0,5.0
mcp-Google_Drive-read_file_content-1790081179509.txt,CCM UTH - Garden City Community College #25153,CCM UTH,25153,impression,2022-07-07,2022-08-31,SM - AI,40000.0,80000.0,2.0
mcp-Google_Drive-read_file_content-1790081179509.txt,CCM UTH - Garden City Community College #25153,CCM UTH,25153,impression,2022-07-07,2022-08-31,SM - KW,20000.0,40000.0,2.0
mcp-Google_Drive-read_file_content-1790081179509.txt,Lannister Construction #23776,Lannister Construction #23776,23776,impression,2022-03-08,2022-08-31,MC Categories,70000.0,420000.0,3.5
mcp-Google_Drive-read_file_content-1790081179509.txt,Lannister Construction #23776,Lannister Construction #23776,23776,impression,2022-03-08,2022-08-31,MC Geo-Fencing,10000.0,60000.0,3.5
mcp-Google_Drive-read_file_content-1790081179509.txt,Lannister Construction #23776,Lannister Construction #23776,23776,impression,2022-03-08,2022-08-31,MC Geo-Retargeting,20000.0,120000.0,3.5
mcp-Google_Drive-read_file_content-1790081179509.txt,Laundry On The Move #25420,Laundry On The Move #25420,25420,impression,2022-05-18,2022-08-31,SM - AI,35000.0,140000.0,2.0
mcp-Google_Drive-read_file_content-1790081179509.txt,Pizza Hut - Southern Utah #18498,Pizza Hut,18498,impression,2021-07-02,2022-03-02,Social Mirror AI,35000.0,245000.0,2.0
mcp-Google_Drive-read_file_content-1790081179509.txt,Prime IV Hydration and Wellness - Ormond Beach #21806,Prime IV Hydration and Wellness,21806,impression,2021-11-08,2021-11-30,MC Categories,83333.0,83333.0,3.5
mcp-Google_Drive-read_file_content-1790081179509.txt,Prime IV Hydration and Wellness - Ormond Beach #21806,Prime IV Hydration and Wellness,21806,impression,2021-11-08,2021-11-30,MC Ormond Geo-Fencing,12500.0,12500.0,3.5
mcp-Google_Drive-read_file_content-1790081179509.txt,Prime IV Hydration and Wellness - Ormond Beach #21806,Prime IV Hydration and Wellness,21806,impression,2021-11-08,2021-11-30,MC Ormond Geo-Retargeting,12500.0,12500.0,3.5
mcp-Google_Drive-read_file_content-1790081179509.txt,Prime IV Hydration and Wellness - Ormond Beach #21806,Prime IV Hydration and Wellness,21806,impression,2021-11-08,2021-11-30,MC New Smyrna Geo-Fencing,12500.0,12500.0,3.5
mcp-Google_Drive-read_file_content-1790081179509.txt,Prime IV Hydration and Wellness - Ormond Beach #21806,Prime IV Hydration and Wellness,21806,impression,2021-11-08,2021-11-30,MC New Smyrna Geo-Retargeting,12500.0,12500.0,3.5
mcp-Google_Drive-read_file_content-1790081179509.txt,Prime IV Hydration and Wellness - South Jordan #21579,Prime IV Hydration and Wellness,21579,impression,2021-10-05,2022-02-28,MC Categories,93333.0,466667.0,3.5
mcp-Google_Drive-read_file_content-1790081179509.txt,Prime IV Hydration and Wellness - South Jordan #21579,Prime IV Hydration and Wellness,21579,impression,2021-10-05,2022-02-28,MC Geo-Fencing,10000.0,50000.0,3.5
mcp-Google_Drive-read_file_content-1790081179509.txt,Prime IV Hydration and Wellness - South Jordan #21579,Prime IV Hydration and Wellness,21579,impression,2021-10-05,2022-02-28,MC Geo-Retargeting,30000.0,150000.0,3.5
mcp-Google_Drive-read_file_content-1790081179509.txt,Sand Hollow Resort #24326,Sand Hollow Resort #24326,24326,impression,2022-07-12,2022-07-23,SM - AI -,50000.0,50000.0,2.0
mcp-Google_Drive-read_file_content-1790081179509.txt,Sand Hollow Resort #24326,Sand Hollow Resort #24326,24326,impression,2022-07-12,2022-07-23,SM - B,20000.0,20000.0,2.0
mcp-Google_Drive-read_file_content-1790081179509.txt,Sand Hollow Resort #24326,Sand Hollow Resort #24326,24326,impression,2022-07-12,2022-07-23,SM - KW,30000.0,30000.0,2.0
mcp-Google_Drive-read_file_content-1790081179509.txt,Shivwits Convenience Store & Market #25783,Shivwits Convenience Store & Market #25783,25783,impression,2022-06-08,2023-05-31,SM - AI,50000.0,600000.0,2.0
mcp-Google_Drive-read_file_content-1790081179509.txt,Southern Utah Mortuary #22598,Southern Utah Mortuary #22598,22598,impression,2022-01-01,2022-12-31,Facebook Premium,35000.0,420000.0,2.16
mcp-Google_Drive-read_file_content-1790081179509.txt,Taylor Andrews Academy #21933,Taylor Andrews Academy #21933,21933,impression,2022-01-01,2022-12-31,Facebook Premium,40000.0,480000.0,2.45
mcp-Google_Drive-read_file_content-1790081179509.txt,Utah Shakespeare Festival - BARK VEGAS,Utah Shakespeare Festival,,impression,2022-05-15,2022-05-31,DIsplay - AI,65000.0,65000.0,2.0
mcp-Google_Drive-read_file_content-1790081179509.txt,Utah Shakespeare Festival - BARK VEGAS,Utah Shakespeare Festival,,impression,2022-05-15,2022-05-31,Display - B,65000.0,65000.0,2.0
mcp-Google_Drive-read_file_content-1790081179509.txt,Utah Shakespeare Festival - BARK VEGAS,Utah Shakespeare Festival,,impression,2022-05-15,2022-05-31,Display - KW,30000.0,30000.0,2.0
mcp-Google_Drive-read_file_content-1790081179509.txt,Utah Shakespeare Festival - BARK VEGAS,Utah Shakespeare Festival,,impression,2022-05-15,2022-05-31,Display - Retargeting,20000.0,20000.0,2.0
mcp-Google_Drive-read_file_content-1790081179509.txt,Utah Shakespeare Festival - BARK VEGAS,Utah Shakespeare Festival,,impression,2022-05-15,2022-05-31,Display GF,10000.0,10000.0,2.0
mcp-Google_Drive-read_file_content-1790081179509.txt,Utah Shakespeare Festival - BARK VEGAS,Utah Shakespeare Festival,,impression,2022-05-15,2022-05-31,Display GR,10000.0,10000.0,2.0
mcp-Google_Drive-read_file_content-1790081179509.txt,Utah Shakespeare Festival - BARK (SALT LAKE CITY),Utah Shakespeare Festival,,impression,2022-05-15,2022-05-31,DIsplay -GF,10000.0,10000.0,2.0
mcp-Google_Drive-read_file_content-1790081179509.txt,Utah Shakespeare Festival - BARK (SALT LAKE CITY),Utah Shakespeare Festival,,impression,2022-05-15,2022-05-31,Display - GR,10000.0,10000.0,2.0
mcp-Google_Drive-read_file_content-1790081179509.txt,Utah Shakespeare Festival - BARK (SALT LAKE CITY),Utah Shakespeare Festival,,impression,2022-05-15,2022-05-31,Display - B,80000.0,80000.0,2.0
mcp-Google_Drive-read_file_content-1790081179509.txt,Utah Shakespeare Festival - BARK (SALT LAKE CITY),Utah Shakespeare Festival,,impression,2022-05-15,2022-05-31,Display - KW,40000.0,40000.0,2.0
mcp-Google_Drive-read_file_content-1790081179509.txt,Utah Shakespeare Festival - BARK (SALT LAKE CITY),Utah Shakespeare Festival,,impression,2022-05-15,2022-05-31,Display - Retargeting,10000.0,10000.0,2.0
mcp-Google_Drive-read_file_content-1790081179509.txt,Utah Shakespeare Festival - IP,Utah Shakespeare Festival,,impression,2022-05-15,2022-09-03,IP - Display,28572.0,114286.0,10.0
mcp-Google_Drive-read_file_content-1790081179509.txt,Utah Shakespeare Festival - IP,Utah Shakespeare Festival,,impression,2022-05-15,2022-09-03,IP - Native,28571.0,114285.0,10.0
mcp-Google_Drive-read_file_content-1790081179509.txt,Willie Billings,Willie Billings,,impression,2022-05-16,2022-06-15,MC Address Targeting,117778.0,117778.0,3.5
mcp-Google_Drive-read_file_content-1790081179509.txt,Willie Billings,Willie Billings,,impression,2022-05-16,2022-06-15,MC Address Retargeting,58889.0,58889.0,3.5
mcp-Google_Drive-read_file_content-1790081179509.txt,Willie Billings,Willie Billings,,impression,2022-05-16,2022-06-15,SM - AI,28333.0,28333.0,2.0
mcp-Google_Drive-read_file_content-1790081179509.txt,Willie Billings,Willie Billings,,impression,2022-05-16,2022-06-15,SM - CP,5000.0,5000.0,2.0
mcp-Google_Drive-read_file_content-1790081179509.txt,Willie Billings,Willie Billings,,impression,2022-06-03,2022-06-27,FB Mobile Retargeting,5000.0,5000.0,5.0
mcp-Google_Drive-read_file_content-1790081179509.txt,Willie Billings,Willie Billings,,impression,2022-06-03,2022-06-27,FB Retargeting,15000.0,15000.0,5.0
mcp-Google_Drive-read_file_content-1790081179509.txt,Utah Shakespeare Festival MC,Utah Shakespeare Festival MC,,impression,2022-05-15,2022-05-31,MC - Categories,66666.0,66666.0,3.5
mcp-Google_Drive-read_file_content-1790081179509.txt,Utah Shakespeare Festival MC,Utah Shakespeare Festival MC,,impression,2022-05-15,2022-05-31,MC - GF,26667.0,26667.0,3.5
mcp-Google_Drive-read_file_content-1790081179509.txt,Utah Shakespeare Festival MC,Utah Shakespeare Festival MC,,impression,2022-05-15,2022-05-31,MC - GR,40000.0,40000.0,3.5
mcp-Google_Drive-read_file_content-1790081179509.txt,Wasatch Medical #22216,Wasatch Medical #22216,22216,impression,2021-11-11,2021-11-30,Native AI,60000.0,60000.0,2.0
mcp-Google_Drive-read_file_content-1790081179509.txt,Wasatch Medical #22216,Wasatch Medical #22216,22216,impression,2021-11-11,2021-11-30,Native Behavioral,60000.0,60000.0,2.0
mcp-Google_Drive-read_file_content-1790081179509.txt,Wasatch Medical #22216,Wasatch Medical #22216,22216,impression,2021-11-11,2021-11-30,Native Keyword,20000.0,20000.0,2.0
mcp-Google_Drive-read_file_content-1790081179509.txt,Wasatch Medical #22216,Wasatch Medical #22216,22216,impression,2021-11-11,2021-11-30,Native Retargeting,10000.0,10000.0,2.0
mcp-Google_Drive-read_file_content-1790081179509.txt,Wasatch Medical #22216,Wasatch Medical #22216,22216,impression,2021-11-11,2021-11-30,Audio AI,25000.0,25000.0,5.0
mcp-Google_Drive-read_file_content-1790081179509.txt,Wasatch Medical #22216,Wasatch Medical #22216,22216,impression,2021-11-11,2021-11-30,Audio Behavioral,5000.0,5000.0,5.0
mcp-Google_Drive-read_file_content-1790081179509.txt,Girl Scouts of Western WA DOOH #55682,Girl Scouts of Western WA DOOH #55682,55682,impression,2026-09-01,2026-09-30,DOOH display,50000.0,50000.0,10.0
mcp-Google_Drive-read_file_content-1790081179509.txt,Whidbey Island Electric,Whidbey Island Electric,,impression,2026-08-04,2026-11-04,Website Retargeting - display,25000.0,75000.0,2.5
mcp-Google_Drive-read_file_content-1790081179509.txt,Whidbey Island Electric,Whidbey Island Electric,,impression,2026-08-04,2026-11-04,Keyword Targeting - display,25000.0,75000.0,2.5
mcp-Google_Drive-read_file_content-1790081179509.txt,Whidbey Island Electric,Whidbey Island Electric,,impression,2026-08-04,2026-11-04,Behavioral Targeting - display,25000.0,75000.0,2.5
mcp-Google_Drive-read_file_content-1790081179509.txt,Whidbey Island Electric,Whidbey Island Electric,,impression,2026-08-04,2026-11-04,AI Targeting - display,25000.0,75000.0,2.5
mcp-Google_Drive-read_file_content-1790081179509.txt,Whidbey Island Electric,Whidbey Island Electric,,impression,2026-08-04,2026-11-04,WVID Targeting - display,,,2.5
mcp-Google_Drive-read_file_content-1790081179509.txt,Swiss Bear MumFest #54429,Swiss Bear MumFest #54429,54429,impression,2026-09-03,2026-10-11,LAYERED,,,
mcp-Google_Drive-read_file_content-1790081179509.txt,Swiss Bear MumFest #54429,Swiss Bear MumFest #54429,54429,impression,2026-09-03,2026-10-11,SM - Retargeting,235.0,235.0,3.5
mcp-Google_Drive-read_file_content-1790081179509.txt,Swiss Bear MumFest #54429,Swiss Bear MumFest #54429,54429,impression,2026-09-03,2026-10-11,SM - GF,8000.0,8000.0,3.5
mcp-Google_Drive-read_file_content-1790081179509.txt,Swiss Bear MumFest #54429,Swiss Bear MumFest #54429,54429,impression,2026-09-03,2026-10-11,SM - GR,10000.0,10000.0,3.5
mcp-Google_Drive-read_file_content-1790081179509.txt,Swiss Bear MumFest #54429,Swiss Bear MumFest #54429,54429,impression,2026-09-03,2026-10-11,SM - KW,35000.0,35000.0,3.5
mcp-Google_Drive-read_file_content-1790081179509.txt,Swiss Bear MumFest #54429,Swiss Bear MumFest #54429,54429,impression,2026-09-03,2026-10-11,SM - Behavioral,35000.0,35000.0,3.5
mcp-Google_Drive-read_file_content-1790081179509.txt,Swiss Bear MumFest #54429,Swiss Bear MumFest #54429,54429,impression,2026-09-01,2026-10-11,MC - Retargeting,5000.0,5000.0,
mcp-Google_Drive-read_file_content-1790081179509.txt,Swiss Bear MumFest #54429,Swiss Bear MumFest #54429,54429,impression,2026-09-01,2026-10-11,MC - Categories,45000.0,45000.0,
mcp-Google_Drive-read_file_content-1790081179509.txt,Swiss Bear MumFest #54429,Swiss Bear MumFest #54429,54429,impression,2026-09-01,2026-10-11,MC - GF,25000.0,25000.0,
mcp-Google_Drive-read_file_content-1790081179509.txt,Swiss Bear MumFest #54429,Swiss Bear MumFest #54429,54429,impression,2026-09-01,2026-10-11,MC - GR,25000.0,25000.0,
mcp-Google_Drive-read_file_content-1790081179509.txt,United Parcel Service #52380,United Parcel Service #52380,52380,impression,2026-03-01,2026-12-31,VISIT TRACKING,,,
mcp-Google_Drive-read_file_content-1790081179509.txt,United Parcel Service #52380,United Parcel Service #52380,52380,impression,2026-03-01,2026-12-31,SM - CP,5411.0,54110.0,3.0
mcp-Google_Drive-read_file_content-1790081179509.txt,United Parcel Service #52380,United Parcel Service #52380,52380,impression,2026-03-01,2026-12-31,SM - AI,24000.0,240000.0,3.0
mcp-Google_Drive-read_file_content-1790081179509.txt,North Carolina Freedom Fest #54690,North Carolina Freedom Fest #54690,54690,impression,2026-07-23,2026-09-12,SM - Retargeting,6666.0,13332.0,3.0
mcp-Google_Drive-read_file_content-1790081179509.txt,Tillman's Restaurant and Equipment #54442,Tillman's Restaurant and Equipment #54442,54442,impression,2026-07-01,2027-06-30,D - Retargeting,5000.0,60000.0,3.0
mcp-Google_Drive-read_file_content-1790081179509.txt,Amorem #53470,Amorem #53470,53470,impression,2026-04-12,2026-09-16,FB/Insta Premium,60000.0,300000.0,4.27
mcp-Google_Drive-read_file_content-1790081179509.txt,AppState Arts and Culture Live Radio Show #55972,AppState Arts and Culture Live Radio Show #55972,55972,impression,2026-09-11,2026-10-13,FB/Insta Retargeting,10000.0,10000.0,5.0
mcp-Google_Drive-read_file_content-1790081179509.txt,AppState Arts and Culture Live Radio Show #55972,AppState Arts and Culture Live Radio Show #55972,55972,impression,2026-09-11,2026-10-13,FB/Insta Premium,25000.0,25000.0,5.0
mcp-Google_Drive-read_file_content-1790081179509.txt,AppState Arts and Culture Live Radio Show #55972,AppState Arts and Culture Live Radio Show #55972,55972,impression,2026-09-11,2026-10-13,FB/Insta Event,25000.0,25000.0,5.0
mcp-Google_Drive-read_file_content-1790081179509.txt,BRIGHT Eyes - Eye Spa #55212,BRIGHT Eyes,55212,impression,2026-09-16,2026-03-15,SM - Retargeting,235.0,1410.0,3.0
mcp-Google_Drive-read_file_content-1790081179509.txt,BRIGHT Eyes - Eye Spa #55212,BRIGHT Eyes,55212,impression,2026-09-16,2026-03-15,SM - KW,20000.0,120000.0,3.0
mcp-Google_Drive-read_file_content-1790081179509.txt,BRIGHT Eyes - Eye Spa #55212,BRIGHT Eyes,55212,impression,2026-09-16,2026-03-15,SM - Behavioral,34000.0,204000.0,3.0
mcp-Google_Drive-read_file_content-1790081179509.txt,BRIGHT Eyes - Eye Spa #55212,BRIGHT Eyes,55212,impression,2026-09-16,2026-03-15,SM - AI,34000.0,204000.0,3.0
mcp-Google_Drive-read_file_content-1790081179509.txt,Caldwell Community College #53939,Caldwell Community College #53939,53939,impression,2026-06-11,2026-09-11,FB/Insta Retargeting,6800.0,20400.0,5.0
mcp-Google_Drive-read_file_content-1790081179509.txt,Caldwell Community College #53939,Caldwell Community College #53939,53939,impression,2026-06-11,2026-09-11,FB/Insta Premium,70000.0,210000.0,5.0
mcp-Google_Drive-read_file_content-1790081179509.txt,Caldwell Community College & Technical Institute #54445,Caldwell Community College & Technical Institute #54445,54445,impression,2026-07-06,2026-10-11,FB/Insta Retargeting,5000.0,15000.0,
mcp-Google_Drive-read_file_content-1790081179509.txt,Caldwell Community College & Technical Institute #54445,Caldwell Community College & Technical Institute #54445,54445,impression,2026-07-06,2026-10-11,FB/Insta Premium ZIPS,40000.0,120000.0,5.15
mcp-Google_Drive-read_file_content-1790081179509.txt,Caldwell Community College & Technical Institute #54445,Caldwell Community College & Technical Institute #54445,54445,impression,2026-07-06,2026-10-11,FB/Insta Premium CAMPUS RADIUS,15000.0,45000.0,3.95
mcp-Google_Drive-read_file_content-1790081179509.txt,J.E. Broyhill Civic Center #55437,J.E. Broyhill Civic Center #55437,55437,impression,2026-08-17,2026-09-16,615/Ricky Skaggs/Linda Davis/Celebrate Christmas,,,
mcp-Google_Drive-read_file_content-1790081179509.txt,J.E. Broyhill Civic Center #55437,J.E. Broyhill Civic Center #55437,55437,impression,2026-08-17,2026-09-16,FB/Insta Retargeting,10000.0,10000.0,5.0
mcp-Google_Drive-read_file_content-1790081179509.txt,J.E. Broyhill Civic Center #55437,J.E. Broyhill Civic Center #55437,55437,impression,2026-08-17,2026-09-16,FB/Insta Premium,50000.0,50000.0,5.0
mcp-Google_Drive-read_file_content-1790081179509.txt,J.E. Broyhill Civic Center #55437,J.E. Broyhill Civic Center #55437,55437,impression,2026-09-13,2026-10-10,Arrival/Purple Experience/Poe Dinner/Rock This Way,,,
mcp-Google_Drive-read_file_content-1790081179509.txt,J.E. Broyhill Civic Center #55437,J.E. Broyhill Civic Center #55437,55437,impression,2026-09-13,2026-10-10,FB/Insta Retargeting,10000.0,10000.0,5.0
mcp-Google_Drive-read_file_content-1790081179509.txt,J.E. Broyhill Civic Center #55437,J.E. Broyhill Civic Center #55437,55437,impression,2026-09-13,2026-10-10,FB/Insta Premium,50000.0,50000.0,5.0
mcp-Google_Drive-read_file_content-1790081179509.txt,J.E. Broyhill Civic Center #55437,J.E. Broyhill Civic Center #55437,55437,event,2026-09-13,2026-10-10,PMax - Search Themes,1500.0,1500.0,375.0
mcp-Google_Drive-read_file_content-1790081179509.txt,Town of Hudson #55507,Town of Hudson #55507,55507,impression,2026-09-01,2027-06-30,FB/Insta Premium,60000.0,600000.0,5.0
mcp-Google_Drive-read_file_content-1790081179509.txt,Hanover County Tourism #53288,Hanover County Tourism #53288,53288,impression,2026-04-08,2026-12-31,Behavioral SM,50000.0,450000.0,3.5
mcp-Google_Drive-read_file_content-1790081179509.txt,Hanover County Tourism #53288,Hanover County Tourism #53288,53288,impression,2026-04-08,2026-12-31,AI SM,40000.0,360000.0,3.5
mcp-Google_Drive-read_file_content-1790081179509.txt,Hanover County Tourism #53288,Hanover County Tourism #53288,53288,impression,2026-04-08,2026-12-31,Online Content SM,50000.0,450000.0,3.5
mcp-Google_Drive-read_file_content-1790081179509.txt,Home-Makers Furniture Mechanicsville #54946,Home-Makers Furniture Mechanicsville #54946,54946,event,2026-08-01,2026-10-31,PMax,2500.0,7500.0,1875.0
mcp-Google_Drive-read_file_content-1790081179509.txt,YMCA Houston #51325,YMCA Houston #51325,51325,click,2025-12-26,2026-01-31,Dynamic PPC,5075.0,5075.0,0.41
mcp-Google_Drive-read_file_content-1790081179509.txt,YMCA Houston #51325,YMCA Houston #51325,51325,click,2025-12-26,2026-01-31,PPC,5075.0,5075.0,
mcp-Google_Drive-read_file_content-1790081179509.txt,DATA - YMCA of Greater St. Petersburg #56031,DATA,56031,click,2026-09-02,,Dynamic PPC,2100.0,2100.0,0.21
mcp-Google_Drive-read_file_content-1790081179509.txt,YMCA Houston #51325,YMCA Houston #51325,51325,click,2025-12-26,2026-01-31,Dynamic PPC,5075.0,5075.0,0.41
mcp-Google_Drive-read_file_content-1790081179509.txt,YMCA Houston #51325,YMCA Houston #51325,51325,click,2025-12-26,2026-01-31,PPC,5075.0,5075.0,
mcp-Google_Drive-read_file_content-1790081179509.txt,YMCA Houston #54863,YMCA Houston #54863,54863,impression,2026-09-01,2026-09-30,AI SM,50000.0,50000.0,3.0
mcp-Google_Drive-read_file_content-1790081179509.txt,YMCA Houston #54863,YMCA Houston #54863,54863,impression,2026-09-01,2026-09-30,Behavioral SM,40000.0,40000.0,3.0
mcp-Google_Drive-read_file_content-1790081179509.txt,YMCA Houston #54863,YMCA Houston #54863,54863,impression,2026-09-01,2026-09-30,Keyword SM,40000.0,40000.0,3.0
mcp-Google_Drive-read_file_content-1790081179509.txt,YMCA Houston #54863,YMCA Houston #54863,54863,impression,2026-09-01,2026-09-30,Retargeting SM,3333.0,3333.0,3.0
mcp-Google_Drive-read_file_content-1790081179509.txt,YMCA Houston - Key Locations #55443 PPC,YMCA Houston,55443,click,2026-09-01,2026-09-30,key locations,,,
mcp-Google_Drive-read_file_content-1790081179509.txt,YMCA Houston - Key Locations #55443 PPC,YMCA Houston,55443,click,2026-09-01,2026-09-30,Dynamic PPC,1225.0,1225.0,0.12
mcp-Google_Drive-read_file_content-1790081179509.txt,YMCA Houston - Key Locations #55443 PPC,YMCA Houston,55443,click,2026-09-01,2026-09-30,PPC,1225.0,1225.0,
mcp-Google_Drive-read_file_content-1790081179509.txt,YMCA of Southwest Florida,YMCA of Southwest Florida,,click,2026-09-08,2026-10-04,Dynamic PPC - Englewood,437.5,437.5,0.05
mcp-Google_Drive-read_file_content-1790081179509.txt,YMCA of Southwest Florida,YMCA of Southwest Florida,,click,2026-09-08,2026-10-04,PPC - Englewood,437.5,437.5,
mcp-Google_Drive-read_file_content-1790081179509.txt,YMCA of Southwest Florida,YMCA of Southwest Florida,,click,2026-09-08,2026-10-04,Dynamic PPC - Punta Gorda,437.5,437.5,
mcp-Google_Drive-read_file_content-1790081179509.txt,YMCA of Southwest Florida,YMCA of Southwest Florida,,click,2026-09-08,2026-10-04,PPC - Punta Gorda,437.5,437.5,
mcp-Google_Drive-read_file_content-1790081179509.txt,Jennifer's Auto Sales and Service,Jennifer's Auto Sales and Service,,impression,2026-05-01,2026-10-31,MC - Geo-Retargeting,100000.0,600000.0,3.5
mcp-Google_Drive-read_file_content-1790081179509.txt,Jennifer's Auto Sales and Service,Jennifer's Auto Sales and Service,,impression,2026-05-01,2026-10-31,MC - Geo-Fencing,66666.0,399996.0,3.5
mcp-Google_Drive-read_file_content-1790081179509.txt,Jennifer's Auto Sales and Service,Jennifer's Auto Sales and Service,,impression,2026-05-01,2026-10-31,MC - Category,100000.0,600000.0,3.5
mcp-Google_Drive-read_file_content-1790081179509.txt,Jennifer's Auto Sales and Service,Jennifer's Auto Sales and Service,,impression,2026-05-01,2026-10-31,x,,,
mcp-Google_Drive-read_file_content-1790081179509.txt,Niles Canyon Post Acute,Niles Canyon Post Acute,,impression,2026-06-03,2026-10-31,MC - Geo-Retargeting,50000.0,250000.0,3.5
mcp-Google_Drive-read_file_content-1790081179509.txt,Niles Canyon Post Acute,Niles Canyon Post Acute,,impression,2026-06-03,2026-10-31,MC - Geo-Fencing,50000.0,250000.0,3.5
mcp-Google_Drive-read_file_content-1790081179509.txt,Niles Canyon Post Acute,Niles Canyon Post Acute,,impression,2026-06-03,2026-10-31,x,,,
mcp-Google_Drive-read_file_content-1790081179509.txt,Quartz Hill Post Acute,Quartz Hill Post Acute,,impression,2026-05-05,2026-08-31,MC - Geo-Retargeting,50000.0,300000.0,3.5
mcp-Google_Drive-read_file_content-1790081179509.txt,Quartz Hill Post Acute,Quartz Hill Post Acute,,impression,2026-05-05,2026-08-31,MC - Geo-Fencing,50000.0,300000.0,3.5
mcp-Google_Drive-read_file_content-1790081179509.txt,Quartz Hill Post Acute,Quartz Hill Post Acute,,impression,2026-05-05,2026-08-31,x,,,
mcp-Google_Drive-read_file_content-1790081179509.txt,Apple Valley Airshow #54883,Apple Valley Airshow #54883,54883,impression,2026-09-09,2026-10-09,SM - Keywords,50000.0,50000.0,3.0
mcp-Google_Drive-read_file_content-1790081179509.txt,Apple Valley Airshow #54883,Apple Valley Airshow #54883,54883,impression,2026-09-09,2026-10-09,SM - Behaviorial,50000.0,50000.0,3.0
mcp-Google_Drive-read_file_content-1790081179509.txt,Product Air Heating Cooling and Electric,Product Air Heating Cooling and Electric,,impression,2025-07-01,2025-11-30,SM - Retargeting,10000.0,50000.0,1.75
mcp-Google_Drive-read_file_content-1790081179509.txt,Product Air Heating Cooling and Electric,Product Air Heating Cooling and Electric,,impression,2025-07-01,2025-11-30,SM - Keyword,55833.0,279166.0,1.75
mcp-Google_Drive-read_file_content-1790081179509.txt,Product Air Heating Cooling and Electric,Product Air Heating Cooling and Electric,,impression,2025-07-01,2025-11-30,SM - Behavioral,55833.0,279166.0,1.75
mcp-Google_Drive-read_file_content-1790081179509.txt,Credit Union Audit Group #54568,Credit Union Audit Group #54568,54568,click,2026-07-01,2026-09-30,LinkedIn - Retargeting,750.0,2250.0,
mcp-Google_Drive-read_file_content-1790081179509.txt,Credit Union Audit Group #54568,Credit Union Audit Group #54568,54568,click,2026-07-01,2026-09-30,LinkedIn - Categories,1000.0,3000.0,
mcp-Google_Drive-read_file_content-1790081179509.txt,CUVM #55480,CUVM #55480,55480,click,2026-09-08,2026-10-07,LinkedIn - Retargeting,750.0,750.0,
mcp-Google_Drive-read_file_content-1790081179509.txt,CUVM #55480,CUVM #55480,55480,click,2026-09-08,2026-10-07,LinkedIn - Categories,1000.0,1000.0,
mcp-Google_Drive-read_file_content-1790081179509.txt,Industry Mart #39786,Industry Mart #39786,39786,impression,2024-06-25,2024-09-17,FB/IG - Premium,60000.0,180000.0,5.02
mcp-Google_Drive-read_file_content-1790081179509.txt,Putnam Properties #40195,Putnam Properties #40195,40195,impression,2024-07-03,2024-10-02,FB/IG - Retargeting,10000.0,30000.0,5.0
mcp-Google_Drive-read_file_content-1790081179509.txt,Putnam Properties #40195,Putnam Properties #40195,40195,impression,2024-07-03,2024-10-02,FB/IG - Premium,50000.0,150000.0,5.0
mcp-Google_Drive-read_file_content-1790081179509.txt,Tennessee Tech College of Business #40399,Tennessee Tech College of Business #40399,40399,impression,2024-08-01,2024-11-01,FB/IG - Premium,180000.0,540000.0,5.0
mcp-Google_Drive-read_file_content-1790081179509.txt,Watson Chevrolet #40911,Watson Chevrolet #40911,40911,impression,2024-08-16,2024-11-15,FB/IG - Premium,60000.0,180000.0,5.0
mcp-Google_Drive-read_file_content-1790081179509.txt,Pioneer Chevrolet #38696,Pioneer Chevrolet #38696,38696,impression,2024-05-14,2024-12-31,YT - Retargeting,10000.0,80000.0,8.0
mcp-Google_Drive-read_file_content-1790081179509.txt,HOL - Vanderpool Roofing #44170,HOL,44170,impression,2025-02-03,2025-04-30,OA - Beh,10000.0,30000.0,10.0
mcp-Google_Drive-read_file_content-1790081179509.txt,Vanderpool Roofing,Vanderpool Roofing,,click,2025-02-10,2025-04-30,Keyword,1750.0,5250.0,3.85
mcp-Google_Drive-read_file_content-1790081179509.txt,Vanderpool Roofing,Vanderpool Roofing,,click,2025-02-10,2025-04-30,Call,,0.0,3.85
mcp-Google_Drive-read_file_content-1790081179509.txt,Big J Mobile Homes #43603,Big J Mobile Homes #43603,43603,impression,2026-01-07,2026-12-31,GF Video,5000.0,60000.0,6.0
mcp-Google_Drive-read_file_content-1790081179509.txt,Kermit Celebration Days #55727,Kermit Celebration Days #55727,55727,impression,2026-08-20,2026-09-19,D Behavioral,150000.0,150000.0,2.0
mcp-Google_Drive-read_file_content-1790081179509.txt,Kermit Celebration Days #55727,Kermit Celebration Days #55727,55727,impression,2026-08-20,2026-09-19,Audio Behavioral,30000.0,30000.0,12.0
mcp-Google_Drive-read_file_content-1790081179509.txt,St. Thomas Catholic Church #56107,St. Thomas Catholic Church #56107,56107,impression,2026-09-03,2026-10-02,FB Event Response,60000.0,60000.0,8.5
mcp-Google_Drive-read_file_content-1790081179509.txt,Trinity Valley Community College #54648,Trinity Valley Community College #54648,54648,impression,2026-06-15,2026-08-31,SM - Behavioral,58333.0,116666.0,3.0
mcp-Google_Drive-read_file_content-1790081179509.txt,Trinity Valley Community College #54648,Trinity Valley Community College #54648,54648,impression,2026-06-15,2026-08-31,SM - Keyword,58333.0,116666.0,3.0
mcp-Google_Drive-read_file_content-1790081179509.txt,Trinity Valley Community College #54648,Trinity Valley Community College #54648,54648,impression,2026-06-15,2026-08-31,SM - Retargeting,,,
mcp-Google_Drive-read_file_content-1790081179509.txt,INDemand Consulting #54698,INDemand Consulting #54698,54698,impression,2026-07-20,2026-10-20,SM - B2B Behavioral,40000.0,120000.0,3.5
mcp-Google_Drive-read_file_content-1790081179509.txt,INDemand Consulting #54698,INDemand Consulting #54698,54698,impression,2026-07-20,2026-10-20,SM - Keyword,40000.0,120000.0,3.5
mcp-Google_Drive-read_file_content-1790081179509.txt,INDemand Consulting #54698,INDemand Consulting #54698,54698,impression,2026-07-20,2026-10-20,SM - Retargeting,3333.0,9999.0,3.5
mcp-Google_Drive-read_file_content-1790081179509.txt,Progressive Environmental - 136480,Progressive Environmental,,event,2026-09-08,2026-12-08,Performance Max - Renovation/Retargeting,900.0,2700.0,1350.0
mcp-Google_Drive-read_file_content-1790081179509.txt,Rivyn,Rivyn,,impression,2026-08-01,2026-10-31,FB - Retargeting,10000.0,30000.0,5.0
mcp-Google_Drive-read_file_content-1790081179509.txt,Rivyn,Rivyn,,impression,2026-08-01,2026-10-31,FB - Category,80000.0,240000.0,5.0
mcp-Google_Drive-read_file_content-1790081179509.txt,Rivyn,Rivyn,,impression,2026-08-01,2026-10-31,FB - WVID,10000.0,30000.0,5.0
mcp-Google_Drive-read_file_content-1790081179509.txt,Rivyn,Rivyn,,impression,2026-08-01,2026-10-31,x,,,
mcp-Google_Drive-read_file_content-1790081179509.txt,FIVE HORIZONS 6 MARKETS #55326,FIVE HORIZONS 6 MARKETS #55326,55326,impression,2026-09-17,2026-12-31,CTV - Retargeting,,,12.0
mcp-Google_Drive-read_file_content-1790081179509.txt,FIVE HORIZONS 6 MARKETS #55326,FIVE HORIZONS 6 MARKETS #55326,55326,impression,2026-09-17,2026-12-31,CTV - Behavioral,62500.0,250000.0,12.0
mcp-Google_Drive-read_file_content-1790081179509.txt,HINSON COMMUNICATIONS #53452,HINSON COMMUNICATIONS #53452,53452,impression,2026-05-04,2027-04-30,CTV - Retargeting,11905.0,142856.0,12.0
mcp-Google_Drive-read_file_content-1790081179509.txt,HINSON COMMUNICATIONS #53452,HINSON COMMUNICATIONS #53452,53452,impression,2026-05-04,2027-04-30,CTV - Behavioral,11905.0,142856.0,12.5
mcp-Google_Drive-read_file_content-1790081179509.txt,HINSON COMMUNICATIONS #53452,HINSON COMMUNICATIONS #53452,53452,impression,2026-05-04,2027-04-30,CTV - AI,11905.0,142856.0,12.0
mcp-Google_Drive-read_file_content-1790081179509.txt,JW GRANT REALTY #54075,JW GRANT REALTY #54075,54075,impression,2026-08-01,2026-09-30,SM - Retargeting,22222.0,44444.0,3.0
mcp-Google_Drive-read_file_content-1790081179509.txt,JW GRANT REALTY #54075,JW GRANT REALTY #54075,54075,impression,2026-08-01,2026-09-30,SM - Keyword,22222.0,44444.0,3.0
mcp-Google_Drive-read_file_content-1790081179509.txt,JW GRANT REALTY #54075,JW GRANT REALTY #54075,54075,impression,2026-08-01,2026-09-30,SM - Behavioral,22222.0,44444.0,3.0
mcp-Google_Drive-read_file_content-1790081179509.txt,MR. APPLIANCE #54375,MR. APPLIANCE #54375,54375,impression,2026-06-10,2026-08-31,FB/IG - Premium,48000.0,192000.0,5.0
mcp-Google_Drive-read_file_content-1790081179509.txt,SOUTHEASTERN COOLING #51649 - ATD,SOUTHEASTERN COOLING #51649,51649,impression,2026-09-01,2026-09-30,Display - Keyword,33333.0,33333.0,2.5
mcp-Google_Drive-read_file_content-1790081179509.txt,SOUTHEASTERN COOLING #51649 - ATD,SOUTHEASTERN COOLING #51649,51649,impression,2026-09-01,2026-09-30,Display - Retargeting,33333.0,33333.0,2.5
mcp-Google_Drive-read_file_content-1790081179509.txt,SOUTHEASTERN COOLING #51649 - ATD,SOUTHEASTERN COOLING #51649,51649,impression,2026-09-01,2026-09-30,Display - Behavioral,33333.0,33333.0,2.5
mcp-Google_Drive-read_file_content-1790081179509.txt,SOUTHEASTERN COOLING #51649,SOUTHEASTERN COOLING #51649,51649,impression,2026-09-01,2026-09-30,Display - Retargeting,23500.0,23500.0,2.5
mcp-Google_Drive-read_file_content-1790081179509.txt,SOUTHEASTERN COOLING #51649,SOUTHEASTERN COOLING #51649,51649,impression,2026-09-01,2026-09-30,Display - Behavioral,23500.0,23500.0,2.5
mcp-Google_Drive-read_file_content-1790081179509.txt,SOUTHEASTERN COOLING #51649,SOUTHEASTERN COOLING #51649,51649,impression,2026-09-01,2026-09-30,Display - Geo-Fencing,23500.0,23500.0,2.5
mcp-Google_Drive-read_file_content-1790081179509.txt,SOUTHEASTERN COOLING #51649,SOUTHEASTERN COOLING #51649,51649,impression,2026-09-01,2026-09-30,Display - Geo-Retargeting,23500.0,23500.0,2.5
mcp-Google_Drive-read_file_content-1790081179509.txt,SOUTHEASTERN COOLING #51646 - ATD,SOUTHEASTERN COOLING #51646,51646,impression,2026-10-01,2026-12-31,Display - Keyword,33333.0,100000.0,2.5
mcp-Google_Drive-read_file_content-1790081179509.txt,SOUTHEASTERN COOLING #51646 - ATD,SOUTHEASTERN COOLING #51646,51646,impression,2026-10-01,2026-12-31,Display - Retargeting,33333.0,100000.0,2.5
mcp-Google_Drive-read_file_content-1790081179509.txt,SOUTHEASTERN COOLING #51646 - ATD,SOUTHEASTERN COOLING #51646,51646,impression,2026-10-01,2026-12-31,Display - Behavioral,33333.0,100000.0,2.5
mcp-Google_Drive-read_file_content-1790081179509.txt,STANLEY STEEMER - DOTHAN #52493,STANLEY STEEMER,52493,impression,2026-03-10,2026-06-30,MC - Geo-Fencing,20000.0,60000.0,3.5
mcp-Google_Drive-read_file_content-1790081179509.txt,STANLEY STEEMER - DOTHAN #52493,STANLEY STEEMER,52493,impression,2026-03-10,2026-06-30,MC - Geo-Retargeting,20000.0,60000.0,3.5
mcp-Google_Drive-read_file_content-1790081179509.txt,STANLEY STEEMER - DOTHAN #52493,STANLEY STEEMER,52493,impression,2026-03-10,2026-06-30,MC - Address Targeting,20000.0,60000.0,3.5
mcp-Google_Drive-read_file_content-1790081179509.txt,STANLEY STEEMER - DOTHAN #52493,STANLEY STEEMER,52493,impression,2026-03-10,2026-06-30,MC - Address Retargeting,20000.0,60000.0,3.5
mcp-Google_Drive-read_file_content-1790081179509.txt,STANLEY STEEMER - DOTHAN #52493,STANLEY STEEMER,52493,impression,2026-03-10,2026-06-30,MC - Category,20000.0,60000.0,3.5
mcp-Google_Drive-read_file_content-1790081179509.txt,Comanche Nation Casino,Comanche Nation Casino,,impression,2026-09-15,2026-09-25,SM - Behavioral,40000.0,40000.0,4.5
mcp-Google_Drive-read_file_content-1790081179509.txt,Comanche Nation Casino,Comanche Nation Casino,,impression,2026-09-15,2026-09-25,SM - Keyword,40000.0,40000.0,4.5
mcp-Google_Drive-read_file_content-1790081179509.txt,Comanche Nation Casino,Comanche Nation Casino,,impression,2026-09-15,2026-09-25,SM - Retargeting,5000.0,5000.0,4.5
mcp-Google_Drive-read_file_content-1790081179509.txt,Comanche Red River Hotel Casino,Comanche Red River Hotel Casino,,impression,2026-09-15,2026-09-26,SM - Behavioral,75000.0,75000.0,4.5
mcp-Google_Drive-read_file_content-1790081179509.txt,Comanche Red River Hotel Casino,Comanche Red River Hotel Casino,,impression,2026-09-15,2026-09-26,SM - Keyword,20000.0,20000.0,4.5
mcp-Google_Drive-read_file_content-1790081179509.txt,Comanche Red River Hotel Casino,Comanche Red River Hotel Casino,,impression,2026-09-15,2026-09-26,SM - Retargeting,5000.0,5000.0,4.5
mcp-Google_Drive-read_file_content-1790081179509.txt,Findlay Acura,Findlay Acura,,impression,2024-10-18,2025-12-31,ENGLISH,,,
mcp-Google_Drive-read_file_content-1790081179509.txt,Findlay Lincoln,Findlay Lincoln,,impression,2024-06-12,2024-12-31,YT - Beh,37500.0,262500.0,8.41
mcp-Google_Drive-read_file_content-1790081179509.txt,Paragon Casino Resort,Paragon Casino Resort,,impression,2026-09-03,2026-09-30,SM - Behavioral,40000.0,40000.0,4.5
mcp-Google_Drive-read_file_content-1790081179509.txt,Paragon Casino Resort,Paragon Casino Resort,,impression,2026-09-03,2026-09-30,SM - Keyword,40000.0,40000.0,4.5
mcp-Google_Drive-read_file_content-1790081179509.txt,Paragon Casino Resort,Paragon Casino Resort,,impression,2026-09-03,2026-09-30,SM - Retargeting,5000.0,5000.0,4.5
mcp-Google_Drive-read_file_content-1790081179509.txt,Shoshone-Bannock Casino Hotel,Shoshone-Bannock Casino Hotel,,impression,2026-09-03,2026-09-30,SM - Age 21+ AND Casinos/Gambling,42500.0,42500.0,4.5
mcp-Google_Drive-read_file_content-1790081179509.txt,Shoshone-Bannock Casino Hotel,Shoshone-Bannock Casino Hotel,,impression,2026-09-03,2026-09-30,SM - Geo-Fencing,21250.0,21250.0,4.5
mcp-Google_Drive-read_file_content-1790081179509.txt,Shoshone-Bannock Casino Hotel,Shoshone-Bannock Casino Hotel,,impression,2026-09-03,2026-09-30,SM - Retargeting,21250.0,21250.0,4.5
mcp-Google_Drive-read_file_content-1790081179509.txt,The Diamond Store,The Diamond Store,,click,2025-11-20,2026-12-31,TUCSON,,,
mcp-Google_Drive-read_file_content-1790081181902.txt,All Season's Equipment #52420,All Season's Equipment #52420,52420,impression,2026-04-15,2026-10-15,Display - Retargeting,5000.0,30000.0,2.5
mcp-Google_Drive-read_file_content-1790081181902.txt,All Season's Equipment #52420,All Season's Equipment #52420,52420,impression,2026-04-15,2026-10-15,Display - Behavioral,95000.0,570000.0,2.5
mcp-Google_Drive-read_file_content-1790081181902.txt,All Season's Equipment #52420,All Season's Equipment #52420,52420,impression,2026-04-15,2026-10-15,Display - AI,,,
mcp-Google_Drive-read_file_content-1790081181902.txt,Bausch + Lomb Surgical - Storz,Bausch + Lomb Surgical,,impression,2026-02-19,2026-12-31,D - Ret,10696.0,117656.0,2.5
mcp-Google_Drive-read_file_content-1790081181902.txt,Bausch + Lomb Surgical - Storz,Bausch + Lomb Surgical,,impression,2026-02-19,2026-12-31,D - Beh,100000.0,1100000.0,3.0
mcp-Google_Drive-read_file_content-1790081181902.txt,Connected Credit Union #52477,Connected Credit Union #52477,52477,impression,2026-02-13,2026-12-31,Site Retargeting,4000.0,44000.0,2.5
mcp-Google_Drive-read_file_content-1790081181902.txt,Connected Credit Union #52477,Connected Credit Union #52477,52477,impression,2026-02-13,2026-12-31,Bank Services/Checking account Behavioral,48000.0,528000.0,2.5
mcp-Google_Drive-read_file_content-1790081181902.txt,ND paper Rumford Division #55345,ND paper Rumford Division #55345,55345,impression,2026-08-01,2026-09-30,Dis - Behavioral,100000.0,200000.0,2.5
mcp-Google_Drive-read_file_content-1790081181902.txt,Baxter's Grille,Baxter's Grille,,impression,2025-01-01,2025-12-31,Mobile Categories,33333.0,400000.0,3.5
mcp-Google_Drive-read_file_content-1790081181902.txt,College of American Pathologists,College of American Pathologists,,impression,2023-11-20,2024-01-31,SM OTT - B,555556.0,1666667.0,12.0
mcp-Google_Drive-read_file_content-1790081181902.txt,College of American Pathologists,College of American Pathologists,,impression,2024-08-15,2024-10-31,YT - Cat,250000.0,750000.0,8.0
mcp-Google_Drive-read_file_content-1790081181902.txt,Elite Roofing Morgan,Elite Roofing Morgan,,impression,2026-02-18,2026-02-28,Video - KW,6000.0,6000.0,6.0
mcp-Google_Drive-read_file_content-1790081181902.txt,Elite Roofing Morgan,Elite Roofing Morgan,,impression,2026-02-18,2026-02-28,Video - B,12000.0,12000.0,6.0
mcp-Google_Drive-read_file_content-1790081181902.txt,Elite Roofing Morgan,Elite Roofing Morgan,,impression,2026-02-18,2026-02-28,Video - A,22000.0,22000.0,6.0
mcp-Google_Drive-read_file_content-1790081181902.txt,FCSI TAD,FCSI TAD,,impression,2025-12-01,2025-03-31,SM OTT - AI,25000.0,100000.0,14.0
mcp-Google_Drive-read_file_content-1790081181902.txt,FCSI TAD,FCSI TAD,,impression,2025-12-01,2025-03-31,SM OTT - B2B B,28387.0,113548.0,14.0
mcp-Google_Drive-read_file_content-1790081181902.txt,C & W PMAX,C & W PMAX,,event,2026-04-08,2025-12-31,Search Themes,1500.0,10500.0,2625.0
mcp-Google_Drive-read_file_content-1790081181902.txt,Synergy HomeCare #32646,Synergy HomeCare #32646,32646,impression,2023-07-03,2024-01-31,D - Retargeting,10000.0,70000.0,2.0
mcp-Google_Drive-read_file_content-1790081181902.txt,Synergy HomeCare #32646,Synergy HomeCare #32646,32646,impression,2025-01-01,2025-06-30,D - Retargeting,10000.0,60000.0,2.0
mcp-Google_Drive-read_file_content-1790081181902.txt,Synergy HomeCare #32646,Synergy HomeCare #32646,32646,impression,2025-01-01,2025-06-30,D - AI,12000.0,72000.0,2.0
mcp-Google_Drive-read_file_content-1790081181902.txt,Synergy HomeCare #32646,Synergy HomeCare #32646,32646,impression,2025-01-01,2025-06-30,D - Keyword,12000.0,72000.0,2.0
mcp-Google_Drive-read_file_content-1790081181902.txt,Synergy HomeCare #32646,Synergy HomeCare #32646,32646,impression,2025-01-01,2025-06-30,D - Geo-Retargeting,10000.0,60000.0,2.0
mcp-Google_Drive-read_file_content-1790081181902.txt,Synergy HomeCare #32646,Synergy HomeCare #32646,32646,impression,2025-01-01,2025-06-30,D - Geo-Fencing,12000.0,72000.0,2.0
mcp-Google_Drive-read_file_content-1790081181902.txt,Synergy HomeCare Peoria #32605,Synergy HomeCare Peoria #32605,32605,impression,2025-01-01,2025-06-30,MC - Categories,60000.0,360000.0,3.5
mcp-Google_Drive-read_file_content-1790081181902.txt,Synergy HomeCare Peoria #32605,Synergy HomeCare Peoria #32605,32605,impression,2025-01-01,2025-06-30,MC - Geo-Retargeting,30000.0,180000.0,3.5
mcp-Google_Drive-read_file_content-1790081181902.txt,Synergy HomeCare Peoria #32605,Synergy HomeCare Peoria #32605,32605,impression,2025-01-01,2025-06-30,MC - Geo-Fencing,20000.0,120000.0,3.5
mcp-Google_Drive-read_file_content-1790081181902.txt,Synergy HomeCare Columbus Ohio,Synergy HomeCare Columbus Ohio,,impression,2025-01-01,2025-06-30,MC - Categories,60000.0,300000.0,3.5
mcp-Google_Drive-read_file_content-1790081181902.txt,Synergy HomeCare Columbus Ohio,Synergy HomeCare Columbus Ohio,,impression,2025-01-01,2025-06-30,MC - Geo-Retargeting,30000.0,150000.0,3.5
mcp-Google_Drive-read_file_content-1790081181902.txt,Synergy HomeCare Columbus Ohio,Synergy HomeCare Columbus Ohio,,impression,2025-01-01,2025-06-30,MC - Geo-Fencing,20000.0,100000.0,3.5
mcp-Google_Drive-read_file_content-1790081181902.txt,Synergy HomeCare Columbus Ohio,Synergy HomeCare Columbus Ohio,,impression,2025-01-01,2025-06-30,MC - Geo-Fencing Lookalike,50000.0,250000.0,3.5
mcp-Google_Drive-read_file_content-1790081181902.txt,Synergy HomeCare Columbus Ohio,Synergy HomeCare Columbus Ohio,,impression,2025-01-01,2025-06-30,MC - Geo-Fencing West Lookalike,20000.0,100000.0,3.5
mcp-Google_Drive-read_file_content-1790081181902.txt,Synergy HomeCare Columbus Ohio,Synergy HomeCare Columbus Ohio,,impression,2025-01-01,2025-06-30,MC Geo-fening West,10000.0,50000.0,3.5
mcp-Google_Drive-read_file_content-1790081181902.txt,Synergy HomeCare Columbus Ohio,Synergy HomeCare Columbus Ohio,,impression,2025-01-01,2025-06-30,MC- geo-fencing west Geo-Retargeting,10000.0,50000.0,3.5
mcp-Google_Drive-read_file_content-1790081181902.txt,Health Markets #27300,Health Markets #27300,27300,impression,2022-09-09,2022-11-30,Display KW,30000.0,90000.0,2.0
mcp-Google_Drive-read_file_content-1790081181902.txt,Health Markets #27300,Health Markets #27300,27300,impression,2022-09-09,2022-11-30,Display AI Targeting,120000.0,360000.0,2.0
mcp-Google_Drive-read_file_content-1790081181902.txt,Health Markets #27300,Health Markets #27300,27300,impression,2022-09-09,2022-11-30,Behavioral Categories,50000.0,150000.0,2.0
mcp-Google_Drive-read_file_content-1790081181902.txt,Lafayette Laundromat 36562,Lafayette Laundromat 36562,,impression,2024-01-16,2024-12-31,Display B,20000.0,100000.0,2.0
mcp-Google_Drive-read_file_content-1790081181902.txt,Lafayette Laundromat 36562,Lafayette Laundromat 36562,,impression,2024-01-16,2024-12-31,Display AI Targeting,50000.0,250000.0,2.0
mcp-Google_Drive-read_file_content-1790081181902.txt,Lafayette Laundromat 36562,Lafayette Laundromat 36562,,impression,2024-01-16,2024-12-31,Display GF,8333.0,41667.0,2.0
mcp-Google_Drive-read_file_content-1790081181902.txt,Lafayette Laundromat 36562,Lafayette Laundromat 36562,,impression,2024-01-16,2024-12-31,Display GR,5000.0,25000.0,2.0
mcp-Google_Drive-read_file_content-1790081181902.txt,Health Markets #27300,Health Markets #27300,27300,impression,2023-09-09,2023-11-30,MC Categories,133333.0,400000.0,3.5
mcp-Google_Drive-read_file_content-1790081181902.txt,Hermes Service and Sales,Hermes Service and Sales,,impression,2025-01-01,2025-05-31,Display Retargeting,15000.0,75000.0,2.0
mcp-Google_Drive-read_file_content-1790081181902.txt,Hermes Service and Sales,Hermes Service and Sales,,impression,2025-01-01,2025-05-31,Display AI Targeting,33333.0,166667.0,2.0
mcp-Google_Drive-read_file_content-1790081181902.txt,Hermes Service and Sales,Hermes Service and Sales,,impression,2025-01-01,2025-05-31,Display Behavioral Categories,33333.0,166667.0,2.0
mcp-Google_Drive-read_file_content-1790081181902.txt,Hermes Service and Sales,Hermes Service and Sales,,impression,2025-01-01,2025-05-31,Display GF,18333.33,91666.65,2.0
mcp-Google_Drive-read_file_content-1790081181902.txt,Hustedt Jewelers,Hustedt Jewelers,,impression,2023-11-20,2023-12-24,SM OTT - B,12097.0,12097.0,12.0
mcp-Google_Drive-read_file_content-1790081181902.txt,Hustedt Jewelers,Hustedt Jewelers,,impression,2023-11-20,2023-12-24,SM OTT - AI,12097.0,12097.0,12.0
mcp-Google_Drive-read_file_content-1790081181902.txt,Hustedt Jewelers,Hustedt Jewelers,,impression,2023-11-20,2023-12-24,OA - AI,9616.0,9616.0,12.0
mcp-Google_Drive-read_file_content-1790081181902.txt,Hustedt Jewelers,Hustedt Jewelers,,impression,2023-11-20,2023-12-24,OA - B,9616.0,9616.0,12.0
mcp-Google_Drive-read_file_content-1790081181902.txt,Vrooman Mansion #51058 - 120059,Vrooman Mansion #51058,51058,impression,2025-12-01,2025-05-31,CTV - R,3000.0,18000.0,14.0
mcp-Google_Drive-read_file_content-1790081181902.txt,Vrooman Mansion #51058 - 120059,Vrooman Mansion #51058,51058,impression,2025-12-01,2025-05-31,CTV - B,46114.0,276684.0,14.0
mcp-Google_Drive-read_file_content-1790081181902.txt,Sunsational Tans,Sunsational Tans,,impression,2022-01-28,2025-12-31,SM - Retargeting,1000.0,47000.0,2.0
mcp-Google_Drive-read_file_content-1790081181902.txt,Sunsational Tans,Sunsational Tans,,impression,2022-01-28,2025-12-31,SM - Spas/Tanning,49000.0,2303000.0,2.0
mcp-Google_Drive-read_file_content-1790081181902.txt,Sunsational Tans,Sunsational Tans,,impression,2022-01-28,2025-12-31,SM - AI,50000.0,2350000.0,2.0
mcp-Google_Drive-read_file_content-1790081181902.txt,Sunsational Tans,Sunsational Tans,,impression,2022-01-28,2025-12-31,SM - Retargeting,1000.0,47000.0,2.0
mcp-Google_Drive-read_file_content-1790081181902.txt,Sunsational Tans,Sunsational Tans,,impression,2022-01-28,2025-12-31,SM - Spas/Tanning,49000.0,2303000.0,2.0
mcp-Google_Drive-read_file_content-1790081181902.txt,Sunsational Tans,Sunsational Tans,,impression,2022-01-28,2025-12-31,SM - AI,50000.0,2350000.0,2.0
mcp-Google_Drive-read_file_content-1790081181902.txt,Carmi Kiwanis Club #56194,Carmi Kiwanis Club #56194,56194,impression,2026-09-09,2026-10-09,MC - Category,100000.0,100000.0,3.5
mcp-Google_Drive-read_file_content-1790081181902.txt,Clarke & Rush -  OTT+ Pre-Roll #41642,Clarke & Rush,41642,impression,2024-11-22,2024-11-30,OTT Retargeting,15000.0,15000.0,15.0
mcp-Google_Drive-read_file_content-1790081181902.txt,Clarke & Rush -  OTT+ Pre-Roll #41642,Clarke & Rush,41642,impression,2024-11-22,2024-11-30,OTT Custom Audience Match,15000.0,15000.0,15.0
mcp-Google_Drive-read_file_content-1790081181902.txt,Clarke & Rush -  OTT+ Pre-Roll #41642,Clarke & Rush,41642,impression,2024-11-22,2024-11-30,OTT Behavioral,17619.0,17619.0,15.0
mcp-Google_Drive-read_file_content-1790081181902.txt,Clarke & Rush -  OTT+ Pre-Roll #41642,Clarke & Rush,41642,impression,2024-11-22,2024-11-30,VPR Retargeting,30000.0,30000.0,5.0
mcp-Google_Drive-read_file_content-1790081181902.txt,Clarke & Rush -  OTT+ Pre-Roll #41642,Clarke & Rush,41642,impression,2024-11-22,2024-11-30,VPR Custom Audience Match,30000.0,30000.0,5.0
mcp-Google_Drive-read_file_content-1790081181902.txt,Clarke & Rush -  OTT+ Pre-Roll #41642,Clarke & Rush,41642,impression,2024-11-22,2024-11-30,VPR Behavioral,35238.0,35238.0,5.0
mcp-Google_Drive-read_file_content-1790081181902.txt,WWWQ #20781,WWWQ #20781,20781,impression,2021-08-04,2021-08-10,Mobile Conquesting Category,312000.0,312000.0,3.5
mcp-Google_Drive-read_file_content-1790081181902.txt,WWWQ #20781,WWWQ #20781,20781,impression,2021-08-04,2021-08-10,Mobile Conquesting Category,312000.0,312000.0,3.5
mcp-Google_Drive-read_file_content-1790081181902.txt,Ruthie's Cup #56002 - 136114,Ruthie's Cup #56002,56002,impression,2026-09-12,2026-10-12,Geo-Fencing MC Event,15000.0,15000.0,5.0
mcp-Google_Drive-read_file_content-1790081181902.txt,Ruthie's Cup #56002 - 136114,Ruthie's Cup #56002,56002,impression,2026-09-12,2026-10-12,Geo-Retargeting MC Event,5000.0,5000.0,3.5
mcp-Google_Drive-read_file_content-1790081181902.txt,Ruthie's Cup #56002 - 136115,Ruthie's Cup #56002,56002,impression,2026-10-24,2026-11-24,Geo-Fencing MC Event,15000.0,15000.0,5.0
mcp-Google_Drive-read_file_content-1790081181902.txt,Ruthie's Cup #56002 - 136115,Ruthie's Cup #56002,56002,impression,2026-10-24,2026-11-24,Geo-Retargeting MC Event,5000.0,5000.0,3.5
mcp-Google_Drive-read_file_content-1790081181902.txt,Greenfield  Bamboo #48562,Greenfield  Bamboo #48562,48562,impression,2025-08-01,2025-11-30,112118,,,
mcp-Google_Drive-read_file_content-1790081181902.txt,Greenfield  Bamboo #48562,Greenfield  Bamboo #48562,48562,impression,2025-08-01,2025-11-30,SM - Retargeting,55555.0,222221.0,1.75
mcp-Google_Drive-read_file_content-1790081181902.txt,Greenfield  Bamboo #48562,Greenfield  Bamboo #48562,48562,impression,2025-08-01,2025-11-30,SM - Keyword,55555.0,222221.0,1.75
mcp-Google_Drive-read_file_content-1790081181902.txt,Greenfield  Bamboo #48562,Greenfield  Bamboo #48562,48562,impression,2025-08-01,2025-11-30,SM - Behavioral,55555.0,222221.0,1.75
mcp-Google_Drive-read_file_content-1790081181902.txt,TMT - NC Wilson #51316,TMT,51316,impression,2026-01-26,2026-12-31,TikTok - Categories,34000.0,408000.0,5.02
mcp-Google_Drive-read_file_content-1790081181902.txt,TMT - NC Wilson #51316,TMT,51316,impression,2026-01-26,2026-12-31,TikTok - Hashtags,34000.0,408000.0,5.02
mcp-Google_Drive-read_file_content-1790081181902.txt,TM WIL - TMT - GA Wilson #51318,TM WIL,51318,impression,2026-01-26,2026-12-31,TikTok - Categories,24000.0,288000.0,5.32
mcp-Google_Drive-read_file_content-1790081181902.txt,TM WIL - TMT - GA Wilson #51318,TM WIL,51318,impression,2026-01-26,2026-12-31,TikTok - Hashtags,24000.0,288000.0,5.32
mcp-Google_Drive-read_file_content-1790081181902.txt,Kesner Insurance Agency Inc #55968,Kesner Insurance Agency Inc #55968,55968,impression,2026-01-12,2026-12-31,MC - Categories,100000.0,1200000.0,3.5
mcp-Google_Drive-read_file_content-1790081181902.txt,LEE KINSTLE SALES & SERVICE,LEE KINSTLE SALES & SERVICE,,impression,2026-01-12,2026-12-31,MC - Categories,80000.0,960000.0,3.5
mcp-Google_Drive-read_file_content-1790081181902.txt,MERCER COUNTY FAIR #55011,MERCER COUNTY FAIR #55011,55011,impression,2026-07-18,2026-08-19,MC - Categories,122333.0,122333.0,3.5
mcp-Google_Drive-read_file_content-1790081181902.txt,Van Wert County Commissioners #49715,Van Wert County Commissioners #49715,49715,impression,2026-03-04,2026-08-31,Facebook Premium,70000.0,420000.0,4.89
mcp-Google_Drive-read_file_content-1790081181902.txt,Winans Coffee & Chocolate - Central District #54388,Winans Coffee & Chocolate,54388,impression,2026-05-21,2026-09-30,Facebook/Instagram Premium,40000.0,200000.0,4.66
mcp-Google_Drive-read_file_content-1790081181902.txt,Aqua Gold Water Treatment #54189,Aqua Gold Water Treatment #54189,54189,impression,2026-06-01,2026-10-31,non-muncie,,,
mcp-Google_Drive-read_file_content-1790081181902.txt,Aqua Gold Water Treatment #54189,Aqua Gold Water Treatment #54189,54189,impression,2026-06-01,2026-10-31,behaviors,50000.0,300000.0,2.5
mcp-Google_Drive-read_file_content-1790081181902.txt,Beasley Gilkison Law #53062,Beasley Gilkison Law #53062,53062,impression,2026-04-01,2027-03-31,MC - Categories,80000.0,960000.0,3.5
mcp-Google_Drive-read_file_content-1790081181902.txt,Ben Freeman for Judge Circuit Court 5 #56189,Ben Freeman for Judge Circuit Court 5 #56189,56189,impression,2026-09-10,2026-09-30,Video - Behaviors,30000.0,30000.0,7.5
mcp-Google_Drive-read_file_content-1790081181902.txt,Ben Freeman for Judge Circuit Court 5 #56189,Ben Freeman for Judge Circuit Court 5 #56189,56189,impression,2026-09-10,2026-09-30,Video - AI,30000.0,30000.0,7.5
mcp-Google_Drive-read_file_content-1790081181902.txt,Ben Freeman for Judge Circuit Court 5 #56189,Ben Freeman for Judge Circuit Court 5 #56189,56189,impression,2026-09-10,2026-09-30,Video - Retargeting,1666.0,1666.0,7.5
mcp-Google_Drive-read_file_content-1790081181902.txt,Bob's Garage Doors LLC #53315,Bob's Garage Doors LLC #53315,53315,impression,2026-04-01,2026-09-30,Behaviors,45000.0,270000.0,2.5
mcp-Google_Drive-read_file_content-1790081181902.txt,Bob's Garage Doors LLC #53315,Bob's Garage Doors LLC #53315,53315,impression,2026-04-01,2026-09-30,AI,50000.0,300000.0,2.5
mcp-Google_Drive-read_file_content-1790081181902.txt,Bob's Garage Doors LLC #53315,Bob's Garage Doors LLC #53315,53315,impression,2026-04-01,2026-09-30,Retargeting,5000.0,30000.0,2.5
mcp-Google_Drive-read_file_content-1790081181902.txt,Brumond Smith Nursery #51083,Brumond Smith Nursery #51083,51083,impression,2026-03-23,2026-05-31,Meta Categories,50000.0,150000.0,5.0
mcp-Google_Drive-read_file_content-1790081181902.txt,Brumond Smith Nursery #51083,Brumond Smith Nursery #51083,51083,impression,2026-03-23,2026-05-31,Meta Retargeting,10000.0,30000.0,5.0
mcp-Google_Drive-read_file_content-1790081181902.txt,Chicagoland Operators Joint Labor-Management PAC #55841,Chicagoland Operators Joint Labor-Management PAC #55841,55841,impression,2026-09-18,2026-10-02,Video - Behaviors,125000.0,125000.0,7.5
mcp-Google_Drive-read_file_content-1790081181902.txt,Chicagoland Operators Joint Labor-Management PAC #55841,Chicagoland Operators Joint Labor-Management PAC #55841,55841,impression,2026-09-18,2026-10-02,Video - Custom Audience,75000.0,75000.0,7.5
mcp-Google_Drive-read_file_content-1790081181902.txt,Chicagoland Operators Joint Labor-Management PAC #55841,Chicagoland Operators Joint Labor-Management PAC #55841,55841,impression,2026-09-18,2026-10-02,CTV - Behaviors,125000.0,125000.0,13.5
mcp-Google_Drive-read_file_content-1790081181902.txt,Chicagoland Operators Joint Labor-Management PAC #55841,Chicagoland Operators Joint Labor-Management PAC #55841,55841,impression,2026-09-18,2026-10-02,CTV - Custom Audience,53000.0,53000.0,13.5
mcp-Google_Drive-read_file_content-1790081181902.txt,East Central Indiana CASA #51043,East Central Indiana CASA #51043,51043,impression,2026-04-27,2026-10-31,SM - Behaviors,45000.0,270000.0,3.5
mcp-Google_Drive-read_file_content-1790081181902.txt,East Central Indiana CASA #51043,East Central Indiana CASA #51043,51043,impression,2026-04-27,2026-10-31,SM - KW,45000.0,270000.0,3.5
mcp-Google_Drive-read_file_content-1790081181902.txt,East Central Indiana CASA #51043,East Central Indiana CASA #51043,51043,impression,2026-04-27,2026-10-31,SM - Retargeting,10000.0,60000.0,3.5
mcp-Google_Drive-read_file_content-1790081181902.txt,Emens Auditorium #55143,Emens Auditorium #55143,55143,impression,2026-08-19,2026-09-07,Behaviors,50000.0,50000.0,2.5
mcp-Google_Drive-read_file_content-1790081181902.txt,Emens Auditorium #55143,Emens Auditorium #55143,55143,impression,2026-08-19,2026-09-07,AI,60000.0,60000.0,2.5
mcp-Google_Drive-read_file_content-1790081181902.txt,Emens Auditorium #55143,Emens Auditorium #55143,55143,impression,2026-08-19,2026-09-07,Retargeting,10000.0,10000.0,2.5
mcp-Google_Drive-read_file_content-1790081181902.txt,Emens Auditorium #55114,Emens Auditorium #55114,55114,impression,2026-09-01,2026-10-05,CTV - Behaviors,10000.0,10000.0,14.0
mcp-Google_Drive-read_file_content-1790081181902.txt,Emens Auditorium #55114,Emens Auditorium #55114,55114,impression,2026-09-01,2026-10-05,CTV - Content,10000.0,10000.0,14.0
mcp-Google_Drive-read_file_content-1790081181902.txt,Emens Auditorium #55114,Emens Auditorium #55114,55114,impression,2026-09-01,2026-10-05,CTV - Retargeting,5000.0,5000.0,14.0
mcp-Google_Drive-read_file_content-1790081181902.txt,Emens Auditorium #55114,Emens Auditorium #55114,55114,impression,2026-09-01,2026-10-05,TikTok,120000.0,120000.0,3.0
mcp-Google_Drive-read_file_content-1790081181902.txt,First County Federal Credit Union,First County Federal Credit Union,,impression,2026-08-03,2027-03-15,N- R,5000.0,35000.0,2.5
mcp-Google_Drive-read_file_content-1790081181902.txt,First County Federal Credit Union,First County Federal Credit Union,,impression,2026-08-03,2027-03-15,N - B,45000.0,315000.0,2.5
mcp-Google_Drive-read_file_content-1790081181902.txt,First County Federal Credit Union,First County Federal Credit Union,,impression,2026-08-03,2027-03-15,N- GF,1000.0,7000.0,2.5
mcp-Google_Drive-read_file_content-1790081181902.txt,First County Federal Credit Union,First County Federal Credit Union,,impression,2026-08-03,2027-03-15,N - AI,50000.0,350000.0,2.5
mcp-Google_Drive-read_file_content-1790081181902.txt,Friends of Matt Kantz #55981,Friends of Matt Kantz #55981,55981,impression,2026-09-09,2026-09-30,Video - AI,30666.0,30666.0,7.5
mcp-Google_Drive-read_file_content-1790081181902.txt,Friends of Matt Kantz #55981,Friends of Matt Kantz #55981,55981,impression,2026-09-09,2026-09-30,Video - Behaviors,30000.0,30000.0,7.5
mcp-Google_Drive-read_file_content-1790081181902.txt,Friends of Matt Kantz #55981,Friends of Matt Kantz #55981,55981,impression,2026-09-09,2026-09-30,Video - Retargeting,3000.0,3000.0,7.5
mcp-Google_Drive-read_file_content-1790081181902.txt,G and Sons,G and Sons,,impression,2026-06-30,2026-11-30,Meta - Category,70000.0,420000.0,3.5
mcp-Google_Drive-read_file_content-1790081181902.txt,Gregg Ortho #54428,Gregg Ortho #54428,54428,impression,2026-06-29,2026-09-25,Meta - Category,60000.0,180000.0,3.5
mcp-Google_Drive-read_file_content-1790081181902.txt,Holder Bedding #52838,Holder Bedding #52838,52838,impression,2026-03-20,2026-12-31,Meta - Categories,30000.0,300000.0,7.38
mcp-Google_Drive-read_file_content-1790081181902.txt,Ivy Tech Community College Anderson #53816,Ivy Tech Community College Anderson #53816,53816,impression,2026-07-23,2026-08-22,SM CTV - AI,10000.0,10000.0,14.0
mcp-Google_Drive-read_file_content-1790081181902.txt,Ivy Tech Community College Anderson #53816,Ivy Tech Community College Anderson #53816,53816,impression,2026-07-23,2026-08-22,SM CTV - Behaviors,10000.0,10000.0,14.0
mcp-Google_Drive-read_file_content-1790081181902.txt,Jacobs' Family Orchard #55511,Jacobs' Family Orchard #55511,55511,impression,2026-08-04,2026-12-23,Meta - Categories,50000.0,250000.0,5.0
mcp-Google_Drive-read_file_content-1790081181902.txt,Jacobs' Family Orchard #55511,Jacobs' Family Orchard #55511,55511,impression,2026-08-04,2026-12-23,Meta - Retargeting,10000.0,50000.0,5.0
mcp-Google_Drive-read_file_content-1790081181902.txt,Jeff Stanley for Sheriff #55464,Jeff Stanley for Sheriff #55464,55464,impression,2026-08-17,2026-09-15,SMCTV - AI,10000.0,10000.0,14.0
mcp-Google_Drive-read_file_content-1790081181902.txt,Jeff Stanley for Sheriff #55464,Jeff Stanley for Sheriff #55464,55464,impression,2026-08-17,2026-09-15,SMCTV - Behaviors,18333.0,18333.0,14.0
mcp-Google_Drive-read_file_content-1790081181902.txt,Jeff Stanley for Sheriff #55464,Jeff Stanley for Sheriff #55464,55464,impression,2026-08-17,2026-09-15,SMCTV - Retargeting,,,14.0
mcp-Google_Drive-read_file_content-1790081181902.txt,Jeff Stanley for Sheriff #55464,Jeff Stanley for Sheriff #55464,55464,impression,2026-09-15,2026-11-02,Meta - Categories,70000.0,140000.0,5.0
mcp-Google_Drive-read_file_content-1790081181902.txt,Jeff Stanley for Sheriff #55464,Jeff Stanley for Sheriff #55464,55464,impression,2026-09-15,2026-11-02,Meta - Retargeting,10000.0,20000.0,5.0
mcp-Google_Drive-read_file_content-1790081181902.txt,Lowden Jewelers,Lowden Jewelers,,impression,2024-02-05,2024-10-31,FB Premium Retargeting,5000.0,45000.0,5.0
mcp-Google_Drive-read_file_content-1790081181902.txt,Lowden Jewelers,Lowden Jewelers,,impression,2024-02-05,2024-10-31,FB Premium,35000.0,315000.0,5.86
mcp-Google_Drive-read_file_content-1790081181902.txt,Madren Financial #50833,Madren Financial #50833,50833,impression,2026-06-16,2026-12-15,SM - AI,50000.0,300000.0,3.0
mcp-Google_Drive-read_file_content-1790081181902.txt,McGonigal Buick GMC #54926,McGonigal Buick GMC #54926,54926,impression,2026-08-19,2026-07-31,Meta - Categories,35000.0,420000.0,5.0
mcp-Google_Drive-read_file_content-1790081181902.txt,Meridian Health Services #52074,Meridian Health Services #52074,52074,impression,2026-06-16,2026-12-15,MC - Categories,133333.0,799998.0,3.5
mcp-Google_Drive-read_file_content-1790081181902.txt,Newsome's Construction #44607,Newsome's Construction #44607,44607,impression,2026-03-20,2026-09-15,Meta - Categories,60000.0,360000.0,12.28
mcp-Google_Drive-read_file_content-1790081181902.txt,Outpost Catering #54530,Outpost Catering #54530,54530,impression,2026-08-04,2027-01-31,Meta - Categories,50000.0,300000.0,3.22
mcp-Google_Drive-read_file_content-1790081181902.txt,Outpost Catering #54530,Outpost Catering #54530,54530,impression,2026-08-04,2027-01-31,Meta - Retargetoing,10000.0,60000.0,8.07
mcp-Google_Drive-read_file_content-1790081181902.txt,Roo's Holistic Pet Supplies #53324,Roo's Holistic Pet Supplies #53324,53324,impression,2026-04-01,2026-09-30,Meta - Categories,35000.0,210000.0,4.26
mcp-Google_Drive-read_file_content-1790081181902.txt,Roo's Holistic Pet Supplies #53324,Roo's Holistic Pet Supplies #53324,53324,impression,2026-04-01,2026-09-30,Meta - Retargetoing,5000.0,30000.0,4.77
mcp-Google_Drive-read_file_content-1790081181902.txt,Summit Financial Wealth Advisors #42050,Summit Financial Wealth Advisors #42050,42050,impression,2025-11-21,2026-11-15,SM - AI,60000.0,720000.0,3.5
mcp-Google_Drive-read_file_content-1790081181902.txt,Radiant Health,Radiant Health,,impression,2026-08-04,2026-09-30,Behavorial Targeting- Display Ads,110000.0,220000.0,2.5
mcp-Google_Drive-read_file_content-1790081181902.txt,Radiant Health,Radiant Health,,impression,2026-08-04,2026-09-30,AI Targeting- Display Ads,110000.0,220000.0,2.5
mcp-Google_Drive-read_file_content-1790081181902.txt,Radiant Health,Radiant Health,,impression,2026-08-04,2026-09-30,Website Retargeting- Display Ads,5000.0,10000.0,2.5
mcp-Google_Drive-read_file_content-1790081181902.txt,WB MUN - YMCA of Muncie #51948,WB MUN,51948,impression,2026-01-20,2026-03-31,SM CTV - AI,15000.0,45000.0,14.0
mcp-Google_Drive-read_file_content-1790081181902.txt,Grand Home Furnishings - Charlottesville #50225,Grand Home Furnishings,50225,impression,2026-03-01,2026-04-30,Geo-Fencing Mobile - Branding,5000.0,10000.0,3.5
mcp-Google_Drive-read_file_content-1790081181902.txt,Grand Home Furnishings - Charlottesville #50225,Grand Home Furnishings,50225,impression,2026-03-01,2026-04-30,Geo-Retargeting Mobile - Branding,5000.0,10000.0,3.5
mcp-Google_Drive-read_file_content-1790081181902.txt,Grand Home Furnishings - Charlottesville #50225,Grand Home Furnishings,50225,impression,2026-03-01,2026-04-30,Cats Mobile - Branding,10000.0,20000.0,3.5
mcp-Google_Drive-read_file_content-1790081181902.txt,Grand Home Furnishings - Charlottesville #50225,Grand Home Furnishings,50225,impression,2026-03-01,2026-04-30,Site Retargeting Mobile - Branding,6667.0,13334.0,3.5
mcp-Google_Drive-read_file_content-1790081181902.txt,Grand Home Furnishings - Charlottesville #50225 PM,Grand Home Furnishings,50225,event,2026-03-05,2026-04-30,Branding - PMax,300.0,600.0,150.0
mcp-Google_Drive-read_file_content-1790081181902.txt,Grand Home Furnishings - Johnson City #50226,Grand Home Furnishings,50226,impression,2026-03-01,2026-09-30,Geo-Fencing Mobile,30000.0,210000.0,3.5
mcp-Google_Drive-read_file_content-1790081181902.txt,Grand Home Furnishings - Johnson City #50226,Grand Home Furnishings,50226,impression,2026-03-01,2026-09-30,Geo-Retargeting Mobile,30000.0,210000.0,3.5
mcp-Google_Drive-read_file_content-1790081181902.txt,Grand Home Furnishings - Johnson City #50226,Grand Home Furnishings,50226,impression,2026-03-01,2026-09-30,Cats Mobile,60000.0,420000.0,3.5
mcp-Google_Drive-read_file_content-1790081181902.txt,Grand Home Furnishings - Johnson City #50226,Grand Home Furnishings,50226,impression,2026-03-01,2026-09-30,Site Retargeting Mobile,13333.0,93331.0,3.5
mcp-Google_Drive-read_file_content-1790081181902.txt,Grand Home Furnishings - Johnson City #50226 PM,Grand Home Furnishings,50226,event,2026-03-05,2026-04-30,Promotions,,,
mcp-Google_Drive-read_file_content-1790081181902.txt,Grand Home Furnishings - Johnson City #50226 PM,Grand Home Furnishings,50226,event,2026-03-05,2026-04-30,PM - Retargeting/Search Themes/Categories,1200.0,2400.0,600.0
mcp-Google_Drive-read_file_content-1790081181902.txt,Grand Home Furnishings - Martinsville Event Targeting #53379,Grand Home Furnishings,53379,impression,2026-03-28,2026-09-30,Geo-Fencing Event Mobile,601.0,601.0,8.0
mcp-Google_Drive-read_file_content-1790081181902.txt,Grand Home Furnishings - Martinsville Event Targeting #53379,Grand Home Furnishings,53379,impression,2026-03-28,2026-09-30,Geo-Retargeting Event Mobile,79399.0,79399.0,5.0
mcp-Google_Drive-read_file_content-1790081181902.txt,Grand Home Furnishings - Outlet #50519,Grand Home Furnishings,50519,impression,2026-03-03,2026-09-30,FB/IG Premium,70000.0,490000.0,3.5
mcp-Google_Drive-read_file_content-1790081181902.txt,Grand Home Furnishings - Outlet #50519,Grand Home Furnishings,50519,impression,2026-03-03,2026-09-30,FB/IG Premium Retargeting,6000.0,42000.0,3.5
mcp-Google_Drive-read_file_content-1790081181902.txt,Grand Home Furnishings - Roanoke #50223,Grand Home Furnishings,50223,impression,2026-03-01,2026-08-31,Geo-Fencing Mobile,30000.0,180000.0,3.5
mcp-Google_Drive-read_file_content-1790081181902.txt,Grand Home Furnishings - Roanoke #50223,Grand Home Furnishings,50223,impression,2026-03-01,2026-08-31,Geo-Retargeting Mobile,30000.0,180000.0,3.5
mcp-Google_Drive-read_file_content-1790081181902.txt,Grand Home Furnishings - Roanoke #50223,Grand Home Furnishings,50223,impression,2026-03-01,2026-08-31,Cats Mobile,60000.0,360000.0,3.5
mcp-Google_Drive-read_file_content-1790081181902.txt,Grand Home Furnishings - Roanoke #50223,Grand Home Furnishings,50223,impression,2026-03-01,2026-08-31,Site Retargeting Mobile,13333.0,79998.0,3.5
mcp-Google_Drive-read_file_content-1790081181902.txt,Grand Home Furnishings - Roanoke #50223 PM,Grand Home Furnishings,50223,event,2026-03-05,2026-04-30,Promotions,,,
mcp-Google_Drive-read_file_content-1790081181902.txt,Grand Home Furnishings - Roanoke #50223 PM,Grand Home Furnishings,50223,event,2026-03-05,2026-04-30,PM - Retargeting/Search Themes/Categories,2400.0,4800.0,1200.0
mcp-Google_Drive-read_file_content-1790081181902.txt,Grand Home Furnishings - Winchester #50224,Grand Home Furnishings,50224,impression,2026-03-01,2026-08-31,Geo-Fencing Mobile - Promotions,30000.0,180000.0,3.5
mcp-Google_Drive-read_file_content-1790081181902.txt,Grand Home Furnishings - Winchester #50224,Grand Home Furnishings,50224,impression,2026-03-01,2026-08-31,Geo-Retargeting Mobile - Promotions,30000.0,180000.0,3.5
mcp-Google_Drive-read_file_content-1790081181902.txt,Grand Home Furnishings - Winchester #50224,Grand Home Furnishings,50224,impression,2026-03-01,2026-08-31,Cats Mobile - Promotions,60000.0,360000.0,3.5
mcp-Google_Drive-read_file_content-1790081181902.txt,Grand Home Furnishings - Winchester #50224,Grand Home Furnishings,50224,impression,2026-03-01,2026-08-31,Site Retargeting Mobile - Promotions,13333.0,79998.0,3.5
mcp-Google_Drive-read_file_content-1790081181902.txt,Grand Home Furnishings - Winchester #50224 PM,Grand Home Furnishings,50224,event,2026-03-05,2026-04-30,Promotions,,,
mcp-Google_Drive-read_file_content-1790081181902.txt,Grand Home Furnishings - Winchester #50224 PM,Grand Home Furnishings,50224,event,2026-03-05,2026-04-30,PM - Retargeting/Search Themes/Categories,1200.0,2400.0,600.0
mcp-Google_Drive-read_file_content-1790081181902.txt,JCCS - College Recruitment #56168,JCCS,56168,impression,2026-09-14,2026-09-15,Bozeman,,,
mcp-Google_Drive-read_file_content-1790081181902.txt,Roanoke Symphony Orchestra #54814,Roanoke Symphony Orchestra #54814,54814,impression,2026-09-25,2026-10-23,SM - Retargeting,6666.0,6666.0,3.0
mcp-Google_Drive-read_file_content-1790081181902.txt,Roanoke Symphony Orchestra #54814,Roanoke Symphony Orchestra #54814,54814,impression,2026-09-25,2026-10-23,SM - Behavioral,30000.0,30000.0,3.0
mcp-Google_Drive-read_file_content-1790081181902.txt,Roanoke Symphony Orchestra - Masterworks #54816,Roanoke Symphony Orchestra,54816,impression,2026-10-11,2026-11-08,SM - Retargeting,6666.0,6666.0,3.0
mcp-Google_Drive-read_file_content-1790081181902.txt,Roanoke Symphony Orchestra - Masterworks #54816,Roanoke Symphony Orchestra,54816,impression,2026-10-11,2026-11-08,SM - Behavioral,30000.0,30000.0,3.0
mcp-Google_Drive-read_file_content-1790081181902.txt,Rockingham Insurance #52044,Rockingham Insurance #52044,52044,impression,2026-01-23,2026-01-31,SM - Retargeting,4117.0,4117.0,1.5
mcp-Google_Drive-read_file_content-1790081181902.txt,Rockingham Insurance #52044,Rockingham Insurance #52044,52044,impression,2026-01-23,2026-01-31,SM - GF,5000.0,5000.0,1.5
mcp-Google_Drive-read_file_content-1790081181902.txt,Salem Civic Center - Gun & Knife Show #51706,Salem Civic Center,51706,impression,2026-01-06,2026-01-18,CTV - Behavioral,1333.0,1333.0,16.0
mcp-Google_Drive-read_file_content-1790081181902.txt,Salem Civic Center - Star B Q #56275,Salem Civic Center,56275,impression,2026-09-18,2026-10-21,FB - Premium,40000.0,40000.0,3.5
mcp-Google_Drive-read_file_content-1790081181902.txt,Salem Museum - Ghost Walk #55717,Salem Museum,55717,impression,2026-09-01,2026-09-30,FB - Premium,80000.0,80000.0,3.5
mcp-Google_Drive-read_file_content-1790081181902.txt,Salem Museum #55719,Salem Museum #55719,55719,impression,2026-09-01,2026-09-30,Charlottesville,,,
mcp-Google_Drive-read_file_content-1790081181902.txt,Salem Museum #55719,Salem Museum #55719,55719,impression,2026-09-01,2026-09-30,FB - Premium,60000.0,60000.0,3.5
mcp-Google_Drive-read_file_content-1790081181902.txt,Thomas Road Baptist Church - Beast Feast #55263,Thomas Road Baptist Church,55263,impression,2026-09-05,2026-09-25,"Plus 2,304 impressions from previous campaign",,,
mcp-Google_Drive-read_file_content-1790081181902.txt,Thomas Road Baptist Church - Beast Feast #55263,Thomas Road Baptist Church,55263,impression,2026-09-05,2026-09-25,FB - Retargeting,12304.0,12304.0,3.5
mcp-Google_Drive-read_file_content-1790081181902.txt,Thomas Road Baptist Church - Refuel #56100,Thomas Road Baptist Church,56100,impression,2026-09-18,2026-10-18,SM - Retargeting,10000.0,10000.0,3.5
mcp-Google_Drive-read_file_content-1790081181902.txt,Todd's Jewelry #47117,Todd's Jewelry #47117,47117,impression,2026-01-20,2026-02-14,FB - Premium,60000.0,60000.0,3.5
mcp-Google_Drive-read_file_content-1790081181902.txt,United Way of Roanoke Valley #56141,United Way of Roanoke Valley #56141,56141,impression,2026-09-14,2026-09-30,FB - Premium,80000.0,80000.0,3.5
mcp-Google_Drive-read_file_content-1790081181902.txt,UVA Community Credit Union - Membership Drive #54483,UVA Community Credit Union,54483,impression,2026-06-01,2026-10-31,FB - Retargeting,10000.0,50000.0,3.5
mcp-Google_Drive-read_file_content-1790081181902.txt,Virginia Tech - Dining #50729,Virginia Tech,50729,impression,2026-08-19,2026-10-18,FB - Premium,60000.0,120000.0,3.5
mcp-Google_Drive-read_file_content-1790081181902.txt,Visit Virginia's Blue Ridge #55732,Visit Virginia's Blue Ridge #55732,55732,impression,2026-10-15,2026-12-15,SM - Retargeting,66666.0,133332.0,3.0
mcp-Google_Drive-read_file_content-1790081181902.txt,Visit Virginia's Blue Ridge #55732,Visit Virginia's Blue Ridge #55732,55732,impression,2026-10-15,2026-12-15,SM - Retargeting Lookalike,120000.0,240000.0,3.0
mcp-Google_Drive-read_file_content-1790081181902.txt,Visit Virginia's Blue Ridge #55732,Visit Virginia's Blue Ridge #55732,55732,impression,2026-10-15,2026-12-15,SM - KW,120000.0,240000.0,3.0
mcp-Google_Drive-read_file_content-1790081181902.txt,Visit Virginia's Blue Ridge #55732,Visit Virginia's Blue Ridge #55732,55732,impression,2026-10-15,2026-12-15,SM - Content,120000.0,240000.0,3.0
mcp-Google_Drive-read_file_content-1790081181902.txt,Visit Virginia's Blue Ridge #55732,Visit Virginia's Blue Ridge #55732,55732,impression,2026-10-15,2026-12-15,SM - Behavioral,120000.0,240000.0,3.0
mcp-Google_Drive-read_file_content-1790081181902.txt,Visit Virginia's Blue Ridge #55732,Visit Virginia's Blue Ridge #55732,55732,impression,2026-10-15,2026-12-15,SM - AI,120000.0,240000.0,3.0
mcp-Google_Drive-read_file_content-1790081181902.txt,Vivian for Roanoke #56384,Vivian for Roanoke #56384,56384,impression,2026-10-03,2026-10-23,D - Custom Audience,50000.0,50000.0,4.0
mcp-Google_Drive-read_file_content-1790081181902.txt,Wall Residences - CSB Targeting #37409,Wall Residences,37409,impression,2026-01-07,2026-11-30,SM - Retargeting,5000.0,55000.0,3.5
mcp-Google_Drive-read_file_content-1790081181902.txt,Wall Residences - CSB Targeting (SWVA) #52857,Wall Residences,52857,impression,2026-05-07,2026-11-30,SM - Retargeting,4411.0,30877.0,3.5
mcp-Google_Drive-read_file_content-1790081181902.txt,Wall Residences - Provider Recruitment #40156,Wall Residences,40156,impression,2026-01-08,2026-11-30,SM - Retargeting,8235.0,90585.0,3.5
mcp-Google_Drive-read_file_content-1790081181902.txt,YMCA of Virginia's Blue Ridge - Membership #52728,YMCA of Virginia's Blue Ridge,52728,impression,2026-03-01,2026-07-31,MC - Retargeting,10000.0,50000.0,3.5
mcp-Google_Drive-read_file_content-1790081199424.txt,Pamela J. Hunter for Assembly #55658,Pamela J. Hunter for Assembly #55658,55658,impression,2026-09-01,2026-11-03,Dis - Keyword Targeting,50000.0,100000.0,2.5
mcp-Google_Drive-read_file_content-1790081199424.txt,Pamela J. Hunter for Assembly #55658,Pamela J. Hunter for Assembly #55658,55658,impression,2026-09-01,2026-11-03,Dia - Women35+/Democrat/New Voter,50000.0,100000.0,2.5
mcp-Google_Drive-read_file_content-1790081199424.txt,Pamela J. Hunter for Assembly #55658,Pamela J. Hunter for Assembly #55658,55658,impression,2026-09-01,2026-11-03,Dis - Content Targeting,50000.0,100000.0,2.5
mcp-Google_Drive-read_file_content-1790081199424.txt,Pamela J. Hunter for Assembly #55658,Pamela J. Hunter for Assembly #55658,55658,impression,2026-09-01,2026-11-03,Dis - Site Retargeting,20000.0,40000.0,2.5
mcp-Google_Drive-read_file_content-1790081199424.txt,Pamela J. Hunter for Assembly #55658,Pamela J. Hunter for Assembly #55658,55658,impression,2026-09-01,2026-11-03,Dis - Custom Audience Lookalike,20000.0,40000.0,2.5
mcp-Google_Drive-read_file_content-1790081199424.txt,Pamela J. Hunter for Assembly #55658,Pamela J. Hunter for Assembly #55658,55658,impression,2026-09-01,2026-11-03,Dis - Site Retargeting Lookalike,20000.0,40000.0,2.5
mcp-Google_Drive-read_file_content-1790081199424.txt,Five Star Ford Dallas #54255,Five Star Ford Dallas #54255,54255,impression,2026-05-12,2026-09-30,Address Retargeting MC,75000.0,375000.0,3.5
mcp-Google_Drive-read_file_content-1790081199424.txt,Five Star Ford Dallas #54255,Five Star Ford Dallas #54255,54255,impression,2026-05-12,2026-09-30,Address Targeting MC,25000.0,125000.0,3.5
mcp-Google_Drive-read_file_content-1790081199424.txt,Country in the Park - Bonneville Sacramento #56169,Country in the Park,56169,impression,2026-09-18,2026-10-23,Behavioral Amazon CTV,33333.0,33333.0,20.0
mcp-Google_Drive-read_file_content-1790081199424.txt,RPM - Peter Boulware Lexus #55149,RPM,55149,impression,2026-07-20,2026-09-01,Behavioral Amazon CTV,30000.0,60000.0,20.0
mcp-Google_Drive-read_file_content-1790081199424.txt,RPM - Peter Boulware Lexus #55149,RPM,55149,impression,2026-07-20,2026-09-01,Behavioral Amazon VIdeo,15000.0,30000.0,12.0
mcp-Google_Drive-read_file_content-1790081199424.txt,RPM - Peter Boulware Lexus #55149,RPM,55149,impression,2026-07-20,2026-09-01,Retargeting Amazon CTV,5000.0,10000.0,20.0
mcp-Google_Drive-read_file_content-1790081199424.txt,SmartSource #52351,SmartSource #52351,52351,impression,2026-02-09,2026-05-09,Geo-Fencing Event MC,3000.0,9000.0,5.0
mcp-Google_Drive-read_file_content-1790081199424.txt,SmartSource #52351,SmartSource #52351,52351,impression,2026-02-09,2026-05-09,Geo-Retargeting MC,57000.0,171000.0,4.5
mcp-Google_Drive-read_file_content-1790081199424.txt,Woody Folsom CDJR of Baxley #53910,Woody Folsom CDJR of Baxley #53910,53910,impression,2026-04-29,2026-11-30,Geo-Fencing MC,33333.0,266667.0,3.5
mcp-Google_Drive-read_file_content-1790081199424.txt,Woody Folsom CDJR of Baxley #53910,Woody Folsom CDJR of Baxley #53910,53910,impression,2026-04-29,2026-11-30,Geo-Retargeting MC,33333.0,266667.0,3.5
mcp-Google_Drive-read_file_content-1790081199424.txt,Woody Folsom CDJR of Baxley #53910,Woody Folsom CDJR of Baxley #53910,53910,impression,2026-04-29,2026-11-30,Cats MC,33333.0,266667.0,3.5
mcp-Google_Drive-read_file_content-1790081199424.txt,Woody Folsom CDJR of Douglas #53912,Woody Folsom CDJR of Douglas #53912,53912,impression,2026-04-29,2026-11-30,Cats MC,33333.0,266667.0,3.5
mcp-Google_Drive-read_file_content-1790081199424.txt,Woody Folsom CDJR of Douglas #53912,Woody Folsom CDJR of Douglas #53912,53912,impression,2026-04-29,2026-11-30,Geo-Fencing MC,33333.0,266667.0,3.5
mcp-Google_Drive-read_file_content-1790081199424.txt,Woody Folsom CDJR of Douglas #53912,Woody Folsom CDJR of Douglas #53912,53912,impression,2026-04-29,2026-11-30,Geo-Retargeting MC,33333.0,266667.0,3.5
mcp-Google_Drive-read_file_content-1790081199424.txt,Woody Folsom Nissan #53917,Woody Folsom Nissan #53917,53917,impression,2026-04-29,2026-09-30,Geo-Fencing MC,33333.0,200000.0,3.5
mcp-Google_Drive-read_file_content-1790081199424.txt,Woody Folsom Nissan #53917,Woody Folsom Nissan #53917,53917,impression,2026-04-29,2026-09-30,Geo-Retargeting MC,33333.0,200000.0,3.5
mcp-Google_Drive-read_file_content-1790081199424.txt,Woody Folsom Nissan #53917,Woody Folsom Nissan #53917,53917,impression,2026-04-29,2026-09-30,Cats MC,33333.0,200000.0,3.5
mcp-Google_Drive-read_file_content-1790081199424.txt,Greenfield Bamboo #47124,Greenfield Bamboo #47124,47124,impression,2025-06-01,2025-08-31,SM - Behavioral,66667.0,133333.0,2.0
mcp-Google_Drive-read_file_content-1790081199424.txt,Greenfield Bamboo #47124,Greenfield Bamboo #47124,47124,impression,2025-06-01,2025-08-31,SM - Keyword,66667.0,133333.0,2.0
mcp-Google_Drive-read_file_content-1790081199424.txt,Greenfield Bamboo #47124,Greenfield Bamboo #47124,47124,impression,2025-06-01,2025-08-31,SM - Retargeting,33333.0,66667.0,2.0
mcp-Google_Drive-read_file_content-1790081199424.txt,MUK MED - ICPA #55104,MUK MED,55104,impression,2026-07-20,2026-12-31,SM - Behavioral,49022.0,294132.0,3.5
mcp-Google_Drive-read_file_content-1790081199424.txt,MUK MED - ICPA #55104,MUK MED,55104,impression,2026-07-20,2026-12-31,SM - Keyword,49022.0,294132.0,3.0
mcp-Google_Drive-read_file_content-1790081199424.txt,MUK MED - ICPA #55104,MUK MED,55104,impression,2026-07-20,2026-12-31,SM - Retargeting,49022.0,294132.0,3.0
mcp-Google_Drive-read_file_content-1790081199424.txt,Jim Polsgrove For CA State Assembly D31 #51315,Jim Polsgrove For CA State Assembly D31 #51315,51315,impression,2026-09-01,2026-11-03,SM - Behaviors,40000.0,120000.0,4.5
mcp-Google_Drive-read_file_content-1790081199424.txt,Jim Polsgrove For CA State Assembly D31 #51315,Jim Polsgrove For CA State Assembly D31 #51315,51315,impression,2026-09-01,2026-11-03,SM - WVID Feed,21000.0,63000.0,4.5
mcp-Google_Drive-read_file_content-1790081199424.txt,Fiesta Auto Insurance Services - Cali- English,Fiesta Auto Insurance Services,,impression,2026-05-01,2026-11-30,MC Geo-Fencing,30000.0,210000.0,3.5
mcp-Google_Drive-read_file_content-1790081199424.txt,Fiesta Auto Insurance Services - Cali- English,Fiesta Auto Insurance Services,,impression,2026-05-01,2026-11-30,MC Geo-Retargeting,6666.0,46662.0,3.5
mcp-Google_Drive-read_file_content-1790081199424.txt,Fiesta Auto Insurance Services - Cali- English,Fiesta Auto Insurance Services,,impression,2026-05-01,2026-11-30,MC Categories,30000.0,210000.0,3.5
mcp-Google_Drive-read_file_content-1790081199424.txt,Cole Chevrolet #50682,Cole Chevrolet #50682,50682,impression,2026-01-05,2026-12-31,SM - Retargeting,5000.0,60000.0,3.0
mcp-Google_Drive-read_file_content-1790081199424.txt,"MacKenzie River Pizza, Grill & Pub #54339","MacKenzie River Pizza, Grill & Pub #54339",54339,impression,2026-07-01,2027-06-30,MC - Categories,50000.0,600000.0,3.5
mcp-Google_Drive-read_file_content-1790081199424.txt,Minuteman Services #52286,Minuteman Services #52286,52286,impression,2026-03-10,2026-07-31,FB - Retargeting,10000.0,50000.0,3.5
mcp-Google_Drive-read_file_content-1790081199424.txt,Westbank Sanitation #54825,Westbank Sanitation #54825,54825,impression,2026-08-17,2026-01-31,D - KW,16666.0,99996.0,2.5
mcp-Google_Drive-read_file_content-1790081199424.txt,12754 + 11695 - One SIR #55659,12754 + 11695,55659,impression,2026-08-10,2026-08-14,MC - Geo-Fencing,5000.0,5000.0,3.5
mcp-Google_Drive-read_file_content-1790081199424.txt,12754 + 11695 - One SIR #55659,12754 + 11695,55659,impression,2026-08-10,2026-08-14,MC - Geo-Retargeting,15000.0,15000.0,3.5
mcp-Google_Drive-read_file_content-1790081199424.txt,12754 + 11695 - One SIR #55659,12754 + 11695,55659,impression,2026-08-15,2026-08-22,MC - Geo-Fencing,5000.0,5000.0,3.5
mcp-Google_Drive-read_file_content-1790081199424.txt,12754 + 11695 - One SIR #55659,12754 + 11695,55659,impression,2026-08-15,2026-08-22,MC - Geo-Retargeting,15000.0,15000.0,3.5
mcp-Google_Drive-read_file_content-1790081199424.txt,12754 + 11695 - One SIR #55659,12754 + 11695,55659,impression,2026-08-23,2026-09-23,MC event - Geo-Fencing,3000.0,3000.0,5.0
mcp-Google_Drive-read_file_content-1790081199424.txt,12754 + 11695 - One SIR #55659,12754 + 11695,55659,impression,2026-08-23,2026-09-23,MC event - Geo-Retargeting,9000.0,9000.0,5.0
mcp-Google_Drive-read_file_content-1790081199424.txt,12747 - Pacific SIR #55907,12747,55907,impression,2026-08-24,2026-09-21,SM - Behav,56000.0,56000.0,3.0
mcp-Google_Drive-read_file_content-1790081199424.txt,12747 - Pacific SIR #55907,12747,55907,impression,2026-08-24,2026-09-21,SM - KW,50000.0,50000.0,3.0
mcp-Google_Drive-read_file_content-1790081199424.txt,CB Calabasas - 8941 #51279,CB Calabasas,51279,impression,2025-12-09,2026-11-07,SM - Keyword,33333.0,366667.0,3.0
mcp-Google_Drive-read_file_content-1790081199424.txt,CB Calabasas - 8941 #51279,CB Calabasas,51279,impression,2025-12-09,2026-11-07,SM - Behavioral,33333.0,366667.0,3.0
mcp-Google_Drive-read_file_content-1790081199424.txt,Gibson SIR - 9614 #53550,Gibson SIR,53550,impression,2026-04-03,2027-01-02,CTV - AI,31250.0,281250.0,12.0
mcp-Google_Drive-read_file_content-1790081199424.txt,Gibson SIR - 9614 #53550,Gibson SIR,53550,impression,2026-04-03,2027-01-02,CTV - Behavioral,31250.0,281250.0,12.0
mcp-Google_Drive-read_file_content-1790081199424.txt,Gibson SIR - 9614 #53550,Gibson SIR,53550,impression,2026-04-03,2027-01-02,reach,,,
mcp-Google_Drive-read_file_content-1790081199424.txt,1PRCT Labs #55938,1PRCT Labs #55938,55938,impression,2026-09-17,2026-12-09,Behavioral Display,80000.0,240000.0,3.0
mcp-Google_Drive-read_file_content-1790081199424.txt,1PRCT Labs #55938,1PRCT Labs #55938,55938,impression,2026-09-17,2026-12-09,Retargeting Display,3333.0,9999.0,3.0
mcp-Google_Drive-read_file_content-1790081199424.txt,1PRCT Labs #54704,1PRCT Labs #54704,54704,click,2026-07-27,2026-10-24,PPC,1750.0,5250.0,1.17
mcp-Google_Drive-read_file_content-1790081199424.txt,1PRCT Labs #54704,1PRCT Labs #54704,54704,click,2026-07-27,2026-10-24,Retargeting PPC,,0.0,1.17
mcp-Google_Drive-read_file_content-1790081199424.txt,Lake Martin Lifestyle Management #53881,Lake Martin Lifestyle Management #53881,53881,impression,2026-05-12,2026-09-06,FB - Categories,20000.0,80000.0,3.5
mcp-Google_Drive-read_file_content-1790081199424.txt,Anderson Air Corps,Anderson Air Corps,,impression,2026-09-01,2026-11-30,Behavioral,105000.0,315000.0,2.5
mcp-Google_Drive-read_file_content-1790081199424.txt,Anderson Air Corps,Anderson Air Corps,,impression,2026-09-01,2026-11-30,AI,105000.0,315000.0,2.5
mcp-Google_Drive-read_file_content-1790081199424.txt,Anderson Air Corps,Anderson Air Corps,,impression,2026-09-01,2026-11-30,Retargeting,1000.0,3000.0,2.5
mcp-Google_Drive-read_file_content-1790081199424.txt,Ditch the Ditches #55340,Ditch the Ditches #55340,55340,impression,2026-07-27,2026-09-19,Dis - Behavioral,105000.0,210000.0,2.5
mcp-Google_Drive-read_file_content-1790081199424.txt,Ditch the Ditches #55340,Ditch the Ditches #55340,55340,impression,2026-07-27,2026-09-19,Dis- AI,105000.0,210000.0,2.5
mcp-Google_Drive-read_file_content-1790081199424.txt,Farmington #41373,Farmington #41373,41373,impression,2025-07-11,2025-09-30,YouTube Categories,37500.0,112500.0,3.82
mcp-Google_Drive-read_file_content-1790081199424.txt,Farmington #54763,Farmington #54763,54763,impression,2026-07-30,2026-09-02,MC - Event GF,70000.0,70000.0,5.0
mcp-Google_Drive-read_file_content-1790081199424.txt,Farmington #54763,Farmington #54763,54763,impression,2026-07-30,2026-09-02,MC - Event GR,10000.0,10000.0,5.0
mcp-Google_Drive-read_file_content-1790081199424.txt,Las Vegas Tourism #55258,Las Vegas Tourism #55258,55258,impression,2026-07-20,2026-09-30,SM - Behaviors,77782.0,233346.0,2.5
mcp-Google_Drive-read_file_content-1790081199424.txt,Las Vegas Tourism #55258,Las Vegas Tourism #55258,55258,impression,2026-07-20,2026-09-30,SM - AI,77782.0,233346.0,2.5
mcp-Google_Drive-read_file_content-1790081199424.txt,Santa Fe County #55286,Santa Fe County #55286,55286,impression,2026-07-20,2026-10-31,SM - Behaviors,33333.0,133333.0,3.0
mcp-Google_Drive-read_file_content-1790081199424.txt,Santa Fe County #55286,Santa Fe County #55286,55286,impression,2026-07-20,2026-10-31,SM - AI,33333.0,133333.0,3.0
mcp-Google_Drive-read_file_content-1790081199424.txt,Santa Fe County #55286,Santa Fe County #55286,55286,impression,2026-07-20,2026-10-31,SM - Retargeting,33333.0,133333.0,3.0
mcp-Google_Drive-read_file_content-1790081199424.txt,SUN - T or C #56030,SUN,56030,impression,2026-09-01,2026-11-29,Behaviors,140000.0,420000.0,2.5
mcp-Google_Drive-read_file_content-1790081199424.txt,SUN - T or C #56030,SUN,56030,impression,2026-09-01,2026-11-29,AI,140000.0,420000.0,2.5
mcp-Google_Drive-read_file_content-1790081199424.txt,Qwick Key #29192,Qwick Key #29192,29192,click,2023-01-25,2023-04-30,PPC Responsive,2125.0,6375.0,0.0
mcp-Google_Drive-read_file_content-1790081199424.txt,Hayley Sue Music #54786,Hayley Sue Music #54786,54786,impression,2026-08-03,2026-10-15,Layered,,,
mcp-Google_Drive-read_file_content-1790081199424.txt,Hayley Sue Music #54786,Hayley Sue Music #54786,54786,impression,2026-08-03,2026-10-15,SM - Retargeting,26470.0,79410.0,3.5
mcp-Google_Drive-read_file_content-1790081199424.txt,Ahern ACT,Ahern ACT,,impression,2016-01-06,2026-01-31,SM - Retargeting,1000.0,1000.0,3.0
